#1|lemma	count
ⲡ	43506
ⲛ	39363
ⲛⲧⲟϥ	19411
ⲛⲧⲟⲟⲩ	15251
ⲁ	14616
ⲁⲩⲱ	12030
ⲉ	11752
ⲛⲁ	10945
ⲟⲩ	10776
ϩⲛ	10070
ⲉⲧⲉⲣⲉ	9350
ⲁⲛⲟⲕ	7542
ⲉⲣⲉ	7260
ⲛⲧⲟⲕ	6419
ⲉⲃⲟⲗ	5930
ⲛⲧⲟⲥ	5500
ϫⲉ	5437
ⲙⲛ	5434
ⲡⲉϥ	4499
ϫⲟⲉⲓⲥ	4430
ⲛⲧⲉ	4012
ⲇⲉ	3458
ⲡⲉ	3403
ⲡⲉⲕ	3314
ⲡⲁ	3171
ⲉⲓⲣⲉ	2764
ⲛⲧⲱⲧⲛ	2597
ϩⲉ	2592
ϣⲱⲡⲉ	2308
ⲡⲉⲩ	2284
ⲉϫⲛ	2216
ⲡⲁⲓ	2155
ⲧⲏⲣ	2155
ⲉϩⲣⲁⲓ	2120
ϣⲏⲣⲉ	2092
ⲛⲟⲩⲧⲉ	2077
ϫⲱ	1990
ⲁⲛⲟⲛ	1982
ⲛϭⲓ	1942
ϯ	1781
ⲉⲓ	1739
ⲕⲁϩ	1717
ⲣⲱⲙⲉ	1675
ϩⲟⲟⲩ	1566
ⲁⲛ	1490
ϣⲁϫⲉ	1472
.	1378
ⲡⲉϫⲉ	1361
ⲙⲁ	1347
ⲛⲓⲙ	1337
ϩⲏⲧ	1293
ⲓⲥⲣⲁⲏⲗ	1167
ϫⲓ	1166
ϣⲁ	1151
ⲉϩⲟⲩⲛ	1115
ⲣⲣⲟ	1086
ⲡⲉⲓ	1038
ϩⲓ	1037
ⲛⲥⲁ	1021
ⲕⲱ	1018
ⲃⲱⲕ	1016
ⲗⲁⲟⲥ	1015
ⲛⲉⲣⲉ	1004
ⲧⲣⲉ	1001
ⲅⲁⲣ	942
ⲙⲡⲉ	916
ⲉⲧⲃⲉ	895
ⲥⲱⲧⲙ	881
ⲡⲉⲧⲛ	844
ⲛⲁⲩ	833
ⲏⲓ	819
ϣⲁⲣⲉ	812
ⲙⲧⲟ	752
ⲙⲙⲁⲩ	748
ⲡⲟⲗⲓⲥ	728
ϭⲓϫ	715
ⲇⲁⲩⲉⲓⲇ	707
ϩⲓϫⲛ	681
ⲡⲉⲥ	677
ϩⲁ	674
ⲟⲩⲱϩ	665
ⲙⲟⲩ	644
ⲡⲉⲛ	622
ⲕⲁⲧⲁ	621
ϩⲓⲏ	620
ⲙⲡⲣ	620
ϩⲱⲃ	612
ⲟⲩⲁ	610
ⲕⲉ	604
ϩⲙϩⲁⲗ	604
ⲉⲓⲥ	592
ⲧⲙ	566
ⲙⲟⲟϣⲉ	545
ⲉⲓⲱⲧ	538
ⲯⲩⲭⲏ	538
ⲟⲩⲱⲙ	533
ⲥϩⲓⲙⲉ	520
ⲛⲟϭ	507
ⲣⲁⲛ	491
ϫⲓⲥⲉ	487
ⲧⲁⲕⲟ	481
ⲡⲟⲩ	480
ⲛⲛⲉ	477
ϥⲓ	473
ⲉⲓⲛⲉ	468
ⲉⲛⲉϩ	467
ⲧⲱⲟⲩⲛ	463
ⲥⲙⲟⲩ	461
ϭⲟⲙ	458
ⲏ	443
ϫⲓⲛ	439
ⲙⲁⲣⲉ	433
ⲱⲛϩ	431
ϩⲣⲁⲓ	422
ϩⲉⲑⲛⲟⲥ	422
ⲙⲉ	419
ⲉⲧⲛ	413
ⲕⲧⲟ	413
ⲙⲱⲩⲥⲏⲥ	412
ϩⲱⲛ	409
ⲡⲱⲧ	408
ⲥⲟⲟⲩⲛ	405
ⲉⲣⲁⲧ	400
ⲡⲓ	389
ⲧⲟⲟⲩ	389
ϭⲉ	388
ⲟⲩⲇⲉ	387
ⲟⲩⲛ	386
ⲙⲉⲉⲩⲉ	374
ϩⲏⲏⲧⲉ	373
ⲥⲁⲟⲩⲗ	372
UNKNOWN	361
ⲛⲧⲟ	360
ⲉⲓⲙⲉ	355
ⲟⲩⲟⲡ	354
ⲧⲉⲛⲟⲩ	352
ⲙⲏⲧⲉ	351
ⲕⲏⲙⲉ	350
ⲉⲣⲉ_ⲛⲧⲟⲕ	348
ⲛⲟⲃⲉ	345
ϣⲓⲛⲉ	344
ϩⲏ	343
ⲃⲁⲗ	330
ⲗⲁⲁⲩ	324
ϩⲓⲧⲛ	320
ⲉⲟⲟⲩ	316
ⲥⲛⲁⲩ	315
ⲟⲩⲱϣ	314
ⲙⲟⲩⲧⲉ	312
ⲉⲣⲉ_ⲛⲧⲟϥ	309
ⲙⲟⲟⲩ	305
ⲟⲩⲟⲉⲓϣ	304
ϩⲁⲡ	304
ϣⲉⲉⲣⲉ	304
ⲛⲟⲩϫⲉ	298
ⲟⲛ	298
ⲕⲱⲧⲉ	298
ⲥⲟⲛ	295
ϩⲟ	294
ϩⲁⲣⲉϩ	293
ⲧⲁⲙⲓⲟ	289
ⲕⲱⲧ	283
ϫⲁϫⲉ	276
ⲁⲗⲗⲁ	275
ⲥⲟⲟⲩⲧⲛ	271
ⲣⲁⲧ	269
ϫⲟⲟⲩ	268
ⲱϩⲉ	265
ϩⲱⲱ	264
ⲱϣ	263
ⲉⲙⲁⲧⲉ	261
ϩⲣⲟⲟⲩ	261
ⲉϣⲱⲡⲉ	259
ⲧⲁϩⲟ	258
ⲛⲧⲉⲣⲉ	257
ϩⲙⲟⲟⲥ	257
ⲟⲩⲟⲛ	256
ⲣⲟ	253
ⲟⲩϫⲁⲓ	248
ϩⲟⲧⲉ	248
ϭⲱⲛⲧ	244
ⲙⲟⲩϩ	238
ⲟⲩⲱⲛϩ	237
ϣⲉ	234
ⲛⲧⲛ	227
ⲇⲓⲕⲁⲓⲟⲥ	227
ⲇⲓⲕⲁⲓⲟⲥⲩⲛⲏ	221
ⲣⲟⲙⲡⲉ	217
ⲥⲱϣⲉ	217
ⲙⲏ	213
ⲓⲟⲩⲇⲁ	212
ⲡⲉⲑⲟⲟⲩ	209
ⲁⲣⲭⲱⲛ	208
ϣⲁⲛⲧⲉ	207
ⲙⲛⲛⲥⲁ	203
ⲧⲁϫⲣⲟ	202
ⲉⲣⲉ_ⲛⲧⲟⲟⲩ	202
ⲣϩⲟⲧⲉ	202
ⲑⲃⲃⲓⲟ	200
ⲁⲥⲉⲃⲏⲥ	198
ϭⲱϣⲧ	197
ⲓⲁⲕⲱⲃ	196
ⲓⲏⲥⲟⲩⲥ	196
ⲥⲏϥⲉ	195
ⲥⲱⲟⲩϩ	194
ⲧⲁⲡⲣⲟ	194
ⲛⲧⲉ_ⲁⲛⲟⲕ	194
ϫⲡⲟ	194
ⲁⲗⲗⲟⲫⲩⲗⲟⲥ	193
ϫⲱⲱⲣⲉ	192
ⲟⲩⲏⲏⲃ	191
ⲁⲡⲉ	191
ⲥⲁ	189
ⲛⲁⲛⲟⲩ	188
ⲉϩⲉ	188
ⲙⲉⲣⲉ	188
ⲱⲡ	187
ⲟⲣⲅⲏ	187
ϫⲉⲕⲁⲁⲥ	185
ⲥⲱⲧⲡ	183
ϣⲟⲣⲡ	182
ⲛⲟⲩϩⲙ	181
ϫⲱⲕ	181
ⲥⲟⲡ	181
ϩⲱⲡ	180
ⲙⲏⲏϣⲉ	178
ⲑⲁⲗⲁⲥⲥⲁ	177
ⲧⲃⲃⲟ	177
ⲛⲛⲁϩⲣⲛ	176
ⲥⲛⲟϥ	176
ϣⲟϫⲛⲉ	176
ϭⲓⲛⲉ	175
ⲫⲁⲣⲁⲱ	174
ⲇⲓⲁⲑⲏⲕⲏ	173
ⲟⲉⲓⲕ	173
ϩⲓⲉⲣⲟⲩⲥⲁⲗⲏⲙ	172
ⲉⲥⲏⲧ	169
ⲡⲛⲉⲩⲙⲁ	168
ⲉⲣϣⲁⲛ	166
ⲙⲟⲩⲟⲩⲧ	166
ⲥⲱ	166
ϭⲱ	164
ϣⲧⲟⲣⲧⲣ	164
ⲉⲣϣⲁⲛ_ⲛⲧⲟⲕ	162
ⲧⲁⲙⲟ	162
ⲱⲛⲉ	161
ϫⲁⲉⲓⲉ	161
ⲱⲃϣ	160
ⲉⲥⲟⲟⲩ	159
ⲕⲟⲩⲓ	159
ⲥⲟⲫⲓⲁ	157
ⲉⲩⲫⲣⲁⲛⲉ	157
ⲟⲩⲉ	156
ϣⲱⲡ	153
ⲟⲩⲉⲣⲏⲧⲉ	153
ⲉϩⲟⲩⲉ	152
ⲑⲩⲥⲓⲁ	151
ⲛⲟⲙⲟⲥ	151
ϥⲱⲧⲉ	151
ϩⲓⲥⲉ	150
ⲛⲟⲩⲃ	150
ⲙⲓϣⲉ	149
ⲁⲛⲟⲙⲓⲁ	149
ϫⲓⲛϭⲟⲛⲥ	148
ϣⲏⲙ	148
ⲃⲱⲗ	148
ϩⲏⲕⲉ	148
ⲥϩⲁⲓ	148
ⲁⲧϩⲏⲧ	147
ⲉⲓⲣⲏⲛⲏ	147
ⲧⲟϣ	147
ⲙⲟⲥⲧⲉ	146
ⲥⲙⲓⲛⲉ	146
ⲉⲣϣⲁⲛ_ⲛⲧⲟϥ	146
ⲱϫⲛ	146
ϣⲁϩⲣⲁⲓ	146
ⲁⲅⲁⲑⲟⲛ	145
ⲱ	144
ⲟⲩϣⲏ	144
ⲕⲗⲏⲣⲟⲛⲟⲙⲓⲁ	143
ⲣⲏ	143
ⲕⲱϩⲧ	143
ⲥⲓⲱⲛ	143
ⲁⲙⲁϩⲧⲉ	143
ⲟⲩⲛⲟϥ	142
ⲥⲁϣϥ	142
ⲕⲗⲏⲣⲟⲛⲟⲙⲉⲓ	141
ϩⲁⲧ	141
ⲥⲁⲙⲟⲩⲏⲗ	141
ⲓⲟⲣⲇⲁⲛⲏⲥ	141
ⲧⲁⲟⲩⲟ	140
ⲟⲩⲟⲉⲓⲛ	140
ⲁⲁⲣⲱⲛ	138
ϣ	138
ⲧⲃⲛⲏ	138
ⲁϣ	137
ⲡⲟⲗⲉⲙⲟⲥ	136
ⲡⲁϩⲟⲩ	136
ⲣⲉϥⲣⲛⲟⲃⲉ	135
ϣⲡⲏⲣⲉ	135
ⲙⲁⲁϫⲉ	134
ⲥⲙⲏ	134
ⲟⲩⲟⲓ	134
ⲉⲣⲉ_ⲛⲧⲱⲧⲛ	131
ⲛⲁϣⲉ	130
ⲫⲩⲗⲏ	130
ⲥⲡⲉⲣⲙⲁ	129
ⲏⲣⲡ	129
ⲉⲛⲧⲟⲗⲏ	128
ⲥⲃⲱ	128
ⲉϣϫⲉ	127
ⲙⲧⲟⲛ	127
ⲥⲁⲃⲉ	127
ϩⲧⲟⲟⲩⲉ	127
ⲥⲡⲟⲧⲟⲩ	126
ϣⲃⲏⲣ	126
ϣⲓⲡⲉ	125
ⲙⲁⲁⲩ	125
ⲟⲩⲱⲧ	125
ϣⲏⲛ	124
ⲧⲱⲣⲉ	124
ⲃⲟⲗ	122
ϫⲱϩⲙ	121
ⲡⲱϩⲧ	121
ⲙⲁⲥⲉ	121
ⲟⲩⲱ	120
ϣⲙϣⲉ	120
ⲧⲁⲗⲟ	120
ⲁϥ	119
ⲧⲱϣ	119
ϩⲟⲩⲟ	118
ⲗⲁⲥ	117
:	116
ⲟⲩⲱⲛ	116
ϩⲓⲧⲟⲩⲛ	116
ⲃⲱ	115
ϭⲙϭⲟⲙ	115
ϣⲗⲏⲗ	114
ϫⲟ	113
ⲓⲱⲁⲃ	113
ⲡⲩⲗⲏ	113
ϩⲟⲉⲓⲧⲉ	113
ϣⲓ	112
ϩⲁϩ	112
ⲛⲕⲟⲧⲕ	111
ⲟⲩⲱϣⲃ	111
ⲟⲩⲛⲁⲙ	111
ⲣⲱⲕϩ	111
ϣⲟ	110
ⲥⲁⲣⲝ	110
ⲕⲣⲓⲛⲉ	109
ⲥⲁϩⲟⲩ	109
ϣⲟⲩⲟ	109
ⲕⲓⲙ	108
ⲙⲛⲧⲣⲉ	107
ⲓⲱⲛⲁⲑⲁⲛ	107
ⲣⲛⲟⲃⲉ	106
ⲧⲱⲱⲃⲉ	106
ⲛϣⲟⲧ	106
ⲧⲱⲛ	105
ⲙⲁⲉⲓⲛ	104
ⲧⲁⲉⲓⲟ	104
ⲧⲟⲩϫⲟ	104
ⲛⲟϭⲛⲉϭ	104
ϣⲱⲱⲧ	104
ⲧⲉⲗⲏⲗ	103
ϭⲟⲛⲥ	103
ⲥⲟⲫⲟⲥ	102
ⲣⲓⲙⲉ	102
ⲙⲡⲣⲧⲣⲉ	101
ⲡⲁⲣⲉⲙⲃⲟⲗⲏ	101
ϣⲙⲙⲟ	101
ⲁⲅⲅⲉⲗⲟⲥ	100
ⲉⲛⲉ	100
ⲥⲟⲃⲧⲉ	99
ⲕⲁⲕⲉ	99
ⲡⲁⲧⲁⲥⲥⲉⲓ	98
ⲟⲩⲱϣⲧ	97
ⲡⲣⲟⲫⲏⲧⲏⲥ	97
ϣⲱⲣⲡ	97
ⲥⲕⲏⲛⲏ	96
ⲑⲩⲥⲓⲁⲥⲧⲏⲣⲓⲟⲛ	96
ϣⲱϫⲡ	96
ⲃⲁⲃⲩⲗⲱⲛ	95
ⲙⲕⲁϩ	94
ⲛϣⲏⲣⲉ	94
ⲉⲗⲟⲟⲗⲉ	93
ⲥⲱϣ	93
ⲣⲁϣⲉ	93
ⲛⲁϩⲧⲉ	91
ⲕⲗⲏⲣⲟⲥ	91
ⲯⲁⲗⲙⲟⲥ	90
ⲣⲙⲛⲕⲏⲙⲉ	90
ⲡⲱϩ	90
ⲧⲥⲁⲃⲟ	89
ϣⲟⲙⲛⲧ	89
ⲑⲗⲓⲯⲓⲥ	87
ⲥⲩⲛⲁⲅⲱⲅⲏ	87
ⲣⲱϩⲧ	87
ⲛⲁϩⲣⲛ	85
ⲥⲟⲟϩⲉ	85
ϫⲡⲓⲟ	85
ϫⲱⲱⲙⲉ	85
ⲉⲣⲏⲙⲟⲥ	84
ⲙⲁⲩⲁⲁ	84
ⲡⲉⲧⲣⲁ	84
ⲧⲱⲱϭⲉ	84
ⲉⲃⲟⲧ	84
ⲉⲣϣⲁⲛ_ⲛⲧⲟⲟⲩ	83
ⲙⲡⲁⲧⲉ	82
ⲟⲩⲱϣϥ	82
ϭⲉⲡⲏ	82
ⲇⲓⲕⲁⲓⲱⲙⲁ	82
ϭⲱⲗⲡ	81
ϫⲣⲟ	80
ⲱⲣⲕ	80
ⲃⲟⲧⲉ	80
ⲥⲁⲧⲉ	80
ⲕⲗⲟⲟⲗⲉ	79
ϩⲁⲏ	79
ⲥⲱⲙⲁ	79
ϫⲓⲟⲟⲣ	79
ⲕⲁⲣⲡⲟⲥ	78
ⲧⲛⲛⲟⲟⲩ	77
ϫⲱⲙ	77
ⲥⲟⲡⲥ	77
ⲗⲟ	76
ⲟⲩⲃⲉ	76
ⲙⲛⲧⲣⲙⲛϩⲏⲧ	75
ϩⲱⲃⲥ	75
ϩⲱⲧⲃ	75
ⲁϩⲟ	74
ⲉⲣⲏⲩ	74
ⲓⲉⲣⲟ	74
ⲕⲙⲧⲟ	74
ϩⲉⲗⲡⲓⲥ	74
ⲕⲣⲟϥ	73
ⲙⲟⲩⲣ	73
ϭⲉⲣⲱⲃ	73
ⲕⲁⲕⲓⲁ	72
ⲇⲓⲁⲯⲁⲗⲙⲁ	72
ⲡⲱϣ	72
ⲣⲓⲕⲉ	72
ⲥⲱⲃⲉ	72
ⲁⲙⲛⲧⲉ	71
ⲙⲓⲥⲉ	71
ⲡⲉⲧϣⲟⲩⲉⲓⲧ	70
ⲁⲃⲣⲁϩⲁⲙ	70
ϩⲁⲧⲛ	70
ⲥⲙⲟⲧ	70
ⲙⲛⲧⲣⲙⲙⲁⲟ	70
ⲧⲁⲗϭⲟ	69
ⲙⲁⲛⲁⲥⲥⲏ	69
ⲉⲧⲓ	69
ⲙⲟⲩⲓ	69
ⲡⲱⲣϫ	69
ⲧⲁⲣⲉ	69
ϩⲓⲉⲣⲉⲩⲥ	69
ⲅⲁⲗⲁⲁⲇ	68
ⲑⲗⲓⲃⲉ	68
ⲥⲟⲟⲧⲉ	68
ⲛⲉϩ	68
ⲁⲣⲭⲏ	68
ⲧⲁϣⲟ	68
ϩⲁⲉⲓⲃⲉⲥ	68
ⲙⲉⲣⲓⲥ	67
ⲱⲧⲡ	67
ⲁⲃⲏⲥⲁⲗⲱⲙ	67
ⲁϣⲁⲉⲓ	67
ⲙⲟⲟⲛⲉ	66
ⲉⲫⲣⲁⲓⲙ	66
ⲉⲣⲉ_ⲁⲛⲟⲕ	66
ϣⲓⲧⲉ	66
ⲣϩⲱⲃ	66
ⲃⲣⲣⲉ	66
ⲙⲱⲁⲃ	66
ⲧⲟⲧⲉ	66
ⲥⲉⲉⲡⲉ	65
ⲑⲣⲟⲛⲟⲥ	65
ⲙⲛⲧⲣⲣⲟ	65
ϩⲗⲗⲟ	65
ⲡⲉⲧⲛⲁⲛⲟⲩϥ	65
ϩⲁⲗⲏⲧ	65
ⲃⲉⲛⲓⲁⲙⲓⲛ	65
ⲓⲱⲥⲏⲫ	64
ⲧⲟⲩⲛⲟⲥ	64
ⲏⲡⲉ	64
ⲕⲣⲟ	64
ϣⲟⲩϣⲟⲩ	64
ⲙⲏⲡⲟⲧⲉ	63
ϩⲕⲟ	63
ⲥⲱⲕ	63
ⲡⲟⲛⲏⲣⲟⲛ	62
ⲡⲱⲱⲛⲉ	62
ⲣⲟⲩϩⲉ	62
ⲕⲉⲉⲥ	62
ⲅⲉⲛⲉⲁ	61
ⲟⲩⲛⲟⲩ	61
ⲟⲩⲛⲧⲉ	61
ⲧⲱⲙⲛⲧ	61
ⲓⲉⲣⲉⲙⲓⲁⲥ	60
ϣⲱⲗ	60
ⲧⲃⲁ	60
ⲟⲩⲉϩⲥⲁϩⲛⲉ	60
ⲡⲁⲛⲧⲟⲕⲣⲁⲧⲱⲣ	59
ⲕⲁ	59
ⲥⲉⲓ	59
ⲙⲛⲧⲉ	59
ϭⲟⲉⲓⲗⲉ	59
ϥⲧⲟⲟⲩ	59
ϩⲁⲗⲁⲥⲥⲁ	59
ⲉⲣⲉ_ⲛⲧⲟⲥ	58
ⲥⲉ	58
ⲉⲣⲏⲧ	58
ⲥⲟⲃⲧ	58
ⲉⲣϣⲁⲛ_ⲁⲛⲟⲕ	57
ⲱϩⲥ	57
ⲉⲓⲁ	57
ⲥⲱⲧ	57
ⲟⲩⲧⲉ	57
ⲭⲱⲣⲁ	57
ϫⲓϣⲕⲁⲕ	57
ϩⲁⲣⲙⲁ	57
ⲣⲁⲥⲧⲉ	56
ⲁⲓ	56
ⲡⲁϣⲉ	56
ⲉⲣϣⲁⲛ_ⲛⲧⲱⲧⲛ	56
ϣⲟⲣϣⲣ	56
ϩⲓⲟⲩⲉ	56
ⲁⲙⲟⲣⲣⲁⲓⲟⲥ	56
ⲁⲙⲙⲱⲛ	55
ⲙⲟⲩⲕϩ	55
ⲉⲣⲉ_ⲁⲛⲟⲛ	55
ⲧ	55
ϫⲱϩ	55
ⲡⲏⲅⲏ	55
ⲇⲱⲣⲟⲛ	54
ⲙⲟⲩϣⲧ	54
ⲧⲏⲩ	54
ⲧⲱⲕ	54
ϣⲓⲃⲉ	54
ⲁϣⲁⲓ	54
ⲡⲱⲣϣ	54
ⲣⲣⲣⲟ	54
ⲁⲃⲉⲛⲛⲏⲣ	53
ⲙⲱⲟⲩⲥⲏⲥ	53
ⲙⲏⲧ	53
ϫⲟⲉⲓ	53
ϩⲟⲟⲩⲧ	53
ⲁⲛⲟⲙⲟⲥ	53
ⲥⲕⲩⲛⲏ	52
ⲓⲱⲃ	52
ⲱⲇⲏ	52
ϣⲁⲁⲣ	52
ⲡⲗⲏⲛ	52
ⲥⲱⲛⲧ	52
ⲧⲁⲩⲟ	52
ⲗⲓⲃⲁⲛⲟⲥ	52
ⲁⲥⲥⲩⲣⲓⲟⲥ	52
ⲃⲟⲏⲑⲉⲓ	52
ⲛⲟⲩϭⲥ	51
ⲡⲗⲁⲛⲁ	51
ⲣⲙⲙⲁⲟ	51
ⲥⲁⲃⲁⲱⲑ	51
ⲯⲁⲗⲗⲉⲓ	51
ϩⲁⲓ	51
ϭⲟⲗ	51
ϩⲓⲣⲛ	51
ϭⲗⲓⲗ	51
ϩⲱⲧⲡ	50
ϭⲃⲟⲓ	50
ⲁⲛⲁⲓ	50
ⲥⲟⲩⲟ	50
ⲥⲱⲧⲉ	50
ⲣⲟⲉⲓⲥ	49
ϭⲱⲃ	49
ϩⲓⲏⲙ	49
ⲧⲱⲙⲥ	49
ϩⲟⲙⲛⲧ	49
ⲛⲁⲓⲁⲧ	48
ⲡⲉⲧⲟⲩⲁⲁⲃ	48
ⲕⲃⲁ	48
ⲉⲃⲓⲱ	48
ⲥⲱϣϥ	48
ⲭⲁⲛⲁⲛⲁⲓⲟⲥ	48
ϩⲛⲁⲁⲩ	48
ϫⲓⲛϫⲏ	48
ϩⲉⲗⲡⲓⲍⲉ	48
ⲕⲱϩ	47
ⲁⲣⲱⲛ	47
ⲁ_ⲛⲧⲟ	47
ⲡⲟⲛⲏⲣⲓⲁ	46
ⲡⲟⲛⲏⲣⲟⲥ	46
ⲉⲙϩⲓⲧ	46
ⲑⲏⲣⲓⲟⲛ	46
ⲓⲁ	46
ϩⲙⲉ	46
ϩⲣⲉ	46
ϩⲧⲟ	46
ϩⲏⲃⲉ	46
ϫⲛⲟⲩ	46
ϯⲟⲩⲱ	46
ⲡⲁⲣⲁ	46
ⲧⲱⲃϩ	46
ⲭⲏⲣⲁ	46
ⲙⲛⲧⲙⲛⲧⲣⲉ	46
ⲭⲁⲣⲓⲥ	45
ⲭⲉⲃⲣⲱⲛ	45
ⲟϩⲉ	45
ⲛⲕⲁ	45
ⲃⲱⲧⲉ	45
ⲛⲁϩⲃ	45
ⲛⲟⲩϥ	45
ⲡⲣⲉⲥⲃⲩⲧⲉⲣⲟⲥ	45
ϩⲧⲏⲕ	44
ϩⲱⲥⲧⲉ	44
ⲗⲉⲩⲓⲧⲏⲥ	44
ⲣϩⲙϩⲁⲗ	44
ⲟⲩⲣⲟⲧ	43
ϩⲟϥ	43
ϩⲏⲩ	43
ⲕⲁⲓ	43
ⲱⲣϫ	43
ϩⲩⲗⲏ	43
ⲧⲁⲗⲉ	43
ⲧⲱⲣⲡ	43
ⲁⲃⲓⲙⲉⲗⲉⲭ	43
ⲛⲟⲩϩⲉ	42
ⲭⲁⲗⲇⲁⲓⲟⲥ	42
ϩⲣⲟϣ	42
ⲧⲱϩⲥ	42
ⲥⲱⲣⲙ	42
ϫⲓϣⲓⲡⲉ	42
ⲛ_ⲛⲧⲟ	42
ⲓⲥⲁⲁⲕ	41
ⲧⲟⲛⲧⲛ	41
ⲙⲛⲧⲛⲟϭ	41
ⲡⲁⲣⲁⲛⲟⲙⲟⲥ	41
ⲙⲛⲧⲥⲁⲃⲉ	41
ⲉⲓⲱ	41
ⲛⲁϣ	41
ϭⲱⲡⲉ	41
ⲟⲩϭⲥ	41
ⲥⲟⲟⲩ	41
ⲇⲩⲛⲁⲧⲟⲥ	41
ⲙⲛⲧⲛⲁ	40
ⲟⲉⲓⲗⲉ	40
ⲙⲁⲇⲓϩⲁⲙ	40
ϯⲟⲩ	40
ⲁⲗⲉ	40
ⲅⲁⲇ	40
ϣⲱⲛⲉ	40
ⲟⲣⲫⲁⲛⲟⲥ	40
ϩⲣⲟⲩⲃⲏ	40
ϣⲟⲟⲩⲉ	40
ⲥⲁⲃⲃⲁⲧⲟⲛ	40
ⲇⲏⲙⲟⲥ	39
ⲣⲉϥⲙⲓϣⲉ	39
ϣⲏⲓ	39
ⲙⲉⲛ	39
ⲡⲉⲧ	39
ϩⲱⲟⲩ	39
ⲃⲁⲓϣⲓⲛⲉ	39
ϩⲓⲉⲓⲃ	39
ⲁⲙⲁⲗⲏⲕ	39
ⲥⲟ	38
ⲛⲧϥ	38
ϯϩⲧⲏ	38
ϯⲥⲃⲱ	38
ⲡⲣⲟⲫⲏⲧⲉⲩⲉ	38
ⲥⲱⲛⲉ	38
ⲟⲓⲕⲟⲩⲙⲉⲛⲏ	38
ϣⲟⲙⲧⲉ	38
ⲃⲟⲏⲑⲟⲥ	38
ⲙⲟⲕⲙⲉⲕ	37
ϩⲱⲱ_ⲁⲛⲟⲕ	37
ⲁⲩ	37
ⲇⲁⲛ	37
ϭⲱⲣϭ	37
ⲛⲟⲩⲛ	37
ⲉⲍⲉⲕⲓⲁⲥ	37
ϩⲓⲉⲣⲓⲭⲱ	37
ⲧⲁⲛϩⲟⲩⲧ	37
ⲡⲁⲣⲑⲉⲛⲟⲥ	36
ⲁϩⲉ	36
ⲥⲟϭ	36
ϩⲓϩⲏ	36
ⲁⲃⲱⲕ	36
ⲁⲩⲗⲏ	36
ⲃⲉⲕⲉ	36
ⲙⲓⲛⲉ	36
ⲃⲁⲁⲙⲡⲉ	36
ⲭⲁⲛⲁⲁⲛ	35
ⲉϥ	35
ⲧⲛϩ	35
ⲙⲁⲁⲃ	35
ⲡⲓⲧⲉ	35
ⲥⲛⲧⲉ	35
ϣⲉⲗⲉⲉⲧ	35
ϩⲁϩⲧⲛ	35
ϩⲏⲅⲉⲙⲱⲛ	35
ⲁϣⲕⲁⲕ	35
ⲥⲧⲟⲗⲏ	34
ⲥⲁⲙⲯⲱⲛ	34
ⲉⲡⲓⲕⲁⲗⲉⲓ	34
ϫⲓⲙⲟⲉⲓⲧ	34
ϣⲁϩ	34
ϣⲱⲥ	34
ⲱϩⲧ	34
ⲉⲓⲃ	34
ⲧⲱϩ	34
ⲱⲥⲕ	34
ϩⲧⲏϥ	34
ⲁⲣⲏϫ	34
ⲏⲥⲁⲩ	34
ⲕⲗⲟⲙ	34
ⲥⲓϣⲉ	34
ⲟⲩⲁⲁ	34
ⲙⲛⲧⲁⲧϩⲏⲧ	34
ⲙⲉϩⲥⲁϣϥ	34
ϩⲟⲣⲁⲥⲓⲥ	33
ⲉⲛⲕⲟⲧⲕ	33
ⲣⲁⲥⲟⲩ	33
ⲥⲟⲗⲥⲗ	33
ⲙⲉⲗⲉⲧⲁ	33
ⲙⲛⲧⲕⲟⲩⲓ	33
……	33
ⲟⲟϩ	33
ϣⲧⲏⲛ	33
ⲙⲗⲁϩ	33
ⲣⲃⲟⲗ	33
ⲃⲏⲑⲗⲉⲉⲙ	33
ϣⲟⲩϩⲏⲛⲉ	33
ϭⲓⲃⲱⲧⲟⲥ	33
ⲅⲉⲇⲉⲱⲛ	32
ⲉⲣⲱⲧⲉ	32
ⲛⲁϣⲧⲉ	32
ⲧⲁⲛϩⲟ	32
ⲱϥⲉ	32
ⲡⲁϣ	32
ⲧⲣⲁ	32
ⲧⲥⲟ	32
ϩⲁⲧⲏ	32
ⲑⲙⲕⲟ	32
ⲗⲩⲡⲏ	32
ϭⲟⲟⲩⲛⲉ	32
ϩⲁⲣⲁⲧ	32
ϩⲁⲧⲏⲩ	32
ϯⲉⲟⲟⲩ	32
ⲣⲁⲧ_ⲁⲛⲟⲕ	32
ⲃⲟⲏⲑⲓⲁ	32
ⲙⲟⲩⲛⲅ	31
ⲥⲕⲉⲩⲏ	31
ⲕⲣⲓⲧⲏⲥ	31
ϫⲁⲥⲓϩⲏⲧ	31
ⲁⲁⲥ	31
ϭⲱⲧⲡ	31
ⲉⲙⲛⲧ	31
ⲙⲁⲕϩ	31
ⲛⲟⲉⲓ	31
ϣⲁⲃⲟⲗ	31
ϭⲟⲣϭⲥ	31
ⲙⲁⲣⲧⲩⲣⲓⲟⲛ	31
ⲙⲉⲣⲓⲧ	30
ⲛⲁⲁⲕⲉ	30
ⲟⲩⲱⲗⲥ	30
ⲥⲁⲁⲛϣ	30
ⲡⲗⲁⲥⲥⲉ	30
ⲧⲁⲉⲓⲟⲩ	30
ϩⲟⲗⲟⲕⲁⲩⲧⲱⲙⲁ	30
ϣⲏ	30
ⲣⲱ	30
ϩⲁⲉ	30
ⲉⲓⲉ	30
ⲙⲁⲥ	30
ⲛⲟⲩ	30
ⲣⲏⲥ	30
ϭⲗⲟϭ	30
ⲥⲓⲟⲩ	30
ⲁϣⲁϩⲟⲙ	30
ⲙϩⲁⲁⲩ	30
ⲉⲓⲇⲱⲗⲟⲛ	30
ⲁⲓⲧⲉⲓ	29
ⲟⲩⲱϣⲥ	29
ⲥⲧⲩⲗⲟⲥ	29
ⲙⲛⲧⲥⲛⲟⲟⲩⲥ	29
ⲭⲟⲣⲧⲟⲥ	29
ⲁⲗ	29
………	29
ⲙⲁⲛ	29
ϣⲓⲣⲉ	29
ϩⲟⲩⲛ	29
ⲭⲣⲓⲥⲧⲟⲥ	29
ⲉϩⲣⲛ	29
ⲁⲣⲉϩ	29
ⲡⲗⲁⲝ	29
ⲥⲃⲃⲉ	29
ⲥⲡⲓⲣ	29
ⲁⲓⲭⲙⲁⲗⲱⲥⲓⲁ	29
ϩⲃⲟⲩⲣ	29
ⲃⲟⲩⲛⲟⲥ	29
ⲛⲟⲩⲛⲉ	28
ⲓⲉⲥⲥⲁⲓ	28
ⲟⲩⲣⲓⲁⲥ	28
ⲡⲁⲣⲁⲅⲉ	28
ⲉⲣϣⲁⲛ_ⲛⲧⲟⲥ	28
ⲥⲟⲟⲩϩⲥ	28
ⲙⲛⲧϣⲁϥⲧⲉ	28
ⲡⲁⲣⲁⲃⲟⲗⲏ	28
ϯⲥⲟ	28
ⲣⲡⲉ	28
ϩⲗⲟϭ	28
ϩⲧⲏⲩ	28
ⲁϩⲣⲟ	28
ⲙⲣⲣⲉ	28
ⲥⲧⲱⲧ	28
ⲥⲁⲗⲡⲓⲅⲝ	28
ϫⲓⲕⲃⲁ	28
ϭⲱⲱⲙⲉ	28
ⲕⲁⲇⲏⲥ	27
ⲡⲗⲏⲅⲏ	27
ⲡⲗⲩⲅⲏ	27
ⲥⲩⲣⲓⲁ	27
ⲅⲣⲁⲙⲙⲁⲧⲉⲩⲥ	27
ⲡⲁⲧⲣⲓⲁ	27
ⲡⲉⲛⲓⲡⲉ	27
ⲁⲥⲭⲏⲙⲟⲥⲩⲛⲏ	27
ⲁⲓⲥⲑⲏⲥⲓⲥ	27
ⲧⲃⲁⲥⲁⲛ	27
ⲙⲛⲧϩⲏⲕⲉ	27
ⲭⲉⲓⲙⲁⲣⲣⲟⲥ	27
ⲕⲁⲑⲓⲥⲧⲁ	27
ⲡⲣⲟⲥⲏⲗⲩⲧⲟⲥ	27
ϣⲱϥ	27
ⲛⲁϫ	27
ⲧⲁⲡ	27
ϥⲱϭⲉ	27
ϣⲟⲙⲧ	27
ϩⲙⲟⲧ	27
ⲥⲟⲃⲕ	27
ⲡⲁⲧⲁⲥⲥⲉ	27
ⲡⲓⲥⲧⲉⲩⲉ	27
ⲅⲁⲃⲁⲁ	26
ⲥⲱⲧⲏⲣ	26
ⲡⲓⲥⲧⲓⲥ	26
ⲉⲡⲓⲑⲩⲙⲓⲁ	26
ⲱⲗ	26
ϩⲣⲃ	26
ϩⲱⲙ	26
ⲓⲣⲉ	26
ⲛⲃⲗ	26
ϫⲉⲣⲟ	26
ϭⲣⲱϩ	26
ⲃⲟⲉⲥ	26
ⲙⲡϣⲁ	26
ϭⲁⲙⲟⲩⲗ	26
ϣⲟⲛⲧⲉ	26
ⲅⲁⲗⲅⲁⲗⲁ	25
ⲕⲣⲙⲣⲙ	25
ⲗⲟⲅⲭⲏ	25
ⲙⲛⲧⲙⲉ	25
ⲭⲁⲗⲉⲃ	25
ⲭⲣⲏⲙⲁ	25
ⲓⲟⲩⲇⲁⲓⲁ	25
ⲧⲣⲁⲡⲉⲍⲁ	25
ϫⲛ	25
ϩⲛⲉ	25
ⲁϣⲏ	25
ⲣϣⲁ	25
ⲛⲧⲁ	25
ⲉϫⲛ_ⲛⲧⲟ	25
ⲥⲉⲇⲉⲕⲓⲁⲥ	25
ⲟⲃϩⲉ	25
ⲟⲉⲓϣ	25
ⲡⲓⲥⲉ	25
ⲥⲃⲧⲉ	25
ⲥⲧⲟⲓ	25
ⲉⲕⲕⲗⲏⲥⲓⲁ	25
ϫⲟⲉⲓⲧ	25
ⲣϣⲡⲏⲣⲉ	25
ⲣϭⲣⲱϩ	25
ⲡⲟⲗⲉⲙⲉⲓ	24
ⲉⲓⲟⲟⲣ	24
ⲧⲏⲏⲃⲉ	24
ϩⲉⲃⲣⲁⲓⲟⲥ	24
ⲛⲟⲉⲙⲓⲛ	24
ϣϭⲙϭⲟⲙ	24
?	24
ϣⲁⲩ	24
ϣⲱⲙ	24
ⲁϫⲛ	24
ⲧϩⲉ	24
ⲥⲁϥ	24
ⲙⲟⲩⲛ	24
ⲛⲟⲩϩ	24
ⲉⲝⲟⲙⲟⲗⲟⲅⲉⲓ	24
ⲕⲟⲓⲃⲱⲧⲟⲥ	24
ϩⲉⲃⲱⲱⲛ	24
ϫⲓϭⲟⲗ	24
ⲉⲃⲓⲏⲛ	23
ⲗⲩⲡⲉⲓ	23
ⲙⲉⲣⲟⲥ	23
ⲙⲙⲁⲧⲉ	23
ⲥⲟⲡⲥⲡ	23
ⲉⲝⲟⲩⲥⲓⲁ	23
ⲓⲟⲩⲇⲁⲥ	23
ⲕⲁⲡⲛⲟⲥ	23
ⲣⲉϥϫⲓⲛϭⲟⲛⲥ	23
ⲕⲓⲃⲱⲧⲟⲥ	23
ⲕⲁⲑⲁⲣⲓⲍⲉ	23
]	23
ⲣⲉ	23
ⲑⲁⲃ	23
ϯϩⲱⲛ	23
ϣⲱⲧⲉ	23
ϩⲃⲥⲱ	23
ⲙⲙⲟⲛ	23
ⲥⲓⲛⲁ	23
ⲧⲁⲓⲟ	23
ⲙⲛⲧϫⲁⲥⲓϩⲏⲧ	23
ⲡⲉⲓⲣⲁⲍⲉ	23
ϥⲁⲓϣⲓⲛⲉ	23
ⲁⲅⲁⲑⲟⲥ	23
ⲅⲁⲃⲁⲱⲛ	22
ⲓⲇⲟⲩⲙⲁⲓⲁ	22
ⲉⲗⲉⲁⲍⲁⲣ	22
ⲇⲟⲕⲓⲙⲁⲍⲉ	22
ⲅⲉⲛⲟⲥ	22
ⲟⲩⲱϫⲉ	22
ⲧⲟⲉⲓⲧ	22
ⲧⲁⲙⲉⲓⲟⲛ	22
ⲅⲟⲇⲟⲗⲓⲁⲥ	22
ⲗⲟⲩⲗⲁⲓ	22
ⲙⲉϩϣⲟⲙⲛⲧ	22
ⲧⲕⲟⲓⲃⲱⲧⲟⲥ	22
ⲡⲓⲥⲧⲟⲥ	22
ⲥⲓⲕⲓⲙⲁ	22
ⲙⲛⲧϩⲙϩⲁⲗ	22
–	22
ϣⲱ	22
ϥⲱ	22
ⲁⲥ	22
ⲡⲏ	22
ϫⲉⲙ	22
ϯⲡⲉ	22
ⲉⲣⲛ	22
ⲟⲙⲉ	22
ⲥⲱⲣ	22
ϭⲣⲟϭ	22
ⲁⲓⲁⲓ	22
ⲙⲁϩⲉ	22
ⲛⲓϥⲉ	22
ⲕⲛⲧⲉ	22
ⲕⲱⲛⲥ	22
ⲡⲱϣⲥ	22
ⲣⲧϩⲉ	22
ⲣⲁⲕⲧ	22
ⲭⲟⲩⲥ	22
ϯⲛⲟⲩϭⲥ	22
ϩⲟⲧϩⲧ	22
ϩⲟⲉⲓⲙ	22
ϩⲣⲟⲩⲑ	22
ⲉⲧⲟⲟⲧ	21
ⲙⲉⲉⲣⲉ	21
ⲣⲟⲟⲩϣ	21
ⲕⲟⲥⲙⲟⲥ	21
ⲥⲩⲙⲉⲱⲛ	21
ⲁⲗⲗⲏⲗⲟⲩⲓⲁ	21
ⲧⲟ	21
ϩⲏⲗ	21
ϩⲱⲥ	21
ⲅⲉⲑ	21
ϣⲓⲕⲉ	21
ϣⲧⲁⲙ	21
ⲕⲟⲣⲉ	21
ⲙⲏⲥⲉ	21
ⲛⲟⲩϫ	21
ⲥⲏⲃⲉ	21
ϫⲟⲩⲱⲧ	21
ϫⲱⲱⲗⲉ	21
ⲣϫⲟⲉⲓⲥ	21
ⲁⲑⲉⲧⲉⲓ	21
ⲁⲣⲭⲉⲓ	20
ⲕⲁϩⲧⲏ	20
ⲉⲣⲩⲑⲣⲁ	20
ⲙⲟⲕϩⲥ	20
ⲛⲟⲉⲓⲕ	20
ⲡⲟⲣⲛⲏ	20
ⲣⲉⲙⲏⲧ	20
ⲥⲏⲉⲓⲣ	20
ⲥⲟⲩⲱϩ	20
ⲧⲟⲟⲩⲉ	20
ⲡⲩⲣⲅⲟⲥ	20
ⲡⲁⲣⲁⲇⲓⲇⲟⲩ	20
ⲓⲉⲣⲏⲙⲓⲁⲥ	20
ϩⲉⲛ	20
ⲉⲣⲁ	20
ⲥⲃⲟ	20
ϣⲕⲁⲕ	20
ϩⲟⲙⲧ	20
ϫⲱⲧⲉ	20
ⲭⲣⲏⲥⲧⲟⲥ	20
ⲓⲉⲃⲟⲩⲥⲁⲓⲟⲥ	20
ⲃⲗⲗⲉ	20
ⲉⲓⲃⲉ	20
ⲕⲟⲟϩ	20
ⲕⲱⲱⲥ	20
ⲗⲁⲗⲉ	20
ⲥⲏⲱⲛ	20
ⲥⲓⲃⲧ	20
ⲧⲥⲧⲟ	20
ⲕⲁⲣⲙⲏⲗⲟⲥ	20
ⲥⲁⲗⲡⲓⲍⲉ	20
ⲥⲁⲙⲁⲣⲓⲁ	20
ϫⲓⲉⲟⲟⲩ	20
ⲛⲟⲙⲓⲙⲟⲛ	20
ϩⲟϫϩϫ	20
ϫⲃⲃⲉⲥ	20
ϭⲱⲱⲗⲉ	20
ϭⲣⲟⲟⲙⲡⲉ	20
ⲣϩⲏⲃⲉ	20
ⲙⲉϩⲥⲛⲁⲩ	20
ⲃⲁⲣⲟⲩⲭ	20
ⲡⲟⲣⲛⲉⲩⲉ	19
ⲉⲕⲓⲃⲉ	19
ⲉⲧⲉⲧⲛⲁ	19
ⲛⲟⲉⲓⲛ	19
ⲣⲙⲉⲓⲏ	19
ⲧⲱⲣⲧⲣ	19
ⲓⲉⲫⲑⲁⲉ	19
ⲙⲁⲧⲟⲩϫⲟ	19
ⲡⲁⲣⲁⲃⲁ	19
ⲣⲙⲛϩⲏⲧ	19
ⲥⲓⲥⲁⲣⲁ	19
ⲉⲡⲓⲑⲩⲙⲉⲓ	19
ⲧⲙⲁⲉⲓⲟ	19
ⲧⲟⲩⲉⲓⲟ	19
ⲣ	19
ϣϫⲉ	19
ϩⲟⲧ	19
ⲱϣⲙ	19
ⲱⲣⲙ	19
ϩⲏⲗⲓ	19
ϭⲟⲥⲙ	19
ⲛⲁⲩⲏ	19
ⲟⲟⲧⲉ	19
ⲥⲱⲃϩ	19
ϣⲧⲉⲕⲟ	19
ϩⲏⲗⲉⲓ	19
ϭⲃⲟⲉⲓ	19
ϩⲟⲩⲉⲓⲧⲉ	18
ⲉⲧⲉⲧⲛ	18
ⲥⲁϩⲛⲉ	18
ⲧⲁϭⲥⲉ	18
ⲟⲩⲱϩⲙ	18
ⲟⲩⲟⲙϥ	18
ⲡⲁⲥⲭⲁ	18
ⲧⲁⲫⲟⲥ	18
ⲧⲩⲣⲟⲥ	18
ϩⲩⲡⲟⲙⲉⲓⲛⲉ	18
ⲏⲥⲁⲓⲁⲥ	18
ⲕⲉⲇⲣⲟⲥ	18
ⲟⲩⲉⲣϣⲉ	18
ⲥⲓ	18
ⲥⲙ	18
ϩⲣⲱ	18
ϩⲱⲣ	18
ⲕⲁⲛ	18
ⲕⲉⲧ	18
ϫⲓϫⲉ	18
ϩⲏⲧⲉ	18
ϫⲣⲟⲡ	18
ⲕⲁⲣⲱ	18
ⲥⲏⲗⲱ	18
ϩⲓⲃⲟⲗ	18
ϩⲓⲉⲓⲧ	18
ϫⲛⲟⲟⲩ	18
ⲡⲁⲗⲗⲁⲕⲏ	18
ⲙⲱⲁⲃⲓⲧⲏⲥ	18
ⲁⲡⲁⲣⲭⲏ	18
ⲁⲧⲛⲟⲃⲉ	18
ⲛⲉϩⲡⲉ	17
ⲛⲉⲙⲁⲕ	17
ⲛⲏⲥⲟⲥ	17
ⲧⲣⲩⲫⲏ	17
ⲧⲥⲉⲓⲟ	17
ⲓⲥⲙⲁⲏⲗ	17
ⲓⲱⲁⲕⲓⲙ	17
ⲍⲁⲃⲟⲩⲗⲱⲛ	17
ⲛⲓⲛⲉⲩⲏ	17
ⲥⲗⲁⲁⲧⲉ	17
ⲙⲛⲧϩⲗⲗⲟ	17
ⲡⲁⲣⲁⲕⲁⲗⲉⲓ	17
ϫⲉⲛⲉⲡⲱⲣ	17
ⲣⲟⲩⲟⲉⲓⲛ	17
ⲅ	17
ϣϣⲉ	17
ϯϩⲉ	17
ⲕⲱⲃ	17
ⲣⲱⲓ	17
ϩⲙⲟⲩ	17
ⲣϭⲱⲃ	17
ⲕⲟⲧⲥ	17
ⲙⲏⲛⲉ	17
ⲙⲡⲉϥ	17
ⲧⲱϩⲙ	17
ⲡⲟⲟⲛ	17
ⲥⲁⲧⲉⲉⲣⲉ	17
ϣⲟⲩⲱⲃⲉ	17
ϣⲟⲩⲱⲟⲩ	17
ϩⲟⲉⲓⲛⲉ	17
ⲃⲏⲥⲁⲗⲱⲙ	17
ϣⲟⲉⲓϣ	17
ⲃⲁⲓⲑⲏⲗ	17
ⲇⲣⲁⲕⲱⲛ	16
ⲁⲅⲁⲡⲏ	16
ⲁⲧⲑⲁⲃ	16
ⲑⲁⲙⲁⲣ	16
ⲕⲁⲗⲱⲥ	16
ⲟⲩⲱⲧϩ	16
ⲥⲁⲣⲣⲁ	16
ⲕⲓⲑⲁⲣⲁ	16
ⲙⲟⲭⲗⲟⲥ	16
ⲙⲛⲧⲭⲣⲏⲥⲧⲟⲥ	16
ϣϥⲉ	16
ϣⲱϣ	16
ⲡⲣⲟⲥⲧⲁⲅⲙⲁ	16
ⲉⲧⲙ	16
ⲱⲙⲥ	16
ϩⲙⲟⲙ	16
ϫⲱⲛⲧ	16
ⲁⲛⲁϣ	16
ⲁⲥⲁⲓ	16
ⲛⲱϩⲉ	16
ⲥⲓⲃⲁ	16
ⲥⲱⲛϩ	16
ⲛⲏⲥⲧⲉⲩⲉ	16
ϩⲟⲡⲗⲟⲛ	16
ⲁϭⲟⲗⲧⲉ	16
ϩⲁⲣϣϩⲏⲧ	16
ⲧⲁⲗⲁⲓⲡⲱⲣⲓⲁ	16
ϫⲓϩⲁⲡ	16
ϩⲟⲧⲁⲛ	16
ϩⲣⲏⲣⲉ	16
ϫⲓⲟⲩⲉ	16
ϫⲓⲥⲃⲱ	16
ⲥⲟⲗⲟⲙⲱⲛ	16
ⲁⲕⲁⲑⲁⲣⲧⲟⲥ	16
ⲅⲉⲛⲏⲙⲁ	15
ⲭⲉⲧⲧⲁⲓⲟⲥ	15
ⲡⲟⲣⲛⲉⲓⲁ	15
ⲃⲁⲣⲁⲕ	15
ⲅⲓⲅⲁⲥ	15
ⲛⲉϩⲥⲉ	15
ⲙⲟⲉⲓⲧ	15
ⲟⲩⲏⲟⲩ	15
ⲟⲩⲟⲃϣ	15
ⲣⲙⲣⲁϣ	15
ⲥⲓⲇⲱⲛ	15
ⲥⲕⲏⲩⲉ	15
ⲥⲟⲉⲓⲧ	15
ⲧⲁⲅⲙⲁ	15
ⲭⲱⲣⲏⲃ	15
ⲣⲉϥϫⲛⲁⲁⲩ	15
ⲙⲁⲥⲥⲏⲫⲁ	15
ⲟⲩⲉⲓⲛⲉ	15
ⲭⲟⲩⲥⲉⲓ	15
ⲇⲓⲁⲃⲟⲗⲟⲥ	15
ϥⲉ	15
ϣⲟⲙ	15
ⲁϩⲣ	15
ⲅⲁⲓ	15
ⲏⲩⲉ	15
ⲥⲁϣ	15
ⲛⲁⲁ	15
ϣⲟⲗⲥ	15
ϣⲟⲟⲥ	15
ϣⲥⲛⲉ	15
ϩⲏⲃⲥ	15
ϩⲏⲧⲥ	15
ϭⲃⲃⲉ	15
ϭⲗⲱⲧ	15
ⲁⲩⲁⲛ	15
ⲕⲟⲟⲩ	15
ⲣⲱϣⲉ	15
ⲛⲣⲁⲧ	15
ⲥⲟⲣⲧ	15
ⲛⲏⲥⲧⲉⲓⲁ	15
ϩⲉⲣⲙⲁⲛ	15
ϩⲣⲁⲭⲏⲗ	15
ϭⲓⲛⲟⲩⲱⲙ	15
ϩⲱⲱⲕⲉ	15
ϫⲓⲥⲙⲏ	15
ⲉⲩϩⲁⲓⲟⲥ	15
ⲟⲩⲟⲧⲟⲩⲉⲧ	15
ⲉϣⲁⲣⲉ	15
ⲁⲃⲓⲕⲓⲁ	15
ⲁⲛⲁⲅⲕⲏ	15
ⲁⲛⲟⲙⲉⲓ	15
ⲕⲁϩⲏⲩ	14
ⲙⲉϣⲁⲕ	14
ⲓⲱⲛⲁⲥ	14
ⲕⲁⲩⲙⲁ	14
ⲛⲁⲑⲁⲛ	14
ⲛⲟⲙⲧⲉ	14
ⲟⲩⲟϣϥ	14
ⲥⲁⲙⲓⲧ	14
ⲕⲣⲓⲥⲓⲥ	14
ⲯⲁⲗⲧⲏⲣⲓⲟⲛ	14
ⲟⲩⲉⲓⲣⲉ	14
ⲅⲗⲩⲡⲧⲟⲛ	14
ⲡⲗⲁⲧⲓⲁ	14
ⲁⲃⲓⲁⲑⲁⲣ	14
ⲫⲓⲛⲉⲉⲥ	14
ⲥϯⲛⲟⲩϥⲉ	14
n	14
ⲱⲅ	14
ⲱⲱ	14
ϣⲏⲧ	14
ϣⲛⲏ	14
ϩⲟⲙ	14
ϯⲡⲓ	14
ⲕⲟⲧ	14
ⲗⲉⲩ	14
ⲡⲓⲁ	14
ⲡⲱⲓ	14
ⲣⲙⲛ	14
ⲣⲱⲧ	14
ϯϩⲁⲡ	14
ϣⲏⲩⲉ	14
ϩⲣⲱⲧ	14
ϫⲃⲓⲛ	14
ⲁⲡⲟⲧ	14
ⲁⲥⲱⲣ	14
ⲉⲧⲣⲉ	14
ⲕⲟⲛⲥ	14
ⲙⲙⲓⲛ	14
ⲙⲛⲱⲛ	14
ⲙⲟⲣⲧ	14
ⲛⲁⲛⲧ	14
ⲛⲉⲥⲉ	14
ⲛⲏⲟⲩ	14
ⲟⲩⲉϣ	14
ⲥⲕⲁⲓ	14
ⲭⲓⲱⲛ	14
ⲁⲓⲭⲙⲁⲗⲱⲧⲟⲥ	14
ⲕⲁⲧⲁⲕⲗⲩⲥⲙⲟⲥ	14
ⲁⲕⲁⲑⲁⲣⲥⲓⲁ	14
ⲣϩⲗⲗⲟ	14
ϥⲁⲓⲛⲁϩⲃ	14
ⲁⲃⲓⲥⲁ	13
ⲟⲩϩⲟⲣ	13
ⲟⲩϫⲱⲙ	13
ⲕⲛⲁⲁⲩ	13
ⲕⲣⲙⲉⲥ	13
ⲕⲣⲟⲩⲣ	13
ⲗⲁⲃⲁⲛ	13
ⲙⲉⲣⲉϩ	13
ⲙⲛⲧⲃⲁⲗϩⲏⲧ	13
ⲟⲩⲃⲁϣ	13
ⲧⲉⲧⲛⲉ	13
ⲕⲁⲧⲁⲡⲉⲧⲁⲥⲙⲁ	13
ⲡⲉⲧⲛⲁⲛⲟⲩ	13
ⲣⲙⲛⲛⲟⲩⲧⲉ	13
ⲣⲙⲛⲧⲣⲉ	13
ⲧⲣⲟⲭⲟⲥ	13
ⲙⲁⲥⲧⲓⲅⲟⲩ	13
ⲙⲛⲧϣⲃⲏⲣ	13
ⲧϩⲓⲉⲣⲟⲩⲥⲁⲗⲏⲙ	13
ⲣⲙⲛϭⲟⲉⲓⲗⲉ	13
ⲣⲉϥⲙⲟⲟⲩⲧ	13
ⲁⲣⲭⲏⲅⲟⲥ	13
ϫⲁϫ	13
ϩⲙⲥ	13
ⲉⲡⲉ	13
ⲟⲡⲥ	13
ⲡⲱⲕ	13
ⲥⲟⲩ	13
ⲧⲁⲩ	13
ⲧⲏⲙ	13
ⲱⲕⲙ	13
ϫⲏϭⲉ	13
ϩⲓⲧⲉ	13
ϭⲟⲣϭ	13
ⲛⲁⲃⲟⲩⲭⲟⲇⲟⲛⲟⲥⲟⲣ	13
ⲉⲓϣⲉ	13
ⲁⲥⲁⲫ	13
ⲣⲉϥϯ	13
ⲥⲟϭⲛ	13
ⲡⲟⲧⲥ	13
ⲧⲏⲣϥ	13
ⲧⲟⲩⲟ	13
ⲧⲱⲗⲙ	13
ⲧⲱⲙⲧ	13
ϣⲡϩⲓⲥⲉ	13
ϣⲉⲡⲧⲱⲣⲉ	13
ϯϣⲓⲡⲉ	13
ϣⲱⲱⲙⲉ	13
ϩⲓⲛⲏⲃ	13
ϫⲁⲧϥⲉ	13
ϩⲉⲣϣⲓⲣⲉ	13
ⲫⲓⲗⲓⲥⲧⲓⲉⲓⲙ	13
ϩⲩⲡⲟⲙⲟⲛⲏ	13
ϩⲓⲧⲛ_ⲁⲛⲟⲕ	13
ⲉ_ⲛⲧⲟ	13
ⲣⲉϥϭⲱⲛⲧ	13
ⲃⲁⲗϩⲏⲧ	13
ⲓⲁⲃⲓⲥ	12
ⲣⲉϥϫⲓ	12
ⲙⲟⲩⲗϩ	12
ⲟⲩⲱⲧⲛ	12
ⲭⲣⲉⲓⲁ	12
ⲑⲁⲓⲙⲁⲛ	12
ⲓⲱⲁⲛⲁⲛ	12
ⲕⲉⲉⲓⲗⲁ	12
ⲕⲣⲓⲛⲟⲛ	12
ⲙⲛⲧϣⲁⲛϩⲧⲏϥ	12
ⲙⲁⲥⲧⲓⲅⲝ	12
ⲥⲟⲩⲟⲩⲁ	12
ⲓⲱⲛⲁⲇⲁⲃ	12
ϥⲧⲟⲟⲩϣⲉ	12
ⲙⲛⲧϫⲁϫⲉ	12
ⲁⲓⲭⲙⲁⲗⲱⲧⲓⲍⲉ	12
ⲫⲉⲣⲉⲍⲁⲓⲟⲥ	12
ⲣⲟⲩⲉⲓⲁⲥ	12
ⲇⲉⲃⲃⲱⲣⲁ	12
ⲇ	12
ϫⲏ	12
ϣⲛⲉ	12
ϥⲛⲧ	12
ⲧⲉⲛ	12
ⲧⲱⲙ	12
ϩⲙⲉⲧ	12
ϩⲧⲟⲡ	12
ϫⲛⲁϩ	12
ϫⲟⲩϥ	12
ⲣϩⲁⲗ	12
ⲁⲇⲁⲙ	12
ⲁⲓⲱⲛ	12
ⲗⲱϫϩ	12
ⲙⲁϣⲉ	12
ⲗⲟⲟⲩ	12
ⲣⲙϩⲉ	12
ⲙⲓⲭⲁ	12
ⲙⲡⲱⲣ	12
ⲛⲁⲏⲧ	12
ⲛⲧⲏϭ	12
ⲣⲁⲧⲉ	12
ⲣⲛⲱⲛ	12
ⲣⲟⲩⲱ	12
ⲥⲃⲟⲕ	12
ⲥⲟⲩⲣ	12
ⲥⲱⲗⲡ	12
ⲧⲟⲟⲧ	12
ⲧⲱⲃⲉ	12
ϩⲟⲩⲙⲡⲉ	12
ⲥⲫⲣⲁⲅⲓⲥ	12
ⲁⲇⲓⲕⲓⲁ	12
ⲣⲙⲁⲑⲁⲉⲓⲙ	11
ⲉⲃⲣⲏϭⲉ	11
ⲃⲁϩⲥⲉ	11
ⲁⲉⲧⲟⲥ	11
ⲗⲉⲩⲉⲓ	11
ⲙⲁⲛⲛⲁ	11
ⲛⲉⲇⲱⲙ	11
ⲥⲁⲉⲓⲛ	11
ⲫⲣⲁⲓⲙ	11
ⲗⲁⲙⲡⲁⲥ	11
ⲙⲁⲕⲁⲣⲓⲍⲉ	11
ⲙⲉϩϣⲙⲟⲩⲛ	11
ⲙⲉⲗⲉⲧⲏ	11
ⲡⲉⲧϩⲏⲡ	11
ⲥⲕⲟⲡⲟⲥ	11
ⲛⲁⲃⲏⲥⲁⲗⲱⲙ	11
ⲁⲙⲓⲛⲁⲇⲁⲃ	11
ⲙⲛⲧⲛⲟⲩϫ	11
ⲧⲁϣⲉⲟⲉⲓϣ	11
ⲣⲉϥⲙⲟⲩⲧⲉ	11
ⲡⲣⲟⲥⲫⲟⲣⲁ	11
ⲟⲙ	11
ϫⲁϥ	11
ϣⲓⲕ	11
ϣⲣⲡ	11
ϩⲱⲕ	11
ϭⲱⲗ	11
ϯⲙⲏ	11
ⲱϥⲧ	11
ⲁⲣⲝ	11
ⲕⲛⲧ	11
ϩⲧⲏⲥ	11
ϭⲱⲃⲉ	11
ϯⲧⲱⲛ	11
ϯⲱⲧⲉ	11
ⲉⲧϩⲛ	11
ⲕⲁⲁⲧ	11
ⲕⲱⲧϥ	11
ⲡⲱⲣⲕ	11
ⲧⲁⲭⲏ	11
ⲧⲱⲕⲙ	11
ⲟⲩⲉϩⲛⲁⲩ	11
ⲙⲛⲧⲟⲩⲏⲏⲃ	11
ϭⲓⲛϣⲁϫⲉ	11
ϩⲟⲣⲟⲙⲁ	11
ϣⲁⲁⲣⲉ	11
ϩⲩⲡⲟⲙⲓⲛⲉ	11
ⲁⲕⲁⲑⲁⲣⲧⲟⲛ	11
ⲣϣⲟⲣⲡ	11
ⲣϩⲟⲩⲟ	11
ⲃⲁⲥⲓⲥ	10
ⲉⲅⲗⲱⲙ	10
ⲉⲓⲟⲩⲗ	10
ⲉⲓⲱⲧⲉ	10
ⲛⲁϫϩⲉ	10
ⲕⲏⲡⲟⲥ	10
ⲕⲓⲱⲟⲩ	10
ⲙⲉⲗⲟⲥ	10
ⲙⲏⲡⲱⲥ	10
ⲟⲩⲟϭⲉ	10
ⲟⲩⲉⲓⲏ	10
ⲥⲁⲧⲃⲉ	10
ⲥⲉⲏⲣⲡ	10
ⲥⲉⲓⲁⲧ	10
ⲥⲓⲟⲩⲣ	10
ⲥⲱⲙⲛⲧ	10
ⲧⲉⲧⲛⲁ	10
ⲭⲟⲣⲟⲥ	10
ⲅⲉⲛⲛⲏⲙⲁ	10
ⲉⲧⲛⲁⲛⲟⲩ	10
ϫⲓϣⲟϫⲛⲉ	10
ⲙⲉϩϥⲧⲟⲟⲩ	10
ⲛⲧⲟⲟⲩⲛ	10
ⲣⲉϥϫⲓⲟⲩⲉ	10
ⲣⲙⲛϯⲙⲉ	10
ⲕⲁⲧⲁⲫⲣⲟⲛⲉⲓ	10
ⲭⲁⲗⲕⲓⲟⲛ	10
ⲛⲉϭⲛⲟⲩϭ	10
ⲙⲛⲧⲙⲁⲓⲛⲟⲩⲧⲉ	10
ⲁⲧⲛⲁϩⲧⲉ	10
ⲡⲣⲟⲃⲗⲏⲙⲁ	10
ⲉⲩ	10
ⲛⲏ	10
ⲣⲓ	10
ϥⲧⲟ	10
ϫⲏⲩ	10
ϯⲃⲥ	10
ⲙⲁϩ	10
ⲕⲃⲟ	10
ⲗⲓⲁ	10
ⲧⲁϥ	10
ⲛⲱⲛ	10
ⲥⲱⲡ	10
ⲧⲃⲧ	10
ⲱⲙⲕ	10
ϩⲁϫⲱ	10
ϣⲙⲧⲉ	10
ϩⲏⲛⲉ	10
ϩⲓⲗⲁ	10
ϩⲧⲱⲣ	10
ϫⲉⲛⲁ	10
ⲉⲧⲛⲁⲛⲟⲩϥ	10
ⲣϩⲛⲁ	10
ⲃⲗϫⲉ	10
ⲅⲁϩⲉ	10
ⲁⲉⲓⲟ	10
ⲁⲥⲏⲣ	10
ⲅⲁⲍⲁ	10
ⲉⲧⲉⲕ	10
ⲍⲱⲟⲛ	10
ⲑⲙⲥⲟ	10
ⲓⲥⲁⲕ	10
ⲕⲗⲁⲗ	10
ⲕⲱⲗϫ	10
ⲕⲱⲙϣ	10
ⲙⲫⲏⲧ	10
ⲥⲟϣϥ	10
ⲛⲟⲩⲧ	10
ⲥⲙⲁϩ	10
ⲥⲣⲓⲧ	10
ⲛⲉⲥⲉⲃⲱⲛ	10
ⲥⲩⲅⲅⲉⲛⲉⲓⲁ	10
ϫⲟⲩⲱⲧⲉ	10
ϭⲓⲛⲱⲛϩ	10
ϣⲁϥⲧⲉ	10
ϣⲟⲩⲣⲏ	10
ϩⲁⲙϣⲉ	10
ϫⲱⲱⲕⲉ	10
ⲥⲕⲁⲛⲇⲁⲗⲟⲛ	10
ϭⲣⲙⲡϣⲁⲛ	10
ⲉⲣϩⲟⲧⲉ	10
ⲛϩⲟⲩⲛ	10
ⲙⲛⲧⲣⲙⲛⲧϩⲏⲧ	9
ⲃⲁϩⲁⲗ	9
ⲉⲗⲓⲁⲃ	9
ⲙⲛⲧⲟⲩ	9
ⲛⲟⲩϣⲡ	9
ⲡⲉⲓⲣⲉ	9
ⲣⲕⲣⲟϥ	9
ⲥⲧⲏⲗⲏ	9
ⲥⲩⲭⲉⲙ	9
ⲧⲥⲃⲕⲟ	9
ⲗⲟϫⲗⲉϫ	9
ⲃⲏⲑⲥⲁⲙⲏⲥ	9
ⲁⲡⲟⲥⲕⲉⲩⲏ	9
ⲍⲟⲣⲟⲃⲁⲃⲉⲗ	9
ⲇⲁⲓⲙⲟⲛⲓⲟⲛ	9
ⲙⲛⲧⲁⲧⲥⲟⲟⲩⲛ	9
ⲓⲟⲩⲇⲁⲓ	9
ⲕⲟⲕⲕⲟⲥ	9
ⲇⲩⲛⲁⲥⲧⲏⲥ	9
ⲣⲉϥⲥⲱϣ	9
ⲛⲥⲁⲃⲏⲗ	9
ⲡⲉⲭⲉⲇⲇⲁⲓⲟⲥ	9
ϣⲣⲡⲙⲙⲓⲥⲉ	9
ⲥⲟⲇⲟⲙⲁ	9
ⲓⲉⲃⲟⲩⲥⲑⲉ	9
ⲧⲁⲙⲓⲏⲩ	9
ⲕⲉⲣⲁⲙⲉⲩⲥ	9
ⲁⲙⲉⲥⲥⲁⲉⲓ	9
ⲡⲁⲣⲁⲇⲓⲥⲟⲥ	9
ⲁⲓⲥⲑⲁⲛⲉ	9
ⲥϩⲁⲓⲥⲟⲩ	9
ⲙⲡⲉⲣⲧⲣⲉ	9
ⲕⲉⲗⲉⲃⲓⲛ	9
ⲥⲁϩⲃⲟⲩⲣ	9
ⲕⲏⲕⲁϩⲏⲩ	9
ⲁⲥⲕⲁⲗⲱⲛ	9
ⲡⲉⲓⲣⲁⲥⲙⲟⲥ	9
ϩⲣⲉⲃⲉⲕⲕⲁ	9
ϩⲱ	9
ⲣⲡ	9
ⲧⲉ	9
ⲱⲑ	9
ϩⲱϣ	9
ϩⲃⲁ	9
ϩⲓⲣ	9
ϩⲱⲗ	9
ϭⲓⲉ	9
ϭⲓⲥ	9
ϭⲙⲡ	9
ⲛϣⲁ	9
ⲟϩⲥ	9
ⲱϭⲉ	9
ⲃⲁⲓ	9
ⲃⲛⲧ	9
ⲛⲉϣ	9
ⲕⲁⲥ	9
ⲗⲱⲧ	9
ⲛⲱⲉ	9
ⲡⲁⲧ	9
ⲣⲉⲛ	9
ⲥⲓⲣ	9
ⲱⲣⲃ	9
ϣⲣϣⲣ	9
ϭⲁϫⲉ	9
ϣⲗⲁϩ	9
ϣⲱⲧⲙ	9
ϫⲱⲕⲙ	9
ϭⲟⲗϫ	9
ⲅⲉⲣⲅⲉⲥⲁⲓⲟⲥ	9
ⲁⲙⲟⲕ	9
ⲁⲧⲛⲁ	9
ⲃⲛⲛⲉ	9
ⲉⲓⲧⲉ	9
ⲉⲧⲡⲱ	9
ⲕⲛⲛⲉ	9
ⲗⲱⲕⲥ	9
ⲙⲁⲣⲟ	9
ⲣⲙⲡⲟ	9
ⲥⲓⲛⲉ	9
ⲧⲙⲙⲟ	9
ⲧⲟⲩⲱ	9
ⲣϩⲁⲉⲓⲃⲉⲥ	9
ϫⲓⲥⲙⲟⲩ	9
ⲁⲃⲉⲥⲁⲗⲱⲙ	9
ϣⲟⲩϣⲧ	9
ϩⲉⲗⲟⲥ	9
ϩⲓⲱⲛⲉ	9
ϯⲧⲟⲟⲧ	9
ⲥⲣⲟϥⲣⲉϥ	9
ⲁⲧϣⲓⲡⲉ	9
ⲉϭⲟⲟϣ	9
ⲣⲉϥϯϩⲁⲡ	9
ⲇⲁⲗⲓⲗⲁ	8
ⲁⲅⲉⲗⲏ	8
ⲁⲧⲥⲃⲱ	8
ⲃⲁⲣⲛⲏ	8
ⲉⲓⲱⲣϩ	8
ⲙⲉϣϣⲉ	8
ⲛⲁϩⲏⲧ	8
ⲓⲟⲑⲟⲣ	8
ⲕⲁⲓⲥⲉ	8
ⲕⲁⲣⲱⲛ	8
ⲉⲧⲁⲣⲉϩ	8
ⲕⲉⲗⲁⲕ	8
ⲕⲏⲇⲁⲣ	8
ⲕⲟⲩⲕⲙ	8
ⲗⲁⲭⲓⲥ	8
ⲙⲁⲛϣⲁ	8
ⲙⲏⲣⲟⲥ	8
ⲙⲙⲓⲭⲁ	8
ⲛⲟⲉⲓⲧ	8
ⲡⲉⲥⲏⲧ	8
ⲣⲙⲙⲙⲉ	8
ⲥⲁⲇⲱⲕ	8
ⲥⲟⲟⲛⲉ	8
ⲓⲇⲟⲩⲙⲁⲓⲟⲥ	8
ⲛⲁⲗⲗⲟⲫⲩⲗⲗⲟⲥ	8
ⲑⲩⲣⲓⲟⲛ	8
ⲓⲱⲥⲓⲁⲥ	8
ⲕⲟⲥⲙⲉⲓ	8
ⲕⲣⲟⲙⲣⲙ	8
ⲗⲟⲓⲙⲟⲥ	8
ⲙⲁⲭⲙⲁⲥ	8
ⲙⲉⲗⲭⲱⲗ	8
ⲛⲏⲣⲓⲁⲥ	8
ⲣⲭⲣⲉⲓⲁ	8
ⲧⲟⲣⲓⲛⲏ	8
ⲧⲣⲁⲡⲏⲥ	8
ϫⲁⲓⲃⲉⲕⲉ	8
ϩⲓⲗⲁⲥⲧⲏⲣⲓⲟⲛ	8
ⲫⲣⲁⲧⲏⲥ	8
ⲭⲁⲗⲁⲍⲁ	8
……………	8
ⲓⲥⲣⲁⲏⲗⲓⲧⲏⲥ	8
ⲁⲛⲁⲑⲉⲙⲁ	8
ⲙⲛⲧϫⲱⲱⲣⲉ	8
ⲣⲙⲡⲟⲟⲩⲉ	8
ϩⲣⲁⲯⲁⲅⲏⲥ	8
ⲉⲣϣⲁⲛ_ⲛⲧⲟ	8
ⲁⲃ	8
ⲛⲧ	8
ⲧⲱ	8
ϣⲃⲉ	8
ϥⲉⲧ	8
ⲉϥⲓ	8
ⲧϩⲏ	8
ⲁⲡⲥ	8
ⲕⲁϣ	8
ⲓⲛⲉ	8
ⲙⲛⲁ	8
ⲛⲁⲛ	8
ⲡⲱⲛ	8
ⲣⲁⲥ	8
ⲣⲓⲣ	8
ⲥⲓⲛ	8
ⲧⲱⲧ	8
ϣⲁⲧⲛ	8
ϭⲱϫⲃ	8
ϣⲙⲟⲩ	8
ϣⲱⲥⲙ	8
ϩⲙⲙⲉ	8
ϫⲱⲣⲙ	8
…………	8
ⲇⲓⲕⲁⲓⲟⲛ	8
ⲁϩⲱⲙ	8
ⲁⲅⲱⲛ	8
ⲅⲁⲁⲇ	8
ⲡⲗϭⲉ	8
ⲙⲟⲩⲉ	8
ⲛⲉⲕⲉ	8
ⲛⲉⲙⲁ	8
ⲡⲣⲏϣ	8
ⲥⲱⲱϥ	8
ⲧⲛⲛⲟ	8
ⲁⲗⲗⲟⲫⲩⲗⲗⲟⲥ	8
ⲡⲟⲛⲏⲣⲉⲩⲉ	8
ⲡⲉⲣⲓⲥⲡⲁⲥⲙⲟⲥ	8
ϭⲟⲙϭⲉⲙ	8
ϭⲗⲟⲙⲗⲙ	8
ⲥⲧⲉⲣⲉⲱⲙⲁ	8
ⲉⲓⲣⲏⲛⲓⲕⲟⲛ	8
ⲙⲫⲓⲃⲟⲥⲑⲉ	8
ϣⲛϩⲧⲏ	8
ϯⲛϣⲟⲧ	8
ϩⲣⲏϣⲉ	8
ϩⲟⲥⲟⲛ	8
ϩⲣⲁⲁⲃ	8
ϫⲛⲟⲩⲕ	8
ϭⲟⲟⲙⲉ	8
ϣⲣⲡⲙⲓⲥⲉ	8
ⲃⲟⲏⲑⲉⲓⲁ	8
ϭⲛⲁⲣⲓⲕⲉ	8
ⲇⲁⲙⲁⲥⲕⲟⲥ	8
ⲡⲓⲥⲣⲁⲏⲗ	8
ϩⲓⲡⲡⲉⲩⲥ	8
ⲁϭⲣⲏⲛ	8
ⲁⲅⲣⲓⲟⲛ	8
ⲛⲁⲭⲓⲙⲉⲗⲉⲭ	8
ⲇⲁⲛⲓⲏⲗ	7
ⲃⲁⲗⲁⲕ	7
ⲑⲁⲃⲱⲣ	7
ⲙⲛⲧⲁⲧⲥⲃⲃⲉ	7
ⲙⲛⲧⲁⲧⲥⲱⲧⲙ	7
ⲕⲏⲧⲟⲥ	7
ⲕⲣⲓⲙⲁ	7
ⲗⲓⲟⲩⲥ	7
ⲙⲁⲛⲱⲉ	7
ⲙⲁⲭⲓⲣ	7
ⲙⲙⲏⲛⲉ	7
ⲥⲁϩⲱⲱ	7
ⲛⲉⲙⲁϥ	7
ⲧⲁϩⲧϩ	7
ⲟⲩⲱⲃϣ	7
ⲟⲩⲱⲥϥ	7
ⲟⲩⲱⲧⲃ	7
ⲡⲏⲥⲥⲉ	7
ⲣⲁⲓⲧⲉ	7
ⲣⲟⲟⲩⲉ	7
ⲥⲁⲃⲉⲉ	7
ⲥⲁⲫⲁⲛ	7
ⲥⲛⲁⲩϩ	7
ⲧⲁⲝⲓⲥ	7
ⲧⲥⲁⲛⲟ	7
ⲧⲱⲱⲙⲉ	7
ⲭⲓⲙⲁⲁ	7
ϩⲩⲡⲟⲧⲁⲥⲥⲉ	7
ⲉⲡⲓⲕⲁⲗⲓ	7
ⲉⲡⲓⲧⲓⲙⲁ	7
ⲛⲁϩⲣⲉⲛ	7
ⲑⲁⲣⲥⲓⲥ	7
ⲕⲁⲧⲟⲟⲧ	7
ϥⲓⲣⲟⲟⲩϣ	7
ⲙⲁⲥⲧⲓⲝ	7
ⲙⲛⲧⲉⲣⲟ	7
ⲕⲣⲩⲥⲧⲁⲗⲗⲟⲥ	7
ⲓⲥⲥⲁⲭⲁⲣ	7
ⲙⲁⲥⲡⲟⲣⲕ	7
ⲟⲩⲉϭⲣⲟ	7
ⲟⲩⲟⲉⲓⲧ	7
ⲃⲏⲣⲥⲁⲃⲉⲉ	7
ⲣⲛⲟϥⲣⲉ	7
ⲣⲥⲟⲫⲟⲥ	7
ⲉⲣϣⲁⲛ_ⲁⲛⲟⲛ	7
ⲥⲟⲟⲩϩⲉ	7
ⲥⲡⲟⲛⲇⲏ	7
ⲧⲥⲁⲃⲏⲩ	7
ⲙⲁⲧⲁⲛϩⲟⲓ	7
ⲕⲓⲛⲛⲁⲓⲟⲥ	7
ⲙⲛⲧϣⲏⲣⲉ	7
ϩⲩⲡⲁⲣⲭⲱⲛⲧⲁ	7
ⲛⲁϣⲧϩⲏⲧ	7
ⲡⲁⲣⲉϥϣⲟⲡ	7
ⲍⲁⲭⲁⲣⲓⲁⲥ	7
ⲁⲣⲭⲁⲓⲟⲛ	7
ⲙⲱⲩⲯⲥⲏⲥ	7
ⲩϣ	7
ⲧⲏ	7
ⲱⲣ	7
ϣⲉⲛ	7
ϣⲙⲧ	7
ϣⲛⲥ	7
ϣⲣⲱ	7
ϩⲏⲕ	7
ϩⲓⲧ	7
ϩⲙⲡ	7
ϭⲏⲛ	7
ϯⲙⲉ	7
ⲃⲏⲃ	7
ⲕⲉⲩ	7
ⲙⲁⲓ	7
ⲥⲏⲩ	7
ⲥⲱⲛ	7
ⲧⲙⲉ	7
ⲧⲟⲡ	7
ⲧⲡⲉ	7
ϯϭⲟⲙ	7
ϣⲟϫⲡ	7
ϫⲓϩⲟ	7
ϣⲉⲉⲓ	7
ϣⲕⲟⲗ	7
ϩⲏⲧϥ	7
ϩⲙⲉϥ	7
ϩⲟⲟⲡ	7
ϩⲣⲟⲕ	7
ϫⲉⲥⲧ	7
ϫⲟⲉⲥ	7
ϫⲱⲣⲡ	7
ϭⲟⲧⲡ	7
ⲥⲟⲩⲙⲛⲧⲁϥⲧⲉ	7
ⲡⲣⲟⲥⲩⲗⲏⲧⲟⲥ	7
ⲁⲥⲟⲩ	7
ⲁⲥⲡⲉ	7
ⲁⲭⲁⲍ	7
ⲃⲁⲙⲁ	7
ⲉⲧⲉϥ	7
ⲉⲟⲩⲉ	7
ⲑⲉⲙⲁ	7
ⲑⲓⲏⲙ	7
ⲕⲁⲁⲑ	7
ⲕⲉⲕⲉ	7
ⲕⲱⲃϩ	7
ⲕⲧⲏⲣ	7
ⲗⲭⲱⲗ	7
ⲙⲙⲗϩ	7
ⲛⲁⲙⲉ	7
ⲟⲣⲛⲁ	7
ⲟⲩⲗⲏ	7
ⲡⲟⲣϣ	7
ⲣⲁⲃⲁ	7
ⲥⲱⲟⲩ	7
ⲧⲕⲁⲥ	7
ⲭⲟⲗⲏ	7
ⲛⲁⲭⲓⲕⲁⲙ	7
ⲥⲡⲓⲣⲟⲟⲩⲉ	7
ⲙⲛⲧⲣⲙⲣⲁϣ	7
ⲃⲁⲥⲁⲛⲟⲥ	7
ⲁⲛⲁⲅⲕⲁⲍⲉ	7
ϫⲓϫⲣⲟⲡ	7
ϭⲟϫϭⲉϫ	7
ϣⲏⲣⲉϣⲏⲙ	7
ϩⲣⲁⲙⲙⲁ	7
ϯϭⲱⲛⲧ	7
ϭⲉⲣⲟⲟⲃ	7
ⲛⲉⲫⲑⲁⲗⲉⲓ	7
ϯⲫⲟⲣⲟⲥ	7
ϣⲃⲉⲓⲱ	7
ϣⲙⲟⲩⲛ	7
ϫⲟⲗϫⲗ	7
ϭⲟⲣⲧⲉ	7
ⲁⲧϣⲏⲣⲉ	7
ⲧϩⲟⲧⲉ	7
ⲁⲃⲓⲟⲩⲇ	7
ⲙⲉϩⲥⲛⲧⲉ	7
ⲁⲛⲟⲙⲟⲛ	7
ⲥϭⲣⲁϩⲧ	7
ⲁⲡⲣⲏⲧⲉ	7
ⲁⲧⲥⲃⲃⲉ	7
ⲁⲩⲝⲁⲛⲉ	7
ⲉⲣⲉ_ⲛⲧⲟ	6
ⲅⲟⲗⲓⲁⲑ	6
ⲡⲁⲣϩⲟⲓⲙⲓⲁ	6
ⲉⲃⲟⲗϫⲉ	6
ⲃⲁϣⲟⲣ	6
ⲁⲡⲁⲧⲁ	6
ⲁⲧⲥⲉⲓ	6
ⲃⲉⲉⲃⲉ	6
ⲃⲟⲩϩⲉ	6
ⲉⲗⲅⲁⲛⲁ	6
ⲇⲁⲑⲁⲛ	6
ⲉⲓⲱϩⲉ	6
ⲉⲡⲉⲓⲇⲏ	6
ⲓⲁⲉⲓⲣ	6
ⲉⲥⲉⲃⲱⲛ	6
ⲙⲁⲧⲟⲩ	6
ⲙⲉⲥⲓⲱ	6
ⲟⲩⲟϣⲙ	6
ⲟⲩⲟϭⲡ	6
ⲟⲩⲱϭⲡ	6
ⲟⲩⲉⲓⲛ	6
ⲟⲩⲉⲛⲧ	6
ⲟⲩⲗⲗⲉ	6
ⲟⲩⲱⲛϣ	6
ⲡⲗⲁϯⲁ	6
ⲣⲕⲁⲕⲉ	6
ⲥⲉⲃⲱⲛ	6
ⲥⲱⲫⲁⲣ	6
ⲧⲙⲙⲟⲩ	6
ϩⲣⲉⲙⲙⲱⲛ	6
ϩⲣⲟⲩⲃⲁⲓ	6
ⲙⲁⲛⲉⲗⲟⲟⲗⲉ	6
ⲍⲉⲃⲟⲩⲗ	6
ϩⲉⲇⲣⲁⲉⲓⲛ	6
ⲙⲁⲛϣⲱⲡⲉ	6
ⲓⲉⲫⲟⲛⲏ	6
ⲣⲉϥϯϭⲱⲛⲧ	6
ⲓⲑⲁⲙⲁⲣ	6
ⲉⲩⲁⲅⲅⲉⲗⲓⲍⲉ	6
ⲕⲗⲁⲇⲟⲥ	6
ⲉⲕⲕⲗⲏⲥⲓⲁⲥⲧⲏⲥ	6
ⲣⲉϥⲕⲱϩ	6
ⲙⲉϩϣⲟⲙⲧⲉ	6
ⲙⲟⲥϩⲧⲉ	6
ϩⲗⲟⲩⲗⲱⲟⲩ	6
ⲙⲁⲧⲥⲁⲃⲟ	6
ⲟⲇⲟⲗⲁⲙ	6
ⲭⲓⲗⲓⲁⲣⲭⲟⲥ	6
ⲟⲩⲱⲛⲉϩ	6
ⲡⲉⲫⲟⲩⲇ	6
ϣⲟⲩⲥⲟⲟⲩϣⲉ	6
ⲣⲣⲙⲙⲁⲟ	6
ⲣⲥⲟⲟⲩⲉ	6
ⲥⲓⲕⲉⲣⲁ	6
ⲥⲕⲉⲩⲟⲥ	6
ⲥⲟⲧⲃⲉϥ	6
ⲥⲟⲩⲙⲏⲧ	6
ⲧⲛⲛⲟⲟⲩⲥⲉ	6
ⲅⲟⲙⲟⲣⲣⲁ	6
ⲉⲡⲓⲧⲓⲙⲓⲁ	6
ⲧⲱⲃⲓⲁⲥ	6
ⲛⲁⲇⲣⲁⲁⲍⲁⲣ	6
ⲙⲛⲧⲣⲟⲟⲩⲛⲉ	6
ⲕⲁⲑⲉⲇⲣⲁ	6
ⲧⲁϣⲃⲉⲉⲣⲉ	6
ϫⲓⲧⲁⲉⲓⲟ	6
ⲕⲉⲗⲃⲟⲩⲉ	6
ⲕⲉⲫⲁⲗⲓⲥ	6
ⲇⲓⲁⲕⲣⲓⲛⲉ	6
ⲣⲡⲙⲉⲉⲩⲉ	6
ⲙⲟⲩⲥⲓⲕⲟⲛ	6
ⲁⲭⲓⲇⲟⲫⲉⲗ	6
ϣⲥ	6
ϥⲟ	6
ϭⲓ	6
ϭⲗ	6
ϭⲥ	6
ⲑⲛ	6
ⲑⲟ	6
ⲣⲁ	6
ϣⲁⲗ	6
ϣⲓⲏ	6
ϣⲟⲧ	6
ϥⲧⲉ	6
ϩⲁⲗ	6
ϩⲱⲧ	6
ⲟϭⲉ	6
ⲣϩⲉ	6
ⲃⲱϣ	6
ⲉⲉⲧ	6
ⲍⲏⲃ	6
ⲏⲇⲏ	6
ⲣⲉϥ	6
ⲛⲉⲣ	6
ⲛⲏⲣ	6
ⲥⲱϭ	6
ⲧⲱϥ	6
ⲟⲟⲧ	6
ⲥⲓⲫ	6
ⲭⲣⲱ	6
ϭϩⲟⲥ	6
ϯϩⲣⲉ	6
ϣⲁϥⲉ	6
ϩⲙϩⲙ	6
ϩⲱϥⲧ	6
ϣⲟⲟⲩ	6
ϩⲁⲧⲉ	6
ϩⲙⲕⲟ	6
ϩⲱⲗϭ	6
ϭⲱⲟⲩ	6
ⲑⲁⲙⲛⲁⲑⲁ	6
ⲉⲓⲉⲣⲃⲟⲟⲛⲉ	6
ⲙⲩⲥⲧⲏⲣⲓⲟⲛ	6
ⲇⲓⲁⲃⲟⲗⲏ	6
ⲉϩⲟⲩ	6
ⲣϩⲁϩ	6
ⲣϣⲱⲛ	6
ⲁⲃⲓⲁ	6
ⲁⲃⲓⲥ	6
ⲁⲣⲁⲙ	6
ⲇⲱⲏⲕ	6
ⲉⲓⲙⲁ	6
ⲉⲓⲧⲁ	6
ⲕⲗϫⲉ	6
ⲗⲱϭⲉ	6
ⲕⲛⲟⲥ	6
ⲙⲛⲧⲏ	6
ⲛⲁⲁⲩ	6
ⲛⲛⲏⲩ	6
ⲛⲟⲧⲙ	6
ⲟⲣⲛⲏ	6
ⲟⲩⲉⲓ	6
ⲟⲩⲏⲣ	6
ⲟⲩⲣⲱ	6
ⲡⲉⲛⲧ	6
ⲡⲓⲛⲉ	6
ⲡⲛⲟⲏ	6
ⲡⲱⲗϩ	6
ⲣⲟⲏⲣ	6
ⲥⲟⲧⲧ	6
ⲧⲟⲩⲛ	6
ⲯⲓⲧⲉ	6
ⲱⲃⲏⲗ	6
ⲛⲁⲭⲓⲇⲱⲃ	6
ϣⲙϣⲏϭⲉ	6
ⲙⲉϩⲥⲉⲡⲥⲛⲁⲩ	6
ⲃⲁⲗⲁϩⲁⲙ	6
ⲃⲉⲛⲓⲁⲙⲉⲓⲛ	6
ⲟⲣⲅⲁⲛⲟⲛ	6
ⲛⲉⲫⲣⲁⲓⲙ	6
ⲥⲁⲗⲙⲁⲛⲁ	6
ϣⲃⲉⲉⲣⲉ	6
ⲃⲁⲓⲑⲥⲁⲙⲩⲥ	6
ϫⲟⲟⲗⲉⲥ	6
ϣⲁⲓⲣⲉ	6
ϣⲃⲃⲓⲱ	6
ϩⲁⲙⲱⲥ	6
ϩⲓⲕⲱⲛ	6
ϭⲉⲣⲏϭ	6
ⲥⲙⲛⲥⲛⲧⲉ	6
ϣⲧⲣⲧⲱⲣⲧ	6
ⲣⲡⲟⲗⲉⲙⲟⲥ	6
ⲣϣⲧⲟⲣⲧⲣ	6
ⲉⲧϩⲟⲟⲩ	6
ⲣϩⲏⲕⲉ	6
ⲥϩⲟⲩⲣ	6
ⲁⲃⲓⲣⲱⲛ	6
ⲙⲉϩⲥⲟⲟⲩ	6
ⲁⲣⲁⲃⲱⲑ	6
ⲭⲉⲣⲟⲩⲃⲓⲛ	6
ⲃⲟⲭⲟⲣⲓ	6
ⲉⲗⲓⲁⲕⲓⲙ	5
ⲁⲣⲅⲟⲥ	5
ⲁⲣⲉⲧⲏ	5
ⲃⲟⲟⲛⲉ	5
ⲇⲓⲱⲕⲉ	5
ⲉⲓⲟⲡⲉ	5
ⲉⲛⲧⲏϭ	5
ⲍⲉⲃⲉⲉ	5
ⲛⲁϩⲃⲉ	5
ⲛⲟϥⲣⲉ	5
ⲑⲩⲣⲱⲛ	5
ⲕⲁⲁⲧⲉ	5
ⲕⲁⲛⲱⲛ	5
ⲕⲓⲥⲱⲛ	5
ⲕⲟⲩⲡⲣ	5
ⲡⲁϭⲥⲉ	5
ⲕⲱⲱⲣⲉ	5
ⲗⲓⲫⲁⲥ	5
ⲗⲟⲓϭⲉ	5
ⲗⲟⲩⲍⲁ	5
ⲙⲓⲧⲣⲁ	5
ⲙⲟⲅⲓⲥ	5
ⲉⲫⲣⲁⲑⲁ	5
ⲛⲉⲙⲁⲥ	5
ⲛⲉⲛⲁⲕ	5
ⲛⲉⲛⲧⲁ	5
ⲟⲩⲟⲟⲧ	5
ⲡⲁⲣⲉϥ	5
ⲡⲗⲁⲛⲏ	5
ⲡⲱⲱⲣⲉ	5
ⲣⲙⲛⲏⲓ	5
ⲣⲥⲁⲃⲉ	5
ⲥⲟⲉⲓϣ	5
ⲥⲟⲛⲧⲉ	5
ⲥⲟⲩⲃⲁ	5
ⲧⲣⲧⲱⲣ	5
ⲫⲁⲣⲉⲥ	5
ⲭⲁⲃⲉⲣ	5
ⲭⲟⲩⲥⲓ	5
ⲛⲉϭⲟⲟϣ	5
ⲡⲉⲣⲓⲍⲱⲙⲁ	5
ⲗⲉⲙⲓⲁⲥ	5
ⲙⲁⲕⲏⲇⲁ	5
ⲙⲛⲧⲥⲟϭ	5
ⲙⲟⲧⲛⲉⲥ	5
ⲙⲡⲣⲧⲣⲁ	5
ⲛⲉⲃⲁⲧⲉ	5
ⲛⲓⲓⲱⲁⲃ	5
ⲧⲩⲣⲁⲛⲛⲟⲥ	5
ⲣⲉϥϫⲓϭⲟⲗ	5
ⲙⲁⲥⲏⲫⲁⲧ	5
ⲟⲩⲱⲱⲗⲉ	5
ⲡⲉⲣⲧⲣⲉ	5
ⲣⲁⲕⲧⲟⲩ	5
ⲣⲁⲣⲭⲱⲛ	5
ⲣⲑⲩⲥⲓⲁ	5
ⲛⲉϭⲛⲟⲩϭⲧ	5
ⲙⲉⲥⲟⲡⲟⲧⲁⲙⲓⲁ	5
ⲧⲙⲏⲇⲓⲁ	5
ⲃⲁⲁⲙⲡⲛϩⲟⲟⲩⲧ	5
ⲧⲥⲉⲛⲕⲟ	5
ⲣⲁⲧⲥⲱⲧⲙ	5
ⲭⲟⲩⲥⲁⲣⲥⲁⲑⲁⲓⲙ	5
ⲁⲛⲧⲓⲗⲟⲅⲓⲁ	5
ⲫⲟⲓⲛⲓⲝ	5
ϩⲟⲙⲟⲗⲟⲅⲓⲁ	5
ⲭⲉⲗⲕⲓⲁⲥ	5
ϩⲣⲁⲛⲧⲓⲍⲉ	5
ⲕⲏⲣⲩⲥⲥⲉ	5
ⲓⲉⲣⲟⲃⲟⲁⲗ	5
ⲡⲁⲣⲇⲁⲗⲓⲥ	5
ⲡⲁⲣⲙⲃⲟⲗⲏ	5
ⲁⲛⲁⲡⲁⲩⲥⲓⲥ	5
ϣϥ	5
ⲁϩ	5
ⲧⲁ	5
ϣⲉϣ	5
ϣⲱⲧ	5
ϩⲟⲓ	5
ϫⲁⲓ	5
ϭⲉⲙ	5
ϭⲟⲧ	5
ⲱϭⲣ	5
ⲁⲣⲁ	5
ⲕⲗϫ	5
ⲛⲏϩ	5
ⲑⲏⲛ	5
ⲙⲁⲁ	5
ⲙⲉⲥ	5
ⲙⲡⲟ	5
ⲥⲁϩ	5
ⲛⲱⲧ	5
ⲟⲥⲉ	5
ⲡⲉⲣ	5
ⲣⲁⲇ	5
ⲣⲱⲥ	5
ⲥⲉⲩ	5
ⲥⲏⲧ	5
ⲧⲉⲙ	5
ⲧⲛⲁ	5
ⲫⲉⲕ	5
ⲭⲁⲙ	5
ϯϩⲏⲩ	5
ϣⲱⲗⲙ	5
ϩⲃⲃⲉ	5
ϩⲟⲣⲕ	5
ϩⲟⲣⲡ	5
ϩⲣⲟⲩ	5
ϩⲧⲏⲓ	5
ϫⲟⲕⲙ	5
ϫⲱⲗⲕ	5
ϭⲣⲱϭ	5
ϭⲱⲣϩ	5
ⲕⲁⲣⲓⲁⲑⲓⲁⲣⲓⲙ	5
ϫⲓⲣⲉⲕⲣⲓⲕⲉ	5
ⲡϩⲉⲃⲱⲱⲛ	5
ϩⲛ_ⲁⲛⲟⲕ	5
ⲙⲉⲅⲓⲥⲧⲁⲛⲟⲥ	5
ⲛⲁⲉⲣⲙⲱⲛ	5
ⲗϩⲱⲃ	5
ⲙϩⲓⲧ	5
ⲡϩⲏⲧ	5
ⲣϩⲧⲏ	5
ⲁⲛⲛⲁ	5
ⲉⲙⲧⲟ	5
ⲉⲧⲛⲁ	5
ⲉⲩⲅⲉ	5
ⲛⲁϣⲧ	5
ⲑⲛⲟⲩ	5
ⲓⲁⲏⲗ	5
ⲓⲱⲛⲁ	5
ⲡⲁϩⲥ	5
ⲕⲧⲟⲛ	5
ⲕⲱⲗⲩ	5
ⲡⲱϫϭ	5
ⲣⲁϩⲉ	5
ⲣⲉϥⲣ	5
ⲙⲁⲁⲛ	5
ⲙⲟⲣⲥ	5
ⲙⲡⲉⲕ	5
ⲥⲏϣⲉ	5
ⲥⲣϥⲉ	5
ⲛⲓⲃⲉ	5
ⲧⲟϭⲥ	5
ⲟⲟⲩϣ	5
ⲡⲟⲟⲩ	5
ⲣⲛⲟϭ	5
ⲣⲧⲣⲉ	5
ⲥⲁⲃⲏ	5
ⲥⲓⲕⲉ	5
ⲥⲙⲁⲩ	5
ⲧⲉⲣⲉ	5
ⲧⲣⲓⲣ	5
ⲧⲱⲃⲥ	5
ϣⲁϩⲟⲩⲛ	5
ⲙⲛⲧⲁⲧⲥⲃⲱ	5
ϩⲣⲟⲩⲃⲃⲁⲓ	5
ⲃⲃⲁⲣⲟⲩⲭ	5
ϣⲁⲛϩⲧⲏ	5
ϣⲁⲣⲁϩⲉ	5
ⲕⲁⲃⲁⲱⲛⲓⲧⲏⲥ	5
ϣⲥⲛϩⲏⲧ	5
ϥⲓⲉⲓⲁⲧ	5
ⲥⲉⲗⲙⲱⲛⲁ	5
ϩⲁⲧⲃⲉⲥ	5
ϥⲓⲡⲣⲟⲟⲩϣ	5
ϩⲕⲟⲉⲓⲧ	5
ϫⲉⲙⲡⲉϩ	5
ϯϩⲟⲧⲉ	5
ϭⲓⲑⲁⲣⲁ	5
ϯⲛⲁⲁⲕⲉ	5
ⲥⲕⲉⲡⲁⲍⲉ	5
ϭⲁϩⲥⲉ	5
ϣⲟⲟϭⲉ	5
ϩⲉⲉⲕⲉ	5
ϩⲓⲱⲱⲧ	5
ϩⲟⲟⲗⲉ	5
ϫⲓⲥⲱϣ	5
ϫⲓⲟⲩⲱ	5
ϭⲣⲏⲡⲉ	5
ϯⲙⲧⲟⲛ	5
ϯⲟⲩⲃⲉ	5
ⲡⲁⲓⲇⲉⲩⲉ	5
ϩⲁⲣⲡⲁⲍⲉ	5
ϩⲩⲡⲟⲙⲓⲛⲏ	5
ⲙⲉⲧⲁⲛⲟⲉⲓ	5
ⲙⲉϩϩⲟⲟⲩ	5
ⲕⲩⲡⲁⲣⲓⲥⲥⲟⲥ	5
ⲃⲉⲣⲍⲉⲗⲗⲓ	5
ⲃⲉⲣⲥⲁⲃⲉⲉ	5
ⲣⲉϥϫⲓϣⲟϫⲛⲉ	5
ⲣϫⲛⲟⲟⲩ	5
ⲣⲉϥϣⲁϫⲉ	5
ⲣⲉϥϣⲙϣⲉ	5
ⲛⲉⲫⲩⲗⲟⲟⲩⲉ	5
ⲙⲉϩⲙⲟⲟⲩ	5
ϩⲣⲟϫⲣⲉϫ	5
ⲁⲛⲥⲙⲙⲉ	5
ⲁⲡⲉⲓⲗⲏ	5
ⲁⲥⲡⲁⲍⲉ	5
ⲁⲣⲭⲓⲥⲧⲣⲁⲧⲏⲅⲟⲥ	5
ⲛⲁⲭⲓⲇⲟⲫⲉⲗ	5
ⲙⲁⲛⲁⲙⲁϩⲧⲉ	5
ⲅⲁⲇⲅⲁⲇ	4
ⲇⲁⲃⲉⲓⲣ	4
ⲅⲁⲗⲓⲗⲁⲓⲁ	4
ⲁⲧϭⲟⲙ	4
ⲁⲃⲟⲕⲉ	4
ⲁⲣⲏϫⲥ	4
ⲁⲛⲉⲭⲉ	4
ⲉⲓⲙⲏⲧⲓ	4
ⲁⲣⲓⲕⲉ	4
ⲁⲥⲕⲟⲥ	4
ⲉⲓⲥⲥⲁⲓ	4
ⲃⲁⲥⲁⲛ	4
ⲃⲟⲥⲟⲣ	4
ⲃⲱⲱⲣⲉ	4
ⲅⲉⲛⲉⲍ	4
ⲇⲁⲅⲱⲛ	4
ⲕⲁϩⲕϩ	4
ⲍⲱⲧⲟⲥ	4
ⲓⲁⲍⲏⲣ	4
ⲓⲱⲃⲁⲃ	4
ⲓⲱⲇⲁⲉ	4
ⲕⲁⲃⲟⲗ	4
ⲕⲁⲣⲏⲉ	4
ⲡⲁϩⲣⲉ	4
ⲗⲁⲛⲇⲁ	4
ⲗⲟⲃⲟⲥ	4
ⲙⲁⲉⲓⲉ	4
ⲙⲏⲧⲣⲁ	4
ⲙⲛⲧⲗⲁ	4
ⲙⲡⲉⲧⲛ	4
ⲛⲁⲃⲁⲩ	4
ⲛⲁⲉⲓⲱ	4
ⲛⲁⲧⲣⲉ	4
ⲛⲁⲭⲱⲣ	4
ⲛⲟⲩⲣⲉ	4
ⲧⲉϩⲛⲉ	4
ⲟⲩⲁϣϥ	4
ⲟⲣⲭⲉⲓ	4
ⲟⲩⲃⲏⲓ	4
ⲟⲩⲙⲟⲧ	4
ⲟⲩⲥⲓⲁ	4
ⲡⲁⲛⲧⲓ	4
ⲡⲉⲉⲛⲉ	4
ⲡⲉⲓⲑⲉ	4
ⲡⲉⲧⲛⲁ	4
ⲣⲁⲕⲧⲕ	4
ⲣⲏⲭⲁⲃ	4
ⲥⲧⲩⲗⲏ	4
ⲥⲩⲣⲟⲥ	4
ⲧⲁⲁⲧⲉ	4
ⲧⲁⲡⲉⲛ	4
ⲫⲁⲣⲁⲛ	4
ⲫⲓⲁⲗⲏ	4
ⲫⲟⲣⲉⲓ	4
ⲭⲟⲃⲁⲣ	4
ϩⲣⲁⲃⲃⲁⲑ	4
ϩⲣⲁⲙⲛⲟⲥ	4
ϩⲉⲃⲇⲱⲙⲁⲥ	4
ⲙⲉϩϥⲧⲟ	4
ⲙⲉϩⲯⲓⲧ	4
ⲥⲁⲡⲡⲓⲣⲟⲛ	4
……………………………	4
ⲑⲁⲓⲃⲉⲥ	4
ⲙⲱëⲩⲥⲏⲥ	4
ⲉⲣⲅⲁⲥⲓⲁ	4
ⲫⲟⲓⲛⲓⲕⲏ	4
ⲅⲉⲥⲓⲣⲉⲓ	4
ⲉⲗⲉⲗⲕⲏⲙⲉ	4
ⲕⲟⲩⲟⲩⲛ	4
ⲉⲧⲟⲩⲁⲁⲃ	4
ⲗⲟⲅⲓⲟⲛ	4
ⲣⲉϥϯϩⲉ	4
ⲉⲩⲥⲉⲃⲏⲥ	4
ⲗⲩⲭⲛⲓⲁ	4
ⲥⲁⲩⲭⲓⲧⲏⲥ	4
ⲙⲁⲁⲗⲱⲛ	4
ⲙⲛⲧϭⲱⲃ	4
ⲙⲡⲉⲓϩⲉ	4
ⲙⲡⲣⲉⲙⲛ	4
ⲛⲁⲃⲓⲥⲁ	4
ⲥⲩⲅⲅⲉⲛⲏⲥ	4
ⲙⲁⲙⲙⲟⲟϣⲉ	4
ϩⲣⲟⲙⲉⲗⲓⲁⲥ	4
ⲛⲧⲁⲓⲉⲓ	4
ⲁⲣⲓϩⲙϩⲁⲗ	4
ⲙⲁⲣⲓϩⲁⲙ	4
ⲙⲁⲛⲓⲧⲏⲥ	4
ⲣⲉϥϫⲟⲕϫⲕ	4
ϭⲉϫϭⲱϫⲟⲩ	4
ⲟⲩⲁϩⲙⲉ	4
ⲟⲩⲟⲟϭⲉ	4
ⲟⲩⲱⲱⲧⲉ	4
ⲃⲁⲓⲑⲟⲣⲱⲛ	4
ⲡⲁⲉⲙⲧⲟ	4
ⲡⲁⲓⲇⲉⲥ	4
………………	4
ⲡⲉⲉⲓⲃⲧ	4
ⲡⲗⲁⲥⲙⲁ	4
ⲡⲟⲣⲛⲟⲥ	4
ⲣⲛⲁϣⲧⲉ	4
ⲣⲛⲟⲉⲓⲕ	4
ⲥⲓⲕⲗⲟⲥ	4
ⲥⲕⲛⲟⲩϩ	4
ⲥⲕⲟⲣⲕⲣ	4
ⲥⲣⲙⲗⲁϩ	4
ⲥⲧⲁⲕⲧⲏ	4
ⲡⲁⲣϩⲁⲗⲓⲁ	4
ⲁⲅⲅⲁⲓⲟⲥ	4
ϫⲁⲓⲃⲉⲕⲏ	4
ⲉⲗⲓⲥⲥⲁⲓⲟⲥ	4
ⲕⲟⲗⲩⲙⲃⲏⲑⲣⲁ	4
ⲭⲉⲣⲙⲉⲗ	4
ⲉⲗⲉⲫⲁⲛⲧⲓⲛⲟⲛ	4
ⲣⲉⲕⲣⲓⲕⲉ	4
ϫⲓⲥϩⲓⲙⲉ	4
ⲡⲁⲣⲁⲛⲟⲙⲉⲓ	4
ⲡⲉⲅⲣⲁⲙⲁⲧⲉⲩⲥ	4
ϩⲩⲡⲁⲣⲭⲟⲛⲧⲁ	4
within	4
ⲣⲙⲛϣϭⲟⲣ	4
ⲁⲓⲛⲓⲅⲙⲁ	4
ϩⲟⲙⲟⲗⲟⲅⲉⲓ	4
ⲙⲛⲧⲉⲓⲱⲧ	4
ⲧⲉⲅⲁⲗⲁⲁⲇ	4
ϫⲓⲇⲱⲣⲟⲛ	4
ϫⲓⲉⲕⲓⲃⲉ	4
ϩⲟⲣⲙⲓⲥⲕⲟⲥ	4
ⲥⲁⲣⲁϭⲱⲟⲩϣ	4
ⲙⲛⲧϫⲟⲉⲓⲥ	4
ⲛⲉϩⲣⲏⲩⲉ	4
ⲣⲉϥⲕⲁⲥⲕⲥ	4
ⲣⲉϥⲙⲉⲉⲩⲉ	4
ⲣⲉϥⲥⲁϩⲟⲩ	4
ϩⲣⲁⲅⲟⲩⲏⲗ	4
ϩⲣⲁⲙⲉⲥⲥⲏ	4
ϩⲣⲁⲫⲁⲉⲓⲛ	4
ⲁⲥⲧⲁⲣⲱⲑ	4
ⲡⲣⲟⲥⲉⲩⲭⲏ	4
ⲡⲁⲣⲣⲏⲥⲓⲁ	4
the	4
ⲏ=	4
ⲟϥ	4
ⲙ…	4
ⲃⲁ	4
ⲉⲕ	4
ⲓⲱ	4
ⲙⲣ	4
ⲩⲉ	4
ⲱⲕ	4
ϣⲗϩ	4
ϩⲱϫ	4
ϩⲃⲱ	4
ϫⲧⲟ	4
ϭⲟⲥ	4
ϭⲱⲙ	4
line	4
text	4
ⲁⲁⲩ	4
ⲁⲃⲱ	4
ⲁⲙⲏ	4
ⲁⲣⲉ	4
ⲉⲉⲓ	4
ⲑⲉⲕ	4
ⲕⲁⲡ	4
ⲟⲩϣ	4
ⲕⲏⲕ	4
ⲡⲱϥ	4
ⲙⲫⲟ	4
ⲧⲁϭ	4
ⲟⲑⲉ	4
ⲡⲓⲛ	4
ⲣⲟⲥ	4
ⲣⲟⲩ	4
ⲥⲟⲧ	4
ⲥⲭⲁ	4
ⲧⲁⲗ	4
ⲧⲉⲡ	4
ⲱⲧϩ	4
ⲧⲱⲓ	4
ⲯⲓⲥ	4
ⲓⲉⲭⲟⲛⲓⲁⲥ	4
ϣϩⲓϭ	4
ϣⲁϩⲉ	4
ϣⲟϫⲧ	4
ϩⲓϫⲱ	4
ϩⲏⲧⲧ	4
ϩⲓⲡⲉ	4
ϩⲟⲣϭ	4
ϩⲟⲡⲧ	4
ϩⲱⲇⲏ	4
ϩⲱⲣⲡ	4
ϫⲁⲧⲉ	4
ϫⲛⲓⲧ	4
ϫⲟⲗⲕ	4
ϫⲱⲗϩ	4
ⲑⲁⲣⲥⲉⲓⲥ	4
ⲙⲉⲙⲫⲓⲃⲟⲥⲑⲉ	4
ⲑⲃⲃⲓⲏⲟⲩ	4
ⲕⲟⲓⲛⲱⲛⲓ	4
ⲥⲁⲛϩⲟⲩⲛ	4
ⲛⲁⲁⲥⲥⲱⲛ	4
ⲧⲉⲧⲏⲟⲩⲧⲛ	4
ⲁϩⲏⲩ	4
ⲁϩⲣⲱ	4
ⲡϩⲁⲡ	4
ⲥϭⲏⲣ	4
ⲛⲁⲃⲟⲩⲍⲁⲣⲇⲁⲛ	4
ⲯⲉⲩⲇⲟⲡⲣⲟⲫⲏⲧⲏⲥ	4
ⲁⲗⲱⲧ	4
ⲉⲉⲓⲉ	4
ⲉⲓⲟⲙ	4
ⲉⲛⲧⲁ	4
ⲍⲁⲏⲗ	4
ⲍⲁⲣⲁ	4
ⲍⲱⲛⲏ	4
ⲙⲟϫϩ	4
ⲕⲏⲩⲉ	4
ⲕⲟⲧⲉ	4
ⲕⲟⲩⲛ	4
ⲕⲱⲣϣ	4
ⲙⲁⲧⲉ	4
ⲙⲉⲉⲓ	4
ⲙⲟⲣϣ	4
ⲙⲙⲱⲛ	4
ⲙⲟⲩⲥ	4
ⲛⲉⲓⲉ	4
ⲛⲉⲙⲛ	4
ⲛⲉⲛⲧ	4
ⲛⲟⲩⲉ	4
ⲛⲧⲉⲕ	4
ⲟⲩⲟϣ	4
ⲟⲟⲩⲉ	4
ⲡⲟⲕϥ	4
ⲡⲣⲟⲥ	4
ⲣⲉⲙⲛ	4
ⲣⲏⲧⲉ	4
ⲣⲱⲉⲓ	4
ⲥⲁⲃⲁ	4
ⲧⲉⲧⲙ	4
ⲧⲉⲧⲛ	4
ⲧⲓⲙⲏ	4
ⲧⲡⲉⲕ	4
ⲫⲛⲁⲥ	4
ⲱⲣⲏⲃ	4
ⲉϩⲟⲩⲉⲣⲟ	4
ⲕⲁⲣⲭⲏⲇⲱⲛ	4
ⲙⲛⲧⲡⲉⲧϣⲟⲩⲉⲓⲧ	4
ⲛⲉⲗⲓⲫⲁⲥ	4
ϩⲣϣⲏⲣⲉ	4
ⲥⲁⲃⲃⲁⲱⲑ	4
ⲥⲁⲛⲟⲩϣⲧ	4
ⲥⲁⲣⲁⲓⲁⲥ	4
ⲡⲉⲣⲓⲭⲱⲣⲟⲥ	4
ⲁϣϣⲕⲁⲕ	4
ϣⲟⲟϭⲟⲩ	4
ⲣⲉϥⲣⲡⲁϩⲣⲉ	4
ⲕⲟⲓⲛⲱⲛⲟⲥ	4
ⲛⲓⲉⲫⲑⲁⲉ	4
ⲛⲧⲕⲟⲓⲃⲱⲧⲟⲥ	4
ⲥⲉⲡⲥⲱⲡⲧ	4
ϩⲁⲉⲉⲩⲉ	4
ϩⲁⲉⲟⲟⲩ	4
ϩⲉⲧⲉⲣⲁ	4
ϩⲏⲗⲓⲁⲥ	4
commentary	4
ϩⲟⲉⲓⲣⲉ	4
ϩⲟⲓⲃⲉⲥ	4
ϩⲣⲏⲭⲁⲃ	4
ϩⲣⲩⲥⲓⲥ	4
ϩⲩⲇⲣⲓⲁ	4
ϩⲩⲗⲓⲁⲥ	4
ⲥⲗⲉϭⲗⲱϭ	4
ⲡⲉⲭⲓⲙⲁⲣⲟⲥ	4
ϫⲓⲙⲏⲥⲉ	4
ϭⲁⲃϩⲏⲧ	4
ϭⲓⲛϭⲗⲱ	4
ϭⲓⲛϭⲱⲣ	4
ⲛⲉⲫⲑⲁⲗⲓⲙ	4
ⲟⲓⲕⲟⲛⲟⲙⲟⲥ	4
ⲛⲉⲥⲁⲧⲣⲁⲡⲏⲥ	4
ⲧⲁⲗⲁⲓⲡⲱⲣⲉⲓ	4
ⲥⲓⲣⲏⲛⲟⲥ	4
ⲁⲃⲓⲇⲇⲁⲣⲁ	4
ⲁⲃⲓⲙⲉⲗⲉⲕ	4
ϣⲁϣⲟⲩ	4
ϫⲁϩⲙⲉ	4
ϣⲏⲟⲩⲉ	4
ϣⲟⲗⲟⲩ	4
ϣⲟⲣⲡⲉ	4
ϩⲁⲁⲧⲉ	4
ϩⲁⲧⲏⲣ	4
ϩⲁⲧⲣⲉ	4
ϩⲏⲡⲁⲣ	4
ϩⲑⲛⲟⲥ	4
ϫⲁⲁⲛⲉ	4
ϫⲁⲧⲃⲉ	4
ϫⲛⲁⲁⲩ	4
ϭⲉⲣⲱϥ	4
ϭⲓⲛⲉⲓ	4
ⲉⲧⲃⲉ_ⲁⲛⲟⲕ	4
ⲛⲁⲃⲓⲛⲉⲉⲙ	4
ⲧⲁϫⲣⲏⲟⲩ	4
ϩⲩⲁⲕⲓⲛⲑⲓⲛⲟⲛ	4
ϭⲛⲭⲁⲣⲓⲥ	4
ⲛⲧⲏⲟⲩⲧⲛ	4
ⲗⲓⲧⲟⲩⲣⲅⲉⲓ	4
ⲉⲣϩⲙϩⲁⲗ	4
ⲥⲟⲗⲟⲙⲟⲛ	4
ⲇⲁⲛⲓⲥⲧⲏⲥ	4
ϩⲉⲃⲣⲁⲓⲁ	4
ⲡⲉⲣⲉⲓⲣⲉ	4
ⲙⲓⲛⲛⲁⲓⲟⲥ	4
ⲁⲇⲱⲛⲓⲃⲉⲍⲉⲕ	4
ⲛⲁⲑⲁⲛⲓⲁⲥ	4
ⲥⲩⲙⲃⲟⲗⲏ	4
ⲃⲉⲉⲗⲫⲉⲅⲱⲣ	4
………………………	4
ⲁϣⲧⲁⲡ	4
ⲙⲛⲧⲁⲧϣⲏⲣⲉ	4
ⲛϣⲱϫⲡ	4
ⲣϣⲃⲏⲣ	4
ⲣϣⲙⲙⲟ	4
ⲣϫⲁⲉⲓⲉ	4
ⲧϩⲓⲙⲉ	4
ⲣⲉϥϣⲓⲛⲉ	4
ⲁⲇⲓⲕⲟⲥ	4
ⲁⲇⲱⲛⲁⲓ	4
ⲣϫⲟⲟⲗⲉⲥ	4
ⲁⲣⲁⲃⲟⲥ	4
ⲁⲣⲟⲟⲩⲉ	4
ⲧϭⲁⲉⲓⲟ	4
ⲅⲁⲓⲃⲁⲗ	3
ⲅⲁⲗⲁⲁⲧ	3
ⲅⲁⲗⲅⲁⲗ	3
ⲅⲉⲇⲇⲱⲣ	3
ⲅⲏⲣⲥⲁⲙ	3
ⲇⲁⲓⲇⲁⲛ	3
ϩⲟⲃⲟⲗⲟⲥ	3
ⲇⲣⲩⲙⲟⲥ	3
ϩⲟⲙⲟⲓⲱⲥ	3
ϩⲟⲛⲟⲕⲉⲛ	3
ⲙⲛⲧⲁⲅⲁⲑⲟⲥ	3
ϩⲟⲩⲣⲱⲱϥ	3
ⲁⲣϣⲓⲛ	3
ⲉⲗϭⲱⲃ	3
ⲁⲃⲇⲱⲛ	3
ⲁⲅⲟⲣⲁ	3
ⲁⲍⲁⲏⲗ	3
ⲁⲍⲏⲕⲁ	3
ⲁⲙⲛⲱⲛ	3
ⲁⲙⲟⲩⲛ	3
ⲁⲛⲛⲱⲛ	3
ⲁⲝⲓⲟⲩ	3
ⲁⲣⲓⲏⲗ	3
ⲁⲣⲟⲏⲣ	3
ⲁⲧⲉⲧⲛ	3
ⲁⲧⲏⲡⲉ	3
ⲃⲁⲧⲟⲥ	3
ⲅⲁⲃⲉⲣ	3
ⲅⲁⲍⲉⲣ	3
ⲅⲁⲣⲉϩ	3
ⲅⲉⲥⲉⲙ	3
ⲅⲁⲙⲁⲣⲓⲁⲥ	3
ⲅⲟⲥⲟⲙ	3
ⲇⲁⲃⲓⲣ	3
ⲇⲉⲃⲱⲛ	3
ⲇⲱⲃⲓⲧ	3
ⲉⲃⲁⲧⲉ	3
ⲉⲓⲁⲁⲩ	3
ⲉⲓⲟⲣⲙ	3
ⲉⲓⲱⲣⲙ	3
ⲉⲕⲣⲟϫ	3
ⲉⲣⲏⲧⲉ	3
ⲉⲣⲙⲱⲛ	3
ⲉⲣⲣⲣⲟ	3
ⲕⲁϭⲓⲁ	3
ⲉⲥⲣⲱⲙ	3
ⲉⲧⲣⲉⲩ	3
ⲍⲁⲣⲉⲇ	3
ⲗⲟϫⲗϫ	3
ⲏⲥⲟⲩⲥ	3
ⲑⲩⲙⲟⲥ	3
ⲓⲁⲃⲏⲥ	3
ⲓⲁⲃⲟⲕ	3
ⲓⲁⲣⲓⲙ	3
ⲓⲉⲑⲉⲣ	3
ⲓⲱⲃⲏⲇ	3
ⲕⲁⲗⲉⲓ	3
ⲕⲟⲉⲓϩ	3
ⲗⲁⲕⲛⲧ	3
ⲗⲉⲙⲛⲁ	3
ⲣⲁϩⲧⲥ	3
ⲙⲉⲥⲧⲉ	3
ⲙⲏⲇⲟⲥ	3
ⲙⲟⲕϩⲧ	3
ⲙⲙⲟⲟⲩ	3
ⲙⲥⲏϥⲉ	3
ⲥⲁϩⲧⲉ	3
ⲙⲫⲏⲕⲉ	3
ⲛⲁⲇⲁⲃ	3
ⲛⲁⲑⲱⲑ	3
ⲛⲁⲭⲁⲣ	3
ⲥⲟϥⲧⲉ	3
ⲛⲉⲙⲁⲑ	3
ⲛⲓⲉⲣⲉ	3
ⲛⲟⲣⲛⲁ	3
ⲛⲣⲱⲙⲉ	3
ⲟⲩⲉϩⲙ	3
ⲟⲩⲱϩⲉ	3
ⲟⲩⲃⲏⲕ	3
ⲟⲩⲉⲓⲉ	3
ⲟⲩⲟⲩⲛ	3
ⲡⲁⲗⲓⲛ	3
ⲡⲉⲩⲱⲧ	3
ⲉⲛⲱⲭⲗⲉⲓ	3
ⲣⲁⲛⲁϣ	3
ⲣⲃⲣⲣⲉ	3
ⲣⲡⲱⲃϣ	3
ⲥⲁⲙⲁⲁ	3
ⲥⲁⲣⲁⲁ	3
ⲥⲟⲃⲉⲕ	3
ⲥⲱⲫⲓⲁ	3
ⲧⲁⲓⲃⲉ	3
ⲧⲁⲣⲉϩ	3
ⲧⲁⲣⲑⲉ	3
ⲧⲁⲣⲱⲑ	3
ⲧⲁⲥⲥⲉ	3
ⲧⲉⲗⲟⲥ	3
ⲧⲏⲏⲛⲉ	3
ⲧⲟⲉⲓⲥ	3
ⲧⲟⲩⲱⲕ	3
ⲧⲣⲩⲫⲁ	3
ⲧⲱⲃⲓⲇ	3
ⲣⲉϥⲥⲱⲃⲉ	3
ϩⲣⲟⲃⲟⲁⲙ	3
ⲍⲁⲙⲃⲣⲓ	3
ⲗⲟϥⲗⲉϥ	3
ⲛⲉϩⲣⲁⲫⲁⲉⲓⲛ	3
ⲙⲉϩϩⲙⲉ	3
ⲧⲁⲧⲥⲁⲃⲟ	3
ⲓⲕⲧⲉⲣⲟⲥ	3
ⲙⲉϭⲧⲱⲗ	3
ⲛⲁϩⲙⲉⲛ	3
ⲅⲉⲇⲥⲟⲩⲣ	3
ⲑⲓⲧⲟⲩⲱ	3
ⲥⲟⲩϫⲁϥⲧⲉ	3
ⲧⲩⲙⲡⲁⲛⲟⲛ	3
ⲁⲧⲁⲙⲁϩⲧⲉ	3
ⲓⲱⲁⲑⲁⲙ	3
ⲕⲁⲓⲣⲟⲥ	3
ⲕⲁⲛⲁⲁⲛ	3
ⲕⲁⲣⲟⲓⲁ	3
ⲟⲩϩⲟⲟⲣ	3
ⲕⲟⲡⲣⲓⲁ	3
ⲧⲉⲧⲛⲉⲥⲱ	3
ϫⲓϫⲉⲉⲩⲉ	3
ⲙⲁⲕⲁⲣⲓⲟⲥ	3
ϩⲏⲅⲟⲩⲙⲉⲛⲟⲥ	3
ⲗⲟⲉⲓϩⲉ	3
ⲓⲟⲩⲇⲉⲓⲛ	3
ⲙⲁⲙⲃⲣⲏ	3
ⲣⲣϩⲟⲧⲉ	3
ⲙⲛⲧϩⲁϩ	3
ⲙⲛⲧϩⲏⲧ	3
ⲙⲓⲛⲑⲟⲥ	3
ⲙⲓⲥⲑⲟⲩ	3
ⲙⲛⲧⲟⲩⲉ	3
ⲙⲫⲟⲅⲱⲣ	3
ⲛⲁⲁⲣⲉϩ	3
ⲛⲁⲍⲁⲏⲗ	3
ⲛⲁⲓⲗⲁⲙ	3
ⲛⲁⲓⲗⲓⲙ	3
ⲛⲁⲙⲙⲁⲛ	3
ⲛⲁⲙⲛⲱⲛ	3
ⲛⲁⲣⲇⲟⲥ	3
ⲛⲁⲣⲓⲏⲗ	3
ⲙⲉⲥϩⲛⲏⲓ	3
ⲛⲓⲁⲃⲏⲥ	3
ⲛⲥⲁⲗⲱⲙ	3
ⲕⲁⲧⲁⲗⲁⲗⲉⲓ	3
ⲣⲉϥⲁⲓⲥⲑⲁⲛⲉ	3
ⲕⲟⲗⲗⲩⲣⲓⲟⲛ	3
ⲟⲩⲟⲥⲧⲛ	3
ⲟⲩⲟⲩⲛⲅ	3
ⲅⲟⲑⲟⲛⲓⲏⲗ	3
ⲃⲏⲣⲟⲑⲉⲟⲥ	3
ⲡⲉⲇⲉⲩⲉ	3
ⲡⲉⲇⲓⲛⲏ	3
ϯⲕⲁⲡⲛⲟⲥ	3
ϯⲕⲁⲣⲡⲟⲥ	3
ⲡⲙⲉⲉⲩⲉ	3
ⲡⲣⲉⲡⲉⲓ	3
ⲡⲩⲝⲓⲟⲛ	3
ⲛⲉϫⲥⲟⲟⲧⲉ	3
ⲣⲙⲛⲣⲁⲧ	3
ⲣⲙⲛⲥⲃⲱ	3
ⲣⲟⲩⲏⲏⲃ	3
ⲣⲟⲩⲧⲃⲁ	3
ⲥⲉⲗⲗⲏⲙ	3
ⲥⲓⲕⲓⲣⲁ	3
ⲥⲛⲟⲟⲩⲥ	3
ⲥⲟⲙⲛⲁⲥ	3
ⲥⲟⲩⲫⲓⲣ	3
ⲥⲥⲁⲭⲁⲣ	3
ⲥⲩⲙⲟⲱⲛ	3
ⲧⲉⲗϯⲗⲉ	3
ⲧⲁⲣⲁⲃⲁ	3
ⲧⲉⲗⲓⲟⲥ	3
ⲧⲏⲩⲧⲉⲛ	3
joshua	3
ⲧⲟⲕⲙⲉⲥ	3
ⲧⲟⲩⲣⲏⲥ	3
ⲥⲧⲏⲗⲟⲅⲣⲁⲫⲓⲁ	3
ⲓⲱⲥⲁⲫⲁⲧ	3
ⲓⲱⲥⲉⲓⲁⲥ	3
ⲃⲃⲉⲛⲓⲁⲙⲉⲓⲛ	3
ⲛⲛⲁⲗⲗⲟⲫⲩⲗⲗⲟⲥ	3
ϯⲡⲉϥⲟⲩⲟⲓ	3
ⲕⲁⲧⲁϩⲣⲁⲕⲧⲏⲥ	3
ⲭⲁⲙⲁⲁⲙ	3
ⲭⲁⲣⲧⲏⲥ	3
ⲭⲉⲃⲣⲟⲛ	3
ⲙⲛⲧϣⲙⲏⲛ	3
ⲙⲛⲧϣⲙⲙⲟ	3
ⲣⲉϥⲣⲟⲩⲟⲉⲓⲛ	3
ⲭⲗⲁⲙⲩⲥ	3
ⲭⲟⲣⲉⲩⲉ	3
ⲧⲣⲟⲩⲑⲟⲥ	3
ⲡⲁⲣⲁⲙⲃⲟⲗⲏ	3
ⲡⲁⲣⲁⲛⲟⲙⲓⲁ	3
ⲁⲓⲭⲙⲁⲗⲱⲧⲉⲩⲉ	3
ⲡⲉⲑⲁⲓⲙⲁⲛⲓⲧⲏⲥ	3
ⲙⲛⲧⲕⲣⲟϥ	3
ⲙⲛⲧⲭⲏⲣⲁ	3
ⲭⲉⲛⲉⲣⲉⲑ	3
ϫⲓⲣⲉⲙⲏⲧ	3
ϩⲩⲁⲕⲓⲛⲑⲟⲥ	3
ⲁⲛⲁⲛⲓⲁⲥ	3
ⲙⲉϩⲥⲁϣϥⲉ	3
ⲣⲉϥⲡⲉⲣⲉⲣⲁⲥⲟⲩ	3
ⲣⲉϥⲛⲟⲩϭⲥ	3
ⲙⲛⲉⲫⲣⲁⲓⲙ	3
ⲣⲟⲙⲡⲉⲛⲉ	3
ⲥⲩⲛⲧⲉⲗⲉⲓⲁ	3
ⲉⲓⲣⲁⲥⲙⲟⲥ	3
ⲇⲁⲍⲱⲧⲟⲥ	3
ⲟⲇⲟⲗⲗⲁⲙ	3
ϩⲩⲕⲁⲧⲟⲛⲧⲁⲣⲭⲟⲥ	3
ⲡⲣⲟⲫⲏⲧⲓⲁ	3
ⲁⲭⲓⲧⲟⲫⲉⲗ	3
ⲛⲁϣⲧⲙⲁⲕϩ	3
,	3
ϫⲡ	3
ϯⲉ	3
ⲉϩ	3
ⲛϫ	3
ⲥϥ	3
ⲃⲉ	3
ⲅⲉ	3
ⲓⲉ	3
ⲓⲏ	3
ⲕⲣ	3
ⲗⲁ	3
ⲣⲛ	3
oⲩⲁ	3
ϩⲙϫ	3
ϭⲱϭ	3
ϣⲛⲁ	3
ϩⲁⲙ	3
ϩⲃⲥ	3
ϩⲛⲧ	3
ϫⲁⲕ	3
ϫⲁⲥ	3
ϫⲏⲣ	3
ϫⲟⲧ	3
ϫⲡⲓ	3
ϭⲣⲏ	3
ϭⲱⲧ	3
lost	3
ⲡϩⲟ	3
ⲁⲏⲣ	3
ⲁⲛⲁ	3
ⲃⲏⲗ	3
ⲇⲱⲙ	3
ⲉⲥⲉ	3
ⲉⲧⲣ	3
ⲟⲛϣ	3
ⲡⲉϩ	3
ⲗⲟⲕ	3
ⲣⲉϩ	3
ⲙⲉⲧ	3
ⲣⲱϣ	3
ⲙⲙⲁ	3
ⲙⲙⲓ	3
ⲙⲡⲓ	3
ⲙⲡ⳪	3
ⲛⲏⲩ	3
ⲛⲛⲁ	3
ⲧⲉϭ	3
ⲟⲩⲙ	3
ⲡⲏⲛ	3
ⲡⲓⲱ	3
ⲡⲛⲏ	3
ⲡⲣⲱ	3
ⲣⲙⲏ	3
ⲣⲱⲛ	3
ⲥⲁⲛ	3
ⲥⲏⲙ	3
ⲥⲟⲓ	3
ⲧⲁⲛ	3
ⲧⲉⲣ	3
ⲧⲟⲉ	3
ⲧⲥⲁ	3
ⲧⲱⲥ	3
ⲭⲉⲙ	3
ⲱⲉⲓ	3
ϣϩⲣⲉ	3
ϣⲉϫⲡ	3
ϩⲁϭⲉ	3
ϩⲱϫⲡ	3
ϭⲃϣⲁ	3
ϣⲙⲙⲱ	3
ϣⲟⲛⲧ	3
ϣⲟⲥⲙ	3
ϯϩⲣⲟⲟⲩ	3
ϥⲧⲟⲩ	3
ϩⲁⲣⲁ	3
ϩⲁⲥⲧ	3
ϩⲓⲛⲉ	3
ϩⲙⲉⲛ	3
ϩⲟⲃⲥ	3
ϩⲟⲟⲕ	3
ϩⲣⲏⲧ	3
ϩⲣⲓⲙ	3
ϩⲱⲣⲃ	3
ϩⲱⲱⲕ	3
ϫⲓⲣⲱ	3
ϭⲱⲗϫ	3
ϯⲕⲱϩ	3
ϯⲟⲥⲉ	3
ⲕⲁⲣⲟⲩⲭⲓⲟⲛ	3
ⲣⲉϥⲣⲡⲉⲧϩⲟⲟⲩ	3
ⲙⲡⲣⲉⲡⲓⲑⲩⲙⲓ	3
ⲥⲕⲉⲡⲁⲥⲧⲏⲥ	3
ⲇⲓⲁⲃⲁⲗⲉ	3
ϣⲣϩⲟⲟⲩⲧ	3
ⲛⲉⲓⲉⲫⲟⲛⲏ	3
ϭⲉⲗϭⲱⲗⲟⲩ	3
ⲉϭⲱϣ	3
ⲣϩⲁⲉ	3
ⲥϣⲛⲉ	3
ⲁⲃⲉⲗ	3
ⲁⲇⲁⲃ	3
ⲁⲣⲏⲩ	3
ⲁⲣⲓⲙ	3
ⲁⲧⲁⲁ	3
ⲁⲩⲁⲑ	3
ⲃⲉⲱⲣ	3
ⲃⲗⲗⲁ	3
ⲅⲏⲣⲁ	3
ⲉⲛⲱⲭ	3
ⲉⲧⲉⲣ	3
ⲉⲧⲉⲧ	3
ⲉⲧⲟⲧ	3
ⲙⲏϣⲉ	3
ⲛⲉϣⲁ	3
ⲓⲱⲣϩ	3
ⲓⲱⲁⲥ	3
ⲕⲉⲣⲁ	3
ⲕⲏⲣⲁ	3
ⲕⲗⲗⲉ	3
ⲡⲁϩⲟ	3
ⲕⲩⲛⲏ	3
ⲗⲁⲁⲙ	3
ⲗⲁⲕⲙ	3
ⲙⲛⲧϥ	3
ⲣⲱϩⲉ	3
ⲙⲙⲁⲛ	3
ⲙⲙⲟⲥ	3
ⲙⲟⲟⲛ	3
ⲙⲡⲟⲩ	3
ⲛⲉⲓϥ	3
ⲥⲟϣⲧ	3
ⲛⲓⲛⲉ	3
ⲛⲥⲁϣ	3
ⲧⲁϫⲓ	3
ⲧⲁϫⲟ	3
ⲧⲁϭⲥ	3
ⲛⲧⲁⲡ	3
ⲟⲩⲉⲛ	3
ⲟⲫⲉⲣ	3
ⲟⲫⲛⲓ	3
ⲡⲉⲥϩ	3
ⲡⲉⲁⲣ	3
ⲡⲉⲣⲉ	3
ⲡⲧⲁⲡ	3
ⲣⲃⲟⲕ	3
ⲣⲉⲕⲧ	3
ⲣⲱⲭϩ	3
ⲥⲉⲛⲁ	3
ⲥⲉⲧⲙ	3
ⲥⲓⲗⲱ	3
ⲥⲟⲗⲡ	3
ⲥⲱⲧϥ	3
ⲥⲱⲛⲅ	3
ⲧⲁⲥⲉ	3
ⲧⲁⲧⲙ	3
ⲧⲉⲛⲧ	3
ⲧⲉⲧⲉ	3
ⲧⲙⲉϣ	3
ⲧⲏⲟⲩ	3
ⲧⲗⲟⲙ	3
ⲧⲱⲕⲥ	3
ⲧⲱⲗⲥ	3
ⲉⲗⲁⲭⲓⲥⲧⲟⲥ	3
ⲥⲫⲉⲛⲇⲟⲛⲏ	3
ⲟⲩⲁϩⲙⲉϥ	3
ⲣⲉϥⲣⲡⲉⲧⲛⲁⲛⲟⲩϥ	3
ⲃⲁⲑⲟⲩⲏⲗ	3
ⲃⲁⲓⲑⲁⲣⲁ	3
ⲙⲛⲧⲙⲉⲧⲣⲉ	3
ⲧⲉⲭⲛⲓⲧⲏⲥ	3
ⲃⲁⲟⲩⲣⲓⲙ	3
ⲑⲉⲣⲁⲡⲉⲩⲉ	3
ⲁⲛⲁⲃⲁⲧⲏⲥ	3
ϩⲣϣⲓⲡⲉ	3
ϫⲓϥⲟϭⲥ	3
ϫⲓϫⲛⲓⲧ	3
ϭⲛϩⲙⲟⲧ	3
ϣⲟⲟϭⲉϥ	3
ϣⲙⲛⲧϣⲉ	3
ϣⲙⲟⲩⲛⲉ	3
ϣⲛⲉⲓⲱⲧ	3
ⲛⲏⲣⲉⲓⲁⲥ	3
ⲃⲉⲣⲥⲁⲃⲉ	3
ⲗⲁⲙϫⲁⲧⲡ	3
ⲛⲉⲣⲥⲟⲟⲩⲉ	3
ϩⲁⲗⲟⲩⲥ	3
ϩⲉⲗⲗⲏⲛ	3
ϩⲉⲣⲙⲱⲛ	3
ϩⲗⲟⲟⲗⲉ	3
ϩⲛⲁⲕⲓⲙ	3
ϩⲣⲉⲥⲫⲁ	3
ϩⲣⲱⲅⲏⲗ	3
ⲙⲛⲧϣⲁⲛϩⲧⲏ	3
ⲡⲟⲫⲉⲗⲉⲑⲓ	3
ⲙⲛⲧⲙⲁⲓϣⲓⲃⲉ	3
ⲁⲇⲣⲁⲁⲍⲁⲣ	3
ϫⲉⲕϫⲓⲕ	3
ϫⲁⲓⲟϩⲥ	3
ϭⲁⲗⲁϩⲧ	3
ϭⲓⲛⲩⲣⲁ	3
ⲗⲁⲩⲑⲙⲱⲛ	3
ⲛⲓⲉⲃⲟⲩⲥⲑⲉ	3
ϭⲓⲇⲁⲣⲓⲥ	3
ⲧϩⲉⲗⲡⲓⲥ	3
ⲕⲩⲙⲃⲁⲗⲟⲛ	3
ϣⲙϣⲓⲧ	3
ⲥⲕⲁⲛⲇⲁⲗⲓⲍⲉ	3
ϩⲁϩⲧⲉ	3
ϫⲁϩϫϩ	3
ϫⲓϩⲣⲁ	3
ϫⲓϩⲱⲛ	3
ϣⲉⲛϥⲉ	3
ϣⲁⲛⲟⲩ	3
ϣⲟⲧϣⲧ	3
ϣⲙⲟⲩⲓ	3
ϣⲧⲙⲙⲉ	3
ϣⲱⲙⲛⲧ	3
ϥⲁⲣⲉϩ	3
ϩⲁⲉⲟⲩ	3
ϩⲉⲣⲙⲁ	3
ϩⲏⲏⲛⲉ	3
ϩⲟⲛⲃⲉ	3
ϩⲟⲣⲙⲏ	3
ϩⲣⲁⲫⲁ	3
ϩⲣⲏⲩⲉ	3
ϩⲩⲡⲁⲣ	3
ϫⲁⲧⲙⲉ	3
ϫⲉⲉⲣⲉ	3
ϫⲓⲏⲡⲉ	3
ϫⲓⲛⲧⲁ	3
ϫⲟⲕϫⲕ	3
ϭⲁⲁϫⲉ	3
ϭⲣⲏϭⲉ	3
ϭⲟⲱⲩϭ	3
ϯⲕⲙⲙⲉ	3
ϯⲟⲩⲟⲓ	3
ⲧⲉⲣⲉⲃⲓⲛⲑⲟⲥ	3
ⲙⲙⲉⲙⲫⲓⲃⲟⲥⲑⲉ	3
ⲥⲛⲟⲟⲩⲥⲉ	3
ϩⲁⲙⲕⲗⲗⲉ	3
ϩⲁⲙⲛⲟⲩⲃ	3
ϩⲁⲡⲉⲥⲏⲧ	3
ⲑⲁⲙⲛⲁⲥⲁⲭⲁⲣ	3
ⲁⲃⲇⲉⲙⲉⲗⲉⲭ	3
ⲃⲣⲟⲩⲭⲟⲥ	3
ⲥⲡⲁⲧⲁⲗⲁ	3
ⲑⲁⲓⲙⲁⲛⲱⲛ	3
ⲡⲉⲣⲓⲥⲡⲁ	3
ⲫⲁⲛⲟⲩⲏⲗ	3
ⲡⲁⲣⲣⲏⲥⲓⲁⲍⲉ	3
ⲙⲉϩϣⲟⲙⲧ	3
ϭⲓⲛⲙⲟⲟϣⲉ	3
ϭⲓⲛⲟⲩⲟⲟⲙ	3
ⲃⲁϣⲟⲩⲣ	3
ⲙⲛⲧⲁⲧϣⲓⲡⲉ	3
ⲉϩⲟⲩⲉⲣⲟⲟⲩ	3
ⲛϩⲣⲁⲓ	3
ⲡϩⲏⲕⲉ	3
ⲣϫⲁϫⲉ	3
ⲣϣⲏⲃⲉ	3
ⲣϩⲙⲙⲉ	3
ⲛⲓⲉⲣⲓⲙⲟⲩⲑ	3
ⲁⲣⲭⲓⲙⲁⲅⲓⲣⲟⲥ	3
ⲣⲉϥϣⲟⲡⲛ	3
ⲣⲉϥϭⲉⲡⲏ	3
ⲁⲃⲉⲥⲥⲁ	3
ⲁⲓⲧⲏⲙⲁ	3
ⲙⲉϩⲉⲓⲁⲧ	3
ⲁⲛⲉⲓⲛⲉ	3
ⲥϭⲣⲉϩⲧ	3
ⲁⲡⲁⲛⲧⲁ	3
ⲕⲉⲛⲉⲍⲁⲓⲟⲥ	3
ⲧⲉⲑⲁⲗⲗⲁⲥⲥⲁ	3
ⲃⲁⲗⲇⲁⲇ	3
ⲃⲁⲗⲗⲁⲗ	3
ⲡⲣⲟϩⲟⲙⲓⲟⲛ	3
ⲃⲗⲃⲓⲗⲉ	3
ⲥⲙⲛⲛⲟⲙⲟⲥ	3
ⲉⲗⲉⲗϩⲙϫ	2
ⲅⲁⲃⲁⲁⲣ	2
ⲅⲁⲃⲁⲏⲗ	2
ⲅⲁⲇⲇⲉⲓ	2
ⲅⲁⲩⲗⲱⲛ	2
ⲅⲉⲗⲙⲱⲛ	2
ⲥⲁⲗⲁⲑⲓⲏⲗ	2
ⲛⲁⲟⲙⲕⲛⲉⲛ	2
ⲉⲗⲓⲉⲍⲉⲣ	2
ⲙⲙⲉⲣⲁⲣⲉⲓ	2
ⲇⲁⲓⲃⲱⲛ	2
ⲇⲁⲣⲓⲟⲥ	2
ⲇⲁⲫⲁⲅⲁ	2
ⲇⲉⲃⲁⲑⲁ	2
ⲙⲁⲅⲉⲓⲣⲟⲥ	2
ⲙⲁⲅⲉⲗⲗⲁⲑ	2
ϣⲟⲩⲉⲉⲣⲱⲧⲉ	2
ⲧⲉϣⲟⲩⲱⲃⲉ	2
ⲡⲟⲗⲏⲙⲟⲥ	2
ⲡⲟⲛⲉⲣⲟⲥ	2
ⲧⲟⲗⲙⲏⲣⲟⲥ	2
ⲕⲱϩⲧⲙⲟⲩϩ	2
ⲓⲏⲥⲥⲟⲩⲥ	2
ⲇⲱⲃⲓⲁⲥ	2
ⲥⲧⲣⲁⲧⲉⲩⲙⲁ	2
ⲥⲧⲣⲁⲧⲏⲅⲟⲥ	2
ⲣⲉϥϯⲕⲁⲣⲡⲟⲥ	2
ⲉⲛϣⲟⲧ	2
ⲉⲓⲁⲁⲃⲉ	2
ⲉⲓⲁⲁⲧⲉ	2
ⲁⲅⲁⲑⲏ	2
ⲁⲓⲗⲱⲙ	2
ⲁⲙⲏⲉⲓ	2
ⲁⲛⲧⲁϣ	2
ⲉⲓⲟⲟⲩⲉ	2
ⲁⲣⲁⲃⲁ	2
ⲁⲣⲛⲱⲛ	2
ⲁⲧⲃⲁⲗ	2
ⲁⲧⲃⲉⲥ	2
ⲉⲓⲥⲟⲧⲡ	2
ⲁⲧⲱⲗⲙ	2
ⲁⲩⲉⲓⲛ	2
ⲁⲭⲓⲛⲁ	2
ⲃⲁⲁⲛⲁ	2
ⲃⲁⲓⲱⲛ	2
ⲃⲁⲙⲡⲉ	2
ⲃⲁⲥⲛϭ	2
ⲃⲉⲍⲉⲕ	2
ⲃⲏⲛⲛⲉ	2
ⲃⲟⲛⲧⲉ	2
ⲃⲟⲟⲣⲉ	2
ⲃⲱⲱⲧⲉ	2
ⲅⲁⲃⲱⲛ	2
ⲅⲁⲓⲟⲥ	2
ⲉⲗⲓⲫⲁⲥ	2
ⲉⲗⲕⲁⲛⲁ	2
ⲅⲛⲱⲙⲏ	2
ⲅⲣⲁⲫⲏ	2
ⲕⲓⲛⲇⲩⲛⲉⲩⲉ	2
ⲉⲓⲁⲧⲉ	2
ⲉⲓⲱⲣⲕ	2
ⲉⲗⲉⲓⲙ	2
ⲉⲙⲙⲁⲩ	2
ⲉⲛⲉⲣⲉ	2
ⲉⲧⲁⲩⲟ	2
ⲉⲧⲉⲧⲉ	2
ⲉⲧⲏⲛⲏ	2
ⲉⲧⲁϩⲉⲣ	2
ⲉⲩⲛⲟⲩ	2
ⲉⲛⲧⲟⲟⲧ	2
ⲉⲫⲟⲩⲇ	2
ⲉⲫⲣⲱⲛ	2
ⲕⲉϩⲧⲉ	2
ⲉⲧⲉϩⲛⲁ	2
ⲗⲟϥⲗϥ	2
ⲙⲉϫⲏⲗ	2
ⲍⲱⲙⲓⲛ	2
ⲛⲉϫϩⲛ	2
ⲛⲉϣⲱⲧ	2
ⲛⲉϩⲃⲱ	2
ⲑⲁⲙⲛⲁ	2
ⲑⲁⲫⲉⲑ	2
ⲛⲟϣⲡⲧ	2
ⲑⲉⲙⲕⲉ	2
ⲑⲉⲙⲕⲟ	2
ⲑⲉⲣⲥⲁ	2
ⲓⲁⲥⲏⲣ	2
ⲉⲥⲭⲁⲣⲁ	2
ⲕⲁⲃⲁⲁ	2
ⲕⲁⲇⲉⲥ	2
ⲕⲁⲍⲉⲣ	2
ⲕⲁⲣⲉϩ	2
ⲕⲁⲥⲓⲁ	2
ⲕⲁⲥⲕⲥ	2
ⲕⲉⲛⲉⲍ	2
ⲕⲟⲓϩⲉ	2
ⲕⲟⲩⲁϣ	2
ⲕⲟⲩⲛⲧ	2
ⲕⲣⲙⲧⲥ	2
ⲕⲧⲏⲙⲁ	2
ⲕⲧⲟⲉⲓ	2
ⲕⲩⲣⲟⲥ	2
ⲡⲉϫⲁⲓ	2
ⲡⲉϯⲛⲉ	2
ⲕⲱⲗⲩⲉ	2
ⲗⲁⲓⲥⲁ	2
ⲡⲟϣⲥϥ	2
ⲗⲉⲃⲏⲥ	2
ⲗⲉⲉⲗⲉ	2
ⲗⲏⲙⲙⲁ	2
ⲗⲟⲓϩⲉ	2
ⲗⲕⲁⲛⲁ	2
ⲗⲟⲉⲥⲟ	2
ⲣⲁϩⲧⲉ	2
ⲣⲉϥⲉⲛ	2
ⲙⲁⲓⲉⲛ	2
ⲙⲁⲧⲁⲛ	2
ⲙⲃⲟⲗⲏ	2
ⲙⲉⲛⲧⲉ	2
ⲙⲉⲟⲩⲧ	2
ⲙⲉⲥⲁⲫ	2
ⲙⲉⲥⲓⲟ	2
ⲙⲛⲧϣⲁ	2
ⲙⲗⲟⲟϩ	2
ⲙⲙⲓⲥⲉ	2
ⲙⲙⲡⲉϥ	2
ⲙⲙⲛⲧⲏ	2
ⲙⲛⲥⲱⲥ	2
ⲙⲛⲧⲣⲙ	2
ⲙⲟⲕⲙⲕ	2
ⲙⲟⲛⲟⲛ	2
ⲙⲡⲁⲧϥ	2
ⲙⲡⲗⲁϩ	2
ⲙⲡⲟⲩⲉ	2
ⲙⲩⲣⲣⲁ	2
ⲛⲁⲁϫⲉ	2
ⲥⲟϣϥⲧ	2
ⲛⲁⲃⲱⲑ	2
ⲛⲁⲅⲁⲅ	2
ⲛⲁⲅⲉⲃ	2
ⲛⲁⲛⲁⲑ	2
ⲛⲁⲥⲓⲃ	2
ⲛⲉⲑⲑⲓ	2
ⲛⲉⲙⲱⲣ	2
ⲛⲓⲟⲟⲣ	2
ⲛⲓⲟⲩⲗ	2
ⲛⲟⲏⲙⲁ	2
ⲛⲟⲛⲱⲙ	2
ⲛⲥⲁⲓⲏ	2
ⲧⲁϥⲧⲉ	2
ⲛⲱⲥⲉⲏ	2
ⲧⲗϯⲗⲉ	2
ⲟⲉⲓⲙⲉ	2
ⲟⲉⲓⲡⲉ	2
ⲟⲩⲱϣ†	2
ⲟⲩⲱϣⲙ	2
ⲟⲩⲟⲧϩ	2
ⲟⲩⲙⲟⲣ	2
ⲟⲩⲧⲁϩ	2
ⲟⲩⲟⲙⲥ	2
ⲟⲩⲥⲏⲥ	2
ⲟⲩⲱⲧϥ	2
ⲡⲁⲓⲡⲉ	2
ⲡⲁⲣⲁⲓ	2
ⲡⲁⲣⲟⲩ	2
ⲡⲁⲧⲁⲡ	2
ⲡⲉⲃⲓⲱ	2
ⲡⲉⲓⲃⲧ	2
ⲡⲉⲛⲛⲉ	2
ⲡⲓⲉⲣⲟ	2
ⲡⲓⲥⲧⲏ	2
ⲡⲟⲙⲓⲥ	2
ⲡⲟⲙⲡⲉ	2
ⲣⲁⲃⲓⲛ	2
ⲣⲁⲑⲙⲁ	2
ⲣⲁⲭⲉⲓ	2
ⲣⲃⲗⲗⲉ	2
ⲣⲕⲟⲩⲓ	2
ⲣⲡⲗϭⲉ	2
ⲣⲗⲁⲁⲩ	2
ⲣⲧⲱⲣⲉ	2
ⲥⲁⲃⲟⲗ	2
ⲥⲁⲓⲟⲥ	2
ⲥⲁⲗⲏⲙ	2
ⲥⲁⲫⲁⲣ	2
ⲥⲁⲭⲁⲣ	2
ⲥⲃⲗⲧⲉ	2
ⲥⲉⲗⲭⲁ	2
ⲥⲉⲛⲧⲉ	2
ⲥⲏⲇⲱⲑ	2
ⲥⲏⲗⲱⲙ	2
ⲥⲏⲣⲱⲑ	2
ⲥⲓⲟⲟⲩ	2
ⲥⲓⲧⲏⲥ	2
ⲥⲥⲟⲩⲣ	2
ⲥⲱⲃⲁⲗ	2
ⲥⲱⲣⲏⲭ	2
ⲧⲁⲉⲓⲉ	2
ⲧⲁⲛⲟϭ	2
ⲧⲁⲓⲧⲉ	2
ⲧⲁⲟⲟⲩ	2
ⲧⲁⲣⲕⲟ	2
ϭⲓⲛⲇⲩⲛⲉⲩⲉ	2
ⲧⲉⲛⲧⲛ	2
ⲧⲉⲣⲁⲱ	2
ⲧⲉⲥⲉⲱ	2
ⲧⲏⲡⲟⲩ	2
ⲧⲟⲟⲧⲉ	2
ⲧⲟⲣⲧⲣ	2
ⲧⲟⲩⲓⲏ	2
ⲧⲟⲩⲱⲧ	2
ⲧⲥⲃⲕⲉ	2
ⲧⲩⲡⲟⲥ	2
ⲟⲩⲉⲉⲓⲉⲛⲓⲛ	2
ⲫⲫⲱⲣⲁ	2
ⲭⲁⲣⲙⲓ	2
ⲭⲓⲙⲱⲛ	2
ⲭⲱⲣⲓⲥ	2
ⲣⲉϥⲁϣⲁⲓ	2
ⲧⲩⲑⲏⲛⲓⲟⲛ	2
ⲣⲉϥⲕⲱⲛⲥ	2
ⲣⲉϥⲗⲩⲡⲓ	2
ⲣⲉϥⲥⲱⲛⲧ	2
ⲣⲉϥⲥⲱⲧⲉ	2
ⲣⲉϥⲥⲱⲧⲙ	2
ϩⲩⲡⲟⲕⲣⲓⲛⲉ	2
ⲉⲗⲁⲙⲓⲧⲏⲥ	2
ⲡⲣⲟⲥⲉⲭⲉ	2
ⲉⲩⲫⲣⲁⲁⲛⲉ	2
ⲕⲁⲣⲓⲁⲑⲃⲁⲁⲗ	2
ⲁⲛⲁⲗⲁⲙⲃⲁⲛⲉ	2
ⲍⲁⲣⲁⲉⲓ	2
ⲍⲁⲣⲓⲁⲥ	2
ϩⲉⲃⲇⲟⲙⲁⲥ	2
ⲧⲉϩⲓⲁⲓⲃⲉ	2
ⲧⲁⲉⲓⲏⲟⲩ	2
ⲙⲉϣϯⲃⲥ	2
ⲙⲉϩϩⲏⲧ	2
ⲙⲉϩϯⲟⲩ	2
ⲥⲩⲛϩⲓⲥⲧⲁ	2
ⲧⲁⲩⲉⲣⲓⲛ	2
ⲇⲉⲩⲧⲉⲣⲟⲛⲟⲙⲓⲟⲛ	2
ⲙⲉϩⲥⲉⲡ	2
ⲙⲉϩⲯⲓⲥ	2
ⲕⲉⲇⲣⲓⲛⲟⲛ	2
ⲭⲙⲁⲗⲱⲥⲓⲁ	2
ⲛⲉϭⲛⲉϭ	2
ϫⲓϩⲁⲉⲓⲃⲉⲥ	2
ⲉⲡⲓⲃⲟⲩⲗⲟⲥ	2
ⲉⲣⲅⲁⲧⲏⲥ	2
ⲑⲏⲃⲁⲓⲥ	2
ⲑⲓⲉⲣⲟⲩ	2
ⲅⲉⲑⲉⲃⲁⲛ	2
ⲉⲣⲙⲛⲧⲣⲉ	2
ⲙⲛⲧⲉⲣⲣⲱⲟⲩ	2
ⲅⲉⲣⲁⲣⲟⲥ	2
ⲥⲁⲣⲟⲩⲓⲁⲥ	2
ⲛⲁⲭⲁⲣⲉⲓⲙ	2
ⲓⲉⲃⲑⲁⲉ	2
ⲓⲉⲃⲟⲩⲥ	2
ⲓⲟⲑⲟⲟⲣ	2
ⲓⲥⲥⲁⲁⲣ	2
ⲕⲁⲛⲉϫⲉ	2
ⲧⲉⲕⲁϭⲓⲁ	2
ⲕⲉⲣⲙⲉⲥ	2
ⲧⲉⲓⲙⲓⲛⲉ	2
ⲕⲕⲁⲣⲱⲛ	2
ⲧⲉⲗⲉⲓⲟⲥ	2
ⲕⲗⲁⲧⲟⲥ	2
ⲙⲁⲓⲛⲟⲩⲧⲉ	2
ⲕⲟⲓⲧⲱⲛ	2
ⲕⲟⲡⲣⲟⲥ	2
ⲉⲧⲟⲣⲓⲛⲏ	2
ⲕⲣⲟⲕⲟⲥ	2
ⲡⲉϫⲏⲧⲛ	2
ϫⲓϩⲓⲕⲱⲛ	2
ⲡⲉⲣⲓⲍⲟⲙⲁ	2
ⲉⲡⲉⲓⲑⲩⲙⲓⲁ	2
ⲗⲉⲗϩⲙϫ	2
ⲗⲁⲕⲁⲛⲏ	2
ⲗⲁⲩⲉⲓⲇ	2
ⲡⲟϣⲥⲟⲩ	2
ⲗⲉⲁⲛⲁⲛ	2
ⲗⲉⲃⲱⲛⲁ	2
ⲗⲓⲥⲁⲙⲁ	2
ⲉⲩⲗⲟⲅⲓⲁ	2
ⲗⲟⲉⲓϭⲉ	2
ⲗⲟⲩⲧⲏⲣ	2
ⲣⲉϥϣⲱⲡ	2
ⲣⲉϥⲛⲟⲓ	2
ⲣⲉϥⲡⲱⲧ	2
ⲙⲁⲁⲃⲧⲏ	2
ⲙⲁⲙⲡⲱⲧ	2
ⲙⲁⲣⲣⲱⲛ	2
ⲙⲁⲥⲏⲫⲁ	2
ⲙⲁⲭⲉⲓⲣ	2
ⲁⲫⲟⲣⲓⲥⲙⲁ	2
ⲙⲉⲧⲉⲭⲉ	2
ⲙⲛⲧϣⲁⲛ	2
ⲙⲛⲧϩⲁⲕ	2
ⲙⲓⲭⲉⲁⲥ	2
ⲙⲙⲛⲛⲥⲁ	2
ⲙⲟⲉⲓϩⲉ	2
ⲙⲟⲅⲕⲟⲩ	2
ⲙⲟⲩⲥⲏⲥ	2
ⲧⲙⲉϩϥⲧⲟ	2
ⲥⲁϩⲱⲱⲛ	2
ϩⲓϩⲣⲁⲩϣⲏⲃ	2
ⲥⲓϭⲓⲙⲁ	2
ⲛⲉⲩϫⲁⲓ	2
ⲡⲁⲥⲧⲟⲫⲟⲣⲓⲟⲛ	2
ⲛⲁⲓⲇⲁⲙ	2
ⲛⲁⲧⲁⲁϥ	2
ⲛⲉⲗⲓⲥⲁ	2
ⲛⲉⲙⲏⲧⲛ	2
ⲛⲉⲣⲁⲧⲉ	2
ⲛⲉⲫⲣⲱⲛ	2
ⲛⲟⲩϩⲟⲣ	2
ⲫⲩⲗⲟⲟⲩⲉ	2
ⲙⲛⲧⲓⲟⲩⲇⲁⲓ	2
ⲛⲟⲍⲓⲁⲥ	2
ⲟⲩⲣⲙⲙⲁⲟⲕⲓⲙ	2
ⲛⲥⲁⲃⲟⲗ	2
ⲧⲁϫⲟⲟⲩ	2
ⲛⲧⲏⲩⲧⲛ	2
ⲁⲡⲟⲥⲧⲁⲧⲏⲥ	2
ⲕⲩⲡⲁⲣⲓⲥⲟⲥ	2
ⲙⲁⲁⲗⲗⲱⲛ	2
ⲙⲁⲅⲉⲇⲇⲱ	2
ⲙⲁⲅⲓⲣⲟⲥ	2
ⲙⲁⲇⲉⲕⲕⲁ	2
ⲙⲁⲉⲗⲗⲉⲑ	2
ⲣⲉϥϫⲓϣⲱⲙ	2
ⲙⲁⲛⲁⲉⲓⲙ	2
ⲙⲁⲛⲟⲩⲱϩ	2
ⲡⲟⲗⲩⲁⲛⲇⲣⲓⲟⲛ	2
ⲡⲟⲫⲉⲗⲉⲑⲑⲓ	2
ⲣⲉϥϫⲱⲱⲗⲉ	2
ⲙⲁⲥⲁⲓⲟⲥ	2
ⲙⲁⲧⲁⲙⲓⲟ	2
ⲡⲉⲭⲉⲣⲉⲑⲓ	2
ⲟⲩⲁⲥϥⲉ	2
ⲟⲩⲟⲟϩⲉ	2
ⲟⲩⲟⲉⲓⲉ	2
ⲟⲩⲟⲉⲓⲕ	2
ⲟⲩⲟⲙⲉϥ	2
ⲟⲩⲟⲛⲁϩ	2
ⲟⲩⲟⲙⲧⲉ	2
ⲟⲩⲟⲟⲧⲉ	2
ⲟⲩⲥⲉⲧⲙ	2
ⲟⲩⲩⲩⲭⲏ	2
ⲕⲗⲏⲣⲟⲛⲟⲙⲟⲥ	2
ⲃⲁⲓⲑⲃⲏⲣⲁ	2
ϩⲁⲙⲁⲗⲏⲕⲓⲧⲏⲥ	2
ϩⲩⲅⲟⲩⲙⲉⲛⲟⲥ	2
ⲡⲁⲧϩⲏⲧ	2
ⲣⲙⲛⲥⲟⲉⲓⲧ	2
ⲣⲙⲛⲥⲟⲟⲩⲛ	2
ⲣⲉϥϩⲗⲟⲟⲗⲉ	2
ⲡⲁⲗⲁⲕⲏ	2
ϩⲓⲉⲣⲟⲃⲱⲁⲗ	2
ⲡⲁⲫⲉⲣⲉ	2
ⲡⲉⲅⲣⲩⲯ	2
ⲡⲉⲓⲧⲁⲗ	2
ⲡⲉⲣⲇⲓⲝ	2
ⲡⲉⲣⲥⲏⲥ	2
ⲡⲉⲣⲥⲟⲥ	2
ⲡⲉⲭⲉⲣⲉ	2
ⲡⲟⲇⲏⲣⲏ	2
ⲡⲟⲙⲓⲛⲏ	2
ⲡⲫⲁⲙⲁⲣ	2
ⲭⲱⲛⲉⲩⲧⲟⲛ	2
ⲣⲁⲧϣⲁⲩ	2
ⲣⲙⲉⲉⲩⲉ	2
ⲛⲉⲃⲁϩⲁⲗⲓⲙ	2
ⲧⲉⲕⲟⲓⲕⲱⲛⲟⲙⲓⲁ	2
ϯⲗⲟⲩⲗⲁⲓ	2
ⲥⲁⲗⲙⲱⲛ	2
ⲥⲁⲧⲧⲓⲛ	2
ⲃⲁⲗⲧⲁⲥⲁⲣ	2
ⲥⲉⲃⲁⲙⲁ	2
ⲥⲉⲙⲉⲉⲓ	2
ⲡⲉⲣⲓⲕⲉⲫⲁⲗⲉⲁ	2
ⲥⲏⲙⲉⲉⲓ	2
ⲥⲓⲛⲇⲱⲛ	2
ⲙⲉⲕⲁⲭⲱⲣ	2
ⲥⲕⲓⲣⲧⲁ	2
ⲧⲙⲙⲟⲟϣⲉ	2
ⲙⲉⲥⲧϩⲏⲧ	2
ⲥⲛⲕⲟⲩⲓ	2
ⲥⲟⲅⲭⲱⲑ	2
ⲉⲓⲁⲛⲧⲟⲟⲩ	2
ⲥⲟⲕⲭⲱⲑ	2
ⲥⲟⲗⲥⲉⲗ	2
ⲥⲟⲗⲩⲙⲁ	2
ⲥⲟⲙⲟⲣⲁ	2
ⲥⲟⲩⲯⲓⲧ	2
ⲥⲡⲟⲩⲇⲏ	2
ⲙⲉⲥⲥⲉⲉⲓ	2
ⲥⲧⲉⲓⲣⲁ	2
ⲥⲩⲏⲣⲟⲥ	2
ⲥⲱⲙⲛⲁⲥ	2
ⲧⲁⲧⲁϩⲟ	2
ⲧⲃⲃⲏⲟⲩ	2
ⲧⲇⲓⲡⲗⲏ	2
ⲧⲛⲧⲱⲛⲉ	2
ⲧⲟⲕⲙⲉϥ	2
ⲧⲣⲁⲕⲧⲟ	2
ⲣⲁⲥⲉⲃⲏⲥ	2
ⲧⲣⲧⲱⲣⲥ	2
ⲧⲥⲓⲱⲧⲛ	2
ⲉⲡⲓⲥⲧⲏⲙⲏ	2
ⲉⲡⲓⲥⲧⲟⲗⲏ	2
ϫⲁⲥⲓⲃⲁⲗ	2
ⲛⲥⲁⲣⲁⲓⲁⲥ	2
ⲓⲱⲥⲉⲇⲉⲕ	2
ⲙⲁⲧⲧⲁⲣⲓⲛ	2
ⲥⲁϩⲉⲫⲓⲛⲏⲃ	2
ⲧⲟⲓⲕⲓⲟⲥ	2
ⲕⲓⲛⲇⲩⲛⲟⲥ	2
ⲧⲟⲩⲛⲓⲁⲧ	2
ⲭⲉⲇⲣⲱⲛ	2
ⲭⲉⲣⲥⲟⲥ	2
ⲁⲙⲫⲓⲧⲁⲡⲟⲥ	2
ⲙⲛⲧϣⲉⲛⲉ	2
ⲙⲁⲥⲟⲩⲣⲟⲩⲑ	2
ⲭⲱⲣⲧⲟⲥ	2
ⲥⲩⲙⲃⲟⲗⲟⲥ	2
ⲡⲁⲣⲁⲅⲅⲓⲗⲉ	2
ⲡⲁⲁⲅⲅⲁⲓⲟⲥ	2
ⲃⲁⲣⲁⲭⲓⲏⲗ	2
ⲁⲡⲟⲕⲁⲑⲓⲥⲧⲁ	2
ⲡⲁⲣⲁⲛⲟⲙⲟⲛ	2
ⲡⲁⲣⲁⲡⲧⲱⲙⲁ	2
ⲙⲓⲭⲁⲓⲁⲥ	2
ⲓⲉⲍⲟⲛⲓⲁⲥ	2
ⲭⲁⲗⲓⲛⲟⲥ	2
ⲃⲁⲥⲁⲛⲓⲍⲉ	2
ⲭⲁⲣⲁⲇⲁⲑ	2
ⲉⲡⲓⲥⲕⲟⲡⲟⲥ	2
ⲁⲭⲓⲁⲭⲁⲣⲟⲥ	2
ⲓⲥⲙⲁⲏⲗⲓⲧⲏⲥ	2
ⲁⲑⲁⲓⲧⲉⲓ	2
ⲙⲙⲉⲗⲭⲱⲗ	2
ϩⲟⲗⲟⲕⲁⲣⲡⲱⲙⲁ	2
ⲣⲣⲉϥϫⲓϭⲟⲗ	2
ⲧⲁⲗⲉⲑⲩⲥⲓⲁ	2
ⲕⲁⲑⲁⲣⲟⲛ	2
ⲡⲉϫⲉⲓⲉⲫⲑⲁⲉ	2
ⲛⲥⲁⲣⲟⲩⲉⲓⲁⲥ	2
ⲙⲛⲧⲉϣⲱⲧ	2
ⲙⲛⲧⲁⲧⲛⲁ	2
ⲙⲛⲧⲉⲡⲣⲁ	2
ⲕⲁⲧⲁⲧϩⲉ	2
ⲙⲛⲧⲣⲉϥⲣ	2
ⲙⲛⲧⲣⲙϩⲉ	2
ⲙⲛⲧⲛⲁⲏⲧ	2
ⲙⲛⲧⲡⲁⲡⲉ	2
ⲥⲟⲫⲟⲛⲓⲁⲥ	2
ⲡⲣⲟⲥⲉⲛⲉⲅⲕⲉ	2
ⲡⲁⲣⲭⲓⲙⲁⲅⲓⲣⲟⲥ	2
ⲡⲁⲣⲭⲏⲙⲁⲅⲉⲓⲣⲟⲥ	2
ⲁⲗⲉⲕⲧⲱⲣ	2
ⲉⲧⲁⲑⲁⲓⲧⲓ	2
ⲭⲉⲗⲁⲓⲱⲛ	2
ⲧⲁϣⲉⲛⲟⲃⲉ	2
ⲡⲁⲛϩⲟⲡⲗⲓⲁ	2
ⲙⲛⲧϩⲁⲣϣϩⲏⲧ	2
ⲁⲛⲁⲙⲉⲏⲗ	2
ⲁⲛⲁⲧⲟⲗⲏ	2
ⲛⲉⲓⲁⲧⲁⲣⲏϫⲛⲟⲩ	2
ⲃⲁϩⲁⲗⲓⲙ	2
ⲙⲟⲩⲛⲉⲓⲟⲟⲩⲉ	2
ⲕⲉⲇⲇⲟⲩⲣ	2
ⲕⲉⲇⲥⲟⲩⲣ	2
…………………………	2
ⲕⲉⲑⲁⲓⲟⲥ	2
ⲕⲉⲧⲇⲟⲩⲣ	2
ⲉⲧⲉⲃⲟⲥⲟⲣ	2
ⲣⲉϥⲡⲉϩϣⲉ	2
ⲗⲟⲅⲓⲥⲙⲟⲥ	2
ⲣⲉϥⲙⲟⲟⲛⲉ	2
ⲣⲉϥⲟⲩⲱⲧϩ	2
ⲣⲉϥⲡⲟⲟⲛⲉ	2
ⲣⲉϥⲧⲱⲱⲃⲉ	2
ⲛⲥⲁⲃⲟⲩⲗⲱⲛ	2
ⲭⲓⲙⲉⲗⲉⲭ	2
ⲭⲓⲧⲟⲫⲉⲗ	2
ⲡⲁⲙⲟⲣⲁⲓⲟⲥ	2
ⲛⲉⲙⲫⲓⲃⲟⲥⲑⲉ	2
ⲟⲩϣⲙⲏⲛⲉ	2
ⲙⲩⲣⲥⲓⲛⲏ	2
ⲗⲉⲓⲧⲟⲩⲣⲅⲓⲁ	2
ⲁⲣⲭⲁⲓⲟⲥ	2
ⲙⲡⲣⲉϥⲗⲩⲡⲓ	2
ⲕⲓⲇⲁⲣⲓⲥ	2
ⲧⲉⲕⲙⲥⲏϥⲉ	2
ⲁⲭⲓⲙⲉⲗⲉⲭ	2
ⲡⲣⲟⲫⲏⲧⲓⲥ	2
ⲙⲛⲧⲣⲉϥϫⲛⲁⲁⲩ	2
ⲓⲉⲙⲓⲛⲁⲓⲟⲥ	2
ⲙⲛⲧⲣⲙⲛⲛⲟⲩⲧⲉ	2
ϩⲩⲡⲟⲡⲟⲇⲓⲟⲛ	2
ⲇⲉⲃⲗⲁⲑⲁ	2
ⲛⲉⲇⲣⲁⲕⲟⲛ	2
+	2
}	2
†	2
…	2
ϥϣ	2
ϥ…	2
ϣⲗ	2
ϣⲣ	2
ϣⲧ	2
ϭⲁ	2
ϭⲙ	2
ⲁⲑ	2
ⲁⲕ	2
ⲉⲣ	2
ⲉⲥ	2
ⲉⲧ	2
ⲓⲑ	2
ⲕⲛ	2
ⲡⲱ	2
ⲣⲣ	2
ⲥⲕ	2
ⲥⲗ	2
ⲥⲡ	2
ⲥⲧ	2
ⲱⲁ	2
ⲱⲛ	2
ϣⲟϣ	2
ϥⲁϩ	2
ϫⲏϭ	2
ϫⲓϩ	2
ϫⲓϫ	2
ϫⲱϥ	2
ϭⲉϣ	2
ϭⲉϭ	2
ϭⲏϭ	2
ϣⲁⲁ	2
ϣⲁⲣ	2
ϣⲉⲓ	2
ϣⲟⲓ	2
ϣⲟⲗ	2
ϣⲧⲟ	2
ϥⲁⲓ	2
ϥⲓⲡ	2
ϩⲁⲕ	2
ϩⲁⲛ	2
ϩⲉⲕ	2
ϩⲉⲙ	2
ϫⲉⲁ	2
ϫⲉⲛ	2
ϫⲓⲙ	2
ϫⲓⲡ	2
ϫⲛⲁ	2
ϫⲛⲧ	2
ϫⲟⲉ	2
ϫⲱⲣ	2
ϭⲓⲛ	2
ϭⲗⲙ	2
ϭⲗⲟ	2
ϭⲟⲛ	2
ϭⲟⲡ	2
ϯⲥⲱ	2
ⲣⲉϥϣⲙϣⲉⲛⲟⲩⲧⲉ	2
…ϩⲛ	2
ⲡϭⲥ	2
ⲣϩⲛ	2
ⲃⲏϣ	2
ⲃⲏϩ	2
ⲁⲇⲁ	2
ⲁⲗⲱ	2
ⲁⲛⲧ	2
ⲁⲣⲏ	2
ⲁⲱⲑ	2
ⲃⲓⲣ	2
ⲃⲟⲙ	2
ⲃⲟⲧ	2
ⲅⲉⲇ	2
ⲇⲱⲣ	2
ⲉⲃⲏ	2
ⲉⲗⲟ	2
ⲉⲛⲧ	2
ⲉⲱⲛ	2
ⲕⲟϩ	2
ⲑⲁⲛ	2
ⲑⲉⲙ	2
ⲑⲑⲓ	2
ⲑⲓⲟ	2
ⲑⲗⲟ	2
ⲑⲟⲩ	2
ⲓⲱⲛ	2
ⲕⲉⲓ	2
ⲕⲏⲃ	2
ⲕⲏⲙ	2
ⲟⲩϯ	2
ⲕⲛⲥ	2
ⲛⲁ…	2
ⲗⲗⲁ	2
ⲙⲁⲑ	2
ⲙⲁⲕ	2
ⲙⲁⲩ	2
ⲙⲉⲩ	2
ⲙⲛⲓ	2
ⲥⲉϣ	2
ⲙⲱⲑ	2
ⲛⲁⲉ	2
ⲛⲁⲙ	2
ⲛⲁⲧ	2
ⲛⲓⲁ	2
ⲛⲥⲉ	2
ⲛⲧⲥ	2
ⲟⲧⲡ	2
ⲟⲩⲗ	2
ⲡⲏⲓ	2
ⲡⲟⲕ	2
ⲡⲟⲛ	2
ⲣⲁⲑ	2
ⲣⲃⲉ	2
ⲣⲃⲧ	2
ⲣⲛⲧ	2
ⲣⲣⲱ	2
ⲥⲉⲣ	2
ⲥⲓⲧ	2
ⲥⲗⲡ	2
ⲥⲟⲗ	2
ⲥⲟⲙ	2
ⲥⲧⲉ	2
ⲱⲣϥ	2
ⲱⲥϭ	2
ⲧⲏⲧ	2
ⲧⲟⲕ	2
ⲧⲱⲃ	2
ⲩⲁⲑ	2
ⲫⲉⲛ	2
ⲭⲁⲣ	2
ⲭⲉⲧ	2
ⲱⲍⲁ	2
ⲱⲗⲙ	2
ⲃⲟⲥⲟⲣⲣⲁⲛ	2
ⲟⲩⲉϩⲛⲟⲃⲉ	2
ϯϩⲓⲱⲱϥ	2
ϯϩⲓⲱⲱⲧ	2
ϣⲟϣⲧ	2
ϣⲱϭⲉ	2
ϩⲛϫⲓ	2
ϩⲣϩⲣ	2
ϫⲁϩⲥ	2
ϣⲁⲉⲓ	2
ϣⲏⲃⲉ	2
ϣⲛⲟϣ	2
ϣⲓⲁⲓ	2
ϣⲣⲱϣ	2
ϣⲙⲱⲉ	2
ϣⲛⲧⲉ	2
ϣⲛⲧⲱ	2
ϣⲟⲧⲙ	2
ϣⲱⲕϩ	2
ϣⲱⲗϩ	2
ϣⲱⲛϥ	2
ϣⲧⲟⲃ	2
ϣⲧⲟⲙ	2
ϣⲱⲛⲧ	2
ϯⲧϩⲉ	2
ϥⲟⲧⲉ	2
ϩⲁⲣϣ	2
ϩⲁⲡⲥ	2
ϩⲁⲧⲙ	2
ϩⲃⲟⲥ	2
ϩⲉⲃⲉ	2
ϩⲕⲱϩ	2
ϩⲙⲉϣ	2
ϩⲏⲗⲏ	2
ϩⲏⲟⲩ	2
ϩⲏⲧⲕ	2
ϩⲓⲛⲱ	2
ϩⲣⲁϥ	2
ϩⲙⲟⲟ	2
ϩⲛⲉⲓ	2
ϩⲛⲙⲁ	2
ϩⲛⲣⲟ	2
ϩⲛⲧⲕ	2
ϩⲧⲱϩ	2
ϩⲟⲙⲟ	2
ϩⲟⲣⲧ	2
ϩⲟⲥⲉ	2
ϩⲟⲩⲇ	2
ϩⲟⲩⲉ	2
ϩⲣⲁⲩ	2
ϩⲣⲱⲟ	2
ϩⲧⲟⲩ	2
ϩⲱⲣⲕ	2
ϩⲱⲧⲛ	2
ϫⲁⲉⲓ	2
ϫⲁⲥⲓ	2
ϫⲉⲣⲱ	2
ϫⲟⲧϩ	2
ϫⲟⲛⲧ	2
ϭⲗⲗⲙ	2
ϭⲛⲟⲛ	2
ϭⲛⲥⲁ	2
ϭⲛⲧⲥ	2
ϭⲟⲡⲧ	2
ϭⲱⲧϩ	2
ϯⲥⲱϣ	2
ϯⲧⲱϩ	2
ⲣⲭⲁⲃⲉⲓⲛ	2
ⲑⲃⲃⲓⲟⲉⲓ	2
ϩⲩⲡⲟⲥⲧⲁⲥⲓⲥ	2
ⲫⲁⲣⲁⲑⲱⲛⲓⲧⲏⲥ	2
ⲡⲣⲟⲫⲏⲧⲉⲓⲁ	2
ϫⲟⲩⲧⲥⲛⲟⲟⲩⲥ	2
ⲇⲓⲕⲁⲥⲧⲏⲥ	2
ⲉⲡⲓⲃⲟⲩⲗⲉⲩⲉ	2
ϩⲁⲣⲓϩⲁⲣⲟ	2
ⲅⲟⲛⲟϩⲣⲩⲏⲥ	2
…ⲁⲩⲱ	2
ⲛⲉⲗⲉⲗϩⲏⲙϫ	2
ⲇⲓⲁⲑⲏⲕⲉ	2
ϩⲏⲅⲉⲙⲱⲛⲓⲁ	2
ⲇⲓⲕⲁⲓⲱⲥ	2
ϩⲱⲧⲧⲏⲩⲧⲛ	2
ⲥⲡⲏⲗⲁⲓⲟⲛ	2
ⲇⲓⲱⲅⲙⲟⲥ	2
ⲟⲩⲁⲥⲑⲏⲥⲓⲥ	2
ⲛⲓⲉⲉⲓⲟⲩⲗ	2
ⲛⲁⲁⲣⲟⲟⲩ	2
ⲛⲁⲃⲁⲣⲓⲙ	2
ⲛⲁⲉⲓⲣⲱⲑ	2
ⲛⲓⲉⲙⲉⲛⲉⲓ	2
ⲉϩⲛⲁ	2
ⲉϩⲛⲉ	2
ⲉϫⲛⲁ	2
ⲛⲁⲙⲑⲛⲧⲉ	2
ⲗϩⲏⲙ	2
ⲥϫⲡⲉ	2
ⲧϩⲁⲏ	2
ⲧⲉⲧⲛⲁⲣⲉϩ	2
ⲃⲱϩⲛ	2
ⲃⲱϭⲉ	2
ⲁⲁⲧⲉ	2
ⲁⲅⲁⲅ	2
ⲁⲇⲁⲑ	2
ⲁⲉⲓⲕ	2
ⲁⲑⲁⲛ	2
ⲁⲓⲟⲥ	2
ⲁⲛⲧⲓ	2
ⲁⲭⲁⲣ	2
ⲃⲁⲗⲁ	2
ⲃⲁⲣⲁ	2
ⲃⲉⲣⲱ	2
ⲃⲉⲥⲉ	2
ⲃⲏⲗⲁ	2
ⲃⲏⲛⲉ	2
ⲃⲟⲟⲧ	2
ⲃⲱⲱⲛ	2
ⲅⲏⲱⲛ	2
ⲅⲧⲣⲉ	2
ⲇⲓⲛⲁ	2
ⲓⲁϩⲉ	2
ⲉⲇⲉⲙ	2
ⲉⲙⲏϣ	2
ⲉⲓⲁⲗ	2
ⲉⲓⲧⲛ	2
ⲉⲛⲛⲁ	2
ⲉⲡⲣⲁ	2
ⲉⲣⲧⲱ	2
ⲕⲁϩⲉ	2
ⲕⲁϩⲕ	2
ⲕⲁϩⲛ	2
ⲉⲧⲉⲛ	2
ⲉⲧⲟⲩ	2
ⲉⲧⲣⲁ	2
ⲉⲩⲭⲏ	2
ⲗⲁϭⲉ	2
ⲗⲟϫϩ	2
ⲗⲱϩⲙ	2
ⲗⲱϫⲕ	2
ⲙⲁϩⲧ	2
ⲙⲁϫⲉ	2
ⲙⲉϩⲛ	2
ⲑⲁⲟⲗ	2
ⲛⲧϩⲉ	2
ⲑⲣⲁⲝ	2
ⲓⲉⲣⲉ	2
ⲓⲉⲧⲓ	2
ⲓⲟⲣⲙ	2
ⲓⲣⲁⲭ	2
ⲟⲃϣⲧ	2
ⲕⲁⲙⲉ	2
ⲕⲉⲉⲧ	2
ⲕⲉⲙⲧ	2
ⲕⲉⲟⲥ	2
ⲕⲉⲩⲁ	2
ⲟⲩϩⲙ	2
ⲕⲏⲧⲉ	2
ⲕⲟⲧϥ	2
ⲕⲗⲕⲁ	2
ⲕⲙⲟⲙ	2
ⲕⲟⲟⲧ	2
ⲕⲟⲩⲉ	2
ⲕⲟⲩⲕ	2
ⲕⲩⲣⲁ	2
ⲕⲱⲙⲏ	2
ⲗⲁⲩⲟ	2
ⲗⲉⲩⲓ	2
ⲣⲁϣⲧ	2
ⲣⲁϩⲧ	2
ⲗⲱⲃϣ	2
ⲙⲁⲭϩ	2
ⲙⲁⲓⲛ	2
ⲙⲉⲏⲗ	2
ⲙⲏⲧⲓ	2
ⲙⲓⲏⲗ	2
ⲙⲟⲟⲧ	2
ⲙⲡⲁⲓ	2
ⲙⲡⲉⲛ	2
ⲙⲣⲓⲥ	2
ⲛⲉⲉϥ	2
ⲛⲉⲩϣ	2
ⲛⲁⲛⲁ	2
ⲥⲟϥⲧ	2
ⲛⲉⲃⲟ	2
ⲛⲉⲛⲁ	2
ⲛⲏⲫⲉ	2
ⲥⲱϥⲧ	2
ⲛⲛⲏⲣ	2
ⲛⲟⲍⲁ	2
ⲛⲟⲧⲥ	2
ⲛⲟⲩⲓ	2
ⲛⲟⲩⲕ	2
ⲛⲧⲉⲥ	2
ⲧⲉϣⲉ	2
ⲟⲓⲡⲉ	2
ⲟⲩⲟϥ	2
ⲟⲣⲫⲁ	2
ⲟⲩⲏⲗ	2
ⲟⲩⲏⲧ	2
ⲟⲩⲛⲉ	2
ⲟⲩⲣⲧ	2
ⲡⲁⲕⲉ	2
ⲡⲏⲣϣ	2
ⲡⲉⲓⲁ	2
ⲡⲏⲗⲏ	2
ⲡⲏⲣⲉ	2
ⲡⲗⲟⲕ	2
ⲡⲟⲧⲉ	2
ⲡⲱⲟⲩ	2
ⲡⲱⲱⲛ	2
ⲣⲥⲟϭ	2
ⲣⲧⲟϣ	2
ⲣⲟⲕⲧ	2
ⲣⲟⲟⲃ	2
ⲣⲟⲟⲩ	2
ⲣⲫⲁⲇ	2
ⲥⲁⲣⲁ	2
ⲥⲛⲏϩ	2
ⲥⲟⲡϥ	2
ⲥⲕⲓⲙ	2
ⲥⲟⲫⲏ	2
ⲥⲧⲣⲉ	2
ⲥⲩⲛⲏ	2
ⲥⲭⲁⲥ	2
ⲥⲱⲁⲃ	2
ⲥⲱⲧⲛ	2
ⲧⲁⲉⲡ	2
ⲧⲁⲥⲣ	2
ⲧⲁⲭⲩ	2
ⲧⲉⲃⲉ	2
ⲧⲉⲛⲁ	2
ⲧⲏⲛⲉ	2
ⲧⲙⲛⲧ	2
ⲧⲟⲕⲙ	2
ⲧⲟⲗⲙ	2
ⲧⲣⲉⲩ	2
ⲧⲱⲟⲩ	2
ⲧⲱⲧⲛ	2
ⲭⲁⲗⲁ	2
ⲭⲓⲛⲁ	2
ⲯⲱⲣⲁ	2
ⲱⲙⲁⲣ	2
ⲛⲁⲥⲕⲏⲩⲉ	2
ϩⲁϭⲃⲥⲙⲏ	2
ϣⲁⲣⲉⲫⲏⲧ	2
ϣⲁϩⲟⲩⲙ	2
ⲅⲁⲗⲁⲧⲓⲧⲏⲥ	2
ⲟⲩⲉϩⲥⲟⲓ	2
ϣⲡϩⲙⲟⲧ	2
ⲟⲩⲟϣⲃⲉⲧ	2
ⲟⲩⲱϣⲃⲉⲕ	2
ⲙⲛⲧⲁⲧϩⲁⲡ	2
ⲕⲁⲧⲁⲡⲁⲧⲓ	2
ⲃⲁⲓⲑⲛⲉⲑ	2
ⲃⲁⲓⲑⲥⲁⲛ	2
ⲙⲛⲧⲛⲟⲉⲓⲕ	2
ⲃⲁⲗⲁⲛⲟⲥ	2
ⲇⲓⲡⲗⲟⲉⲓⲥ	2
ⲕⲁⲧⲟⲓⲕⲓⲁ	2
ⲡⲉϩⲧⲥⲛⲟϥ	2
ⲥⲓⲇⲱⲛⲓⲟⲥ	2
ⲛⲉⲓⲥⲏϣⲉ	2
ⲁⲛⲁⲭⲱⲣⲉⲓ	2
ⲛⲉⲕⲧⲟⲟϣ	2
ⲡⲉϥⲧⲟⲟⲩ	2
ⲛⲉⲙⲓⲟⲩⲇ	2
ⲛⲉⲙⲗⲟⲟϩ	2
ⲅⲉⲑⲑⲁⲓⲟⲥ	2
ϩⲓϩⲟⲩⲛ	2
ⲛⲉⲫⲑⲁⲗⲓ	2
ϣⲉⲡⲧⲟⲟⲧ	2
ⲥⲁⲙⲁⲗⲁⲕ	2
ⲥⲁⲙⲉⲅⲁⲣ	2
ⲥⲁⲣⲇⲓⲟⲛ	2
ⲙⲉϩⲙⲛⲧⲟⲩⲉ	2
ⲉⲧⲉⲣⲁⲛⲏⲧⲛ	2
ⲣⲉϥⲡⲁⲧⲁⲥⲥⲉ	2
ⲥⲃⲣⲟⲟⲩⲉ	2
ϣⲁⲉⲛⲉϩ	2
ϣⲁⲙⲓⲥⲉ	2
ϣⲉⲕⲧⲟⲩ	2
ϣⲉⲙⲏⲧⲉ	2
ⲡⲁⲣⲭⲓⲙⲁⲅⲉⲓⲣⲟⲥ	2
ⲛⲥⲁⲩⲭⲁⲓⲟⲥ	2
ⲟⲩⲃⲟⲕⲟⲩ	2
ϭⲓⲛϩⲙⲟⲟⲥ	2
ϣⲙⲧⲥⲟⲡ	2
ϣⲛⲙⲁⲁⲩ	2
ϫⲟⲩⲧⲁϥⲧⲉ	2
ϣⲟⲙⲛⲧⲉ	2
ⲟⲩⲛⲟⲟⲩⲉ	2
ϥⲉⲧⲡⲉϥ	2
ⲣⲉϥⲣⲉⲓⲟⲡⲉ	2
ⲕⲑⲃⲃⲓⲟⲉⲓ	2
ⲉⲧⲉⲧⲏⲟⲩⲧⲛ	2
ⲕⲟⲓⲛⲱⲛⲓⲁ	2
ⲇⲓⲕⲉⲟⲥⲩⲛⲏ	2
ⲥⲉⲙⲙⲱⲛⲁ	2
ⲥⲉⲣⲁⲫⲓⲛ	2
ϩⲉⲧϩⲧⲡ	2
ϩⲁⲅⲓⲟⲥ	2
ϩⲉⲧⲁⲍⲉ	2
ϩⲏⲇⲟⲛⲉ	2
ϩⲏⲇⲟⲛⲏ	2
ϩⲏⲣⲱⲱⲛ	2
ϩⲟⲧϩⲉⲧ	2
ⲃⲁⲓⲑⲁⲣⲁⲃⲁ	2
ϩⲛⲉⲃⲟⲗ	2
ϩⲛⲉⲓⲃⲧ	2
ϩⲟⲟⲩⲛⲉ	2
ϩⲟⲡⲱⲣⲁ	2
ϩⲟⲧⲃⲉⲧ	2
ϩⲟⲩⲁⲧⲉ	2
ϩⲣⲁⲅⲟⲥ	2
ϩⲥⲥⲟⲩⲟ	2
ϩⲩⲧⲁⲍⲉ	2
ϫⲓⲗⲗⲏⲥ	2
ⲁⲃⲉⲛⲉⲍⲉⲣ	2
ⲥⲗⲟϭⲗⲉϭ	2
ⲡⲉⲣⲓⲕⲉⲫⲁⲗⲁⲓⲁ	2
ϫⲟⲕⲙⲉⲧ	2
ϫⲟⲟⲕⲉϥ	2
ⲙⲁⲭⲁⲧⲓⲉⲓⲙ	2
ϯϩⲓⲥⲉ	2
ϭⲉⲙϭⲟⲙ	2
ϭⲁⲗⲉⲉⲩ	2
ⲁⲣⲭⲓⲉⲣⲉⲩⲥ	2
ϭⲓⲛⲃⲱⲕ	2
ϭⲓⲛⲡⲱⲧ	2
ⲛⲉⲡⲣⲟⲥⲩⲗⲏⲧⲟⲥ	2
ϭⲟⲟⲗⲉⲥ	2
ⲉⲣⲅⲟⲇⲓⲱⲕⲧⲏⲥ	2
ⲥⲉⲣⲛⲁⲉⲓⲛ	2
ⲡⲟⲣⲫⲩⲣⲓⲱⲛ	2
ⲗⲁⲇⲁⲃⲁⲣ	2
ϯⲧⲉϩⲓⲏ	2
ϯⲟⲩⲛⲟϥ	2
ϩⲩⲡⲟⲙⲛⲏⲙⲁⲧⲟⲅⲣⲁⲫⲟⲥ	2
ⲣⲉϥⲯⲁⲗⲗⲉⲓ	2
ⲥⲫⲣⲁⲅⲓⲍⲉ	2
ϭⲓⲥⲕⲓⲧⲉ	2
ⲥⲕⲗⲁⲇⲟⲥ	2
ⲙⲉⲕⲙⲟⲩⲕⲧ	2
ⲛⲟⲩⲧⲟⲟϣ	2
ⲃⲁϩⲁⲗⲉⲓⲙ	2
ϣⲁϫⲛⲉ	2
ϫⲓϩⲁⲓ	2
ϭⲁϫⲓϥ	2
ϣⲁⲣⲃⲁ	2
ϣⲉⲙⲛⲧ	2
ϣⲟⲟϭⲛ	2
ϣⲟⲉⲓⲧ	2
ϣⲟⲩⲁϣ	2
ϣⲟⲩⲱϩ	2
ϣⲡⲓⲏⲧ	2
ϣⲱⲱϭⲉ	2
ϥⲉⲧⲧⲉ	2
ϥⲥⲱⲧⲙ	2
ϩⲉⲧϩⲧ	2
ϩⲁⲕⲗϥ	2
ϩⲁⲛⲉⲕ	2
ϩⲉⲗⲡⲉ	2
ϩⲓⲟⲟⲩ	2
ϩⲓⲣⲉⲛ	2
ϩⲓⲧⲟⲧ	2
ϩⲟⲩϩⲉ	2
ϩⲗⲟⲩⲱ	2
ϩⲙⲡⲓⲁ	2
ϩⲟⲙⲟⲩ	2
ϩⲟⲛⲟⲩ	2
ϩⲟⲟⲕⲉ	2
ϩⲟⲡⲟⲩ	2
ϩⲧⲁⲉⲓ	2
ϩⲩⲗⲉⲓ	2
ϩⲩⲗⲟⲥ	2
ϫⲉⲃⲏⲗ	2
ϫⲉⲛⲟϭ	2
ϫⲓⲕⲃⲟ	2
ϫⲛⲧⲏⲩ	2
ϫⲟⲩⲧⲏ	2
ϭⲱⲟⲩϭ	2
ϯⲟⲩⲃⲏ	2
ϯⲧⲱⲗⲙ	2
ⲕⲗⲓⲣⲟⲛⲟⲙⲉⲓ	2
ⲕⲗⲓⲣⲟⲛⲟⲙⲓⲁ	2
ⲍⲓⲣⲁⲓⲟⲥ	2
ⲛⲉⲫⲑⲁⲗⲉⲓⲙ	2
ⲣⲉϥⲙⲉϩⲙⲟⲟⲩ	2
ⲡⲁⲑⲏⲧⲉⲩ	2
ⲃⲟⲑⲟⲣⲟⲛ	2
…………………	2
ⲁⲥⲧⲣⲓⲙⲓⲛⲑⲟⲥ	2
ⲥⲛⲧⲉⲗⲓⲁ	2
ϩⲁⲗⲗⲟⲩⲥ	2
ⲃⲟⲭⲟⲣⲉⲓ	2
ⲧⲁⲙⲁⲥⲕⲟⲥ	2
ⲗⲓⲧⲟⲩⲣⲅⲓⲁ	2
ⲕⲁⲥⲧⲣⲓⲙⲓⲛⲑⲟⲥ	2
ⲧⲁⲙⲓⲉⲓⲟⲛ	2
ⲡⲁⲣⲁⲉⲙⲃⲟⲗⲏ	2
ⲡⲁⲛⲟⲩⲣⲅⲟⲥ	2
ϣⲧⲟⲣⲧⲉⲣ	2
ⲙⲛⲧⲁⲧϣⲟϫⲛⲉ	2
ⲉⲧⲣⲓⲥⲧⲁⲧⲏⲥ	2
ϫⲓⲛϫⲉⲉⲩⲉ	2
ⲕⲁⲇⲉⲥⲃⲁⲣⲛⲏ	2
ⲟⲩⲛⲁⲟⲩⲟⲧ	2
ⲁⲡⲁⲛⲧⲏⲙⲁ	2
ⲃⲉⲗⲥⲉⲫⲱⲛ	2
ϯⲕⲗⲏⲣⲟⲛⲟⲙⲓⲁ	2
ϩⲩⲡⲟⲇⲏⲙⲁ	2
ⲡⲉⲣⲓⲟⲭⲏ	2
ⲡⲉⲧⲁⲗⲟⲛ	2
ⲉⲕⲥⲧⲁⲥⲓⲥ	2
ⲗⲗⲟⲫⲩⲗⲗⲟⲥ	2
ⲕⲓⲛⲛⲁⲙⲱⲙⲟⲛ	2
ⲙⲉⲧⲁⲃⲟⲗⲏ	2
ⲧⲣⲁⲥⲉⲡⲥⲱⲡⲕ	2
ⲡⲉⲭⲟⲣⲣⲁⲓⲟⲥ	2
ϩⲩⲡⲉⲣⲉⲧⲏⲥ	2
ⲥⲧⲩⲗⲗⲟⲥ	2
ⲙⲛⲧⲣⲉⲙⲛϩⲏⲧ	2
ⲛⲧⲉⲉⲫⲣⲁⲓⲙ	2
ϫⲓ_ⲁⲛⲟⲕ	2
ⲫⲉⲛⲁⲛⲛⲁ	2
ϩⲓⲕⲁⲛⲟⲥ	2
ϩⲓⲧⲟⲩⲱⲛ	2
ⲥⲱⲃⲓⲧⲏⲥ	2
ⲣϣⲁϥⲧⲉ	2
ⲙϣⲛⲉϥ	2
ⲙϩⲁⲟⲩ	2
ⲛϩⲟⲩⲟ	2
ⲓⲇⲓⲑⲟⲩⲛ	2
ⲣϩⲗⲗⲱ	2
ⲣϩⲛⲁⲩ	2
ⲣϩⲧⲏϥ	2
ⲣϩⲧⲏⲕ	2
ⲣϩⲧⲏⲩ	2
ⲣϭⲁⲗⲉ	2
ⲧϩⲣϣⲟ	2
ⲧϩⲙⲕⲟ	2
ⲣⲉϥϯϩⲧⲏ	2
ⲛⲉⲭⲁⲓⲣⲟⲩⲃⲓⲛ	2
ⲛⲁⲛⲁⲙⲉⲏⲗ	2
ⲣⲉϥϭⲱϣⲧ	2
ⲣⲉϥϯⲥⲃⲱ	2
ⲉⲓⲁⲧⲟⲟⲧ	2
ⲁⲅⲅⲓⲟⲛ	2
ⲁⲉⲣⲙⲱⲛ	2
ⲙⲉϣⲧⲅⲁⲓ	2
ⲁⲗⲧⲕⲁⲥ	2
ⲁⲙⲣⲏϩⲉ	2
ⲁⲛⲑⲣⲁⲝ	2
ⲉⲓⲁϩⲟⲟⲩⲧ	2
ⲁⲣⲉⲥⲕⲉ	2
ⲁⲥⲏⲇⲱⲑ	2
ⲁⲥⲓⲣⲱⲑ	2
ⲁⲧⲙⲟⲟⲩ	2
ⲁⲧⲥⲱⲧⲙ	2
ⲁⲭⲓⲙⲁⲁ	2
ⲥⲁⲛⲇⲁⲗⲓⲟⲛ	2
ⲃⲁⲛⲁⲓⲁ	2
ⲃⲃⲗⲗⲁⲕ	2
ⲃⲉⲗⲓⲁⲣ	2
ⲃⲗⲗⲉⲉⲩ	2
ⲃⲣⲉϣⲏⲩ	2
ⲃⲟⲩⲑⲁⲛ	2
ⲃⲟⲩⲥⲑⲉ	2
ⲅⲁⲃⲁⲉⲑ	1
ⲅⲁⲃⲓⲏⲗ	1
ⲅⲁⲃⲣⲓⲁ	1
ⲥⲁⲃⲃⲁⲧⲓⲍⲉ	1
ⲅⲁⲍⲁⲣⲁ	1
ⲅⲁⲍⲉⲓⲛ	1
ⲅⲁⲓⲥⲉⲓ	1
ⲅⲁⲓⲫⲁⲣ	1
ⲅⲁⲗⲗⲁⲗ	1
ⲅⲁⲙⲁⲗⲁ	1
ⲅⲁⲣⲡⲟⲥ	1
ⲅⲁⲥⲓⲱⲛ	1
ⲩⲟⲩⲉϩⲙⲧⲣⲁⲥⲟⲩ	1
ⲅⲉⲃⲥⲓⲛ	1
ⲅⲉⲇⲥⲱⲛ	1
ⲅⲉⲑⲉⲟⲥ	1
ⲅⲉⲑⲉⲣⲉ	1
ⲅⲉⲑⲑⲁⲓ	1
ⲅⲉⲗⲱⲣⲓ	1
ⲅⲉⲛⲉⲍⲓ	1
ⲅⲉⲛⲉⲙⲁ	1
ⲛⲁⲭⲓⲧⲟⲫⲉⲗ	1
ⲅⲉⲥⲓⲱⲛ	1
ⲅⲉⲫⲓⲣⲁ	1
ⲧⲉⲧⲛⲉⲣϣⲟⲙ	1
ⲥⲁⲗⲁⲙⲉⲓⲛ	1
ⲥⲁⲗⲁⲙⲓⲏⲗ	1
ⲇⲉⲃⲗⲁⲑⲁⲓⲙ	1
ⲉⲗⲓⲥⲁⲙⲁ	1
ⲉⲗⲓⲥⲟⲩⲣ	1
ⲙⲁⲁⲃⲥⲛⲟⲟⲩⲥ	1
ⲙⲙⲉⲗⲭⲓⲁⲥ	1
ⲛⲁⲫⲩⲗⲁⲅⲙⲁⲧⲁ	1
ⲧⲉⲧⲛⲉⲕⲟⲟⲣ	1
ⲙⲁⲃⲥⲁϣϥⲉ	1
ⲅⲛⲟⲫⲟⲥ	1
ⲅⲛⲧⲟⲟⲧ	1
ⲧⲇⲏⲗⲱⲥⲓⲥ	1
ⲅⲟⲗⲅⲟⲗ	1
ⲅⲟⲗⲟⲁⲑ	1
ⲅⲟⲙⲟⲣⲁ	1
ⲥⲁⲗⲓⲥⲓⲏⲗ	1
ⲟⲛⲟⲙⲁⲥⲧⲟⲥ	1
ⲥⲁⲗⲙⲁⲛⲁⲛ	1
ⲛⲉⲗⲕⲉⲥⲁⲓⲟⲥ	1
ⲛⲓⲉⲙⲓⲛⲁⲓⲟⲥ	1
ⲅⲱⲍⲁⲧⲉ	1
ⲕⲗⲏⲣⲟⲙⲉⲓ	1
ⲡⲉⲓⲗⲗⲁⲟⲥ	1
ⲧⲉⲕⲉⲡⲓⲧιⲙⲓⲁ	1
ⲇⲁⲁⲃⲓⲣ	1
ⲇⲁⲇⲁⲩⲱ	1
ⲇⲁⲓⲙⲱⲛ	1
ⲅⲉⲣⲅⲉⲣⲁⲓⲥⲁⲓⲟⲥ	1
ⲇⲁⲩⲉⲓⲣ	1
ⲟⲩϣⲏⲛⲣⲟⲉⲓⲥ	1
ⲇⲉⲣⲣⲓⲥ	1
ⲙⲁⲅⲉⲇⲇⲱⲛ	1
ⲑⲁⲩⲧⲉⲃⲉϩ	1
ϣⲟⲩⲉⲉⲓⲱⲧⲉ	1
ⲇⲓⲕⲁⲓⲟ	1
ⲧⲁⲥⲭⲩⲙⲟⲥⲩⲛⲏ	1
ⲇⲓⲱⲕⲉⲓ	1
ⲡⲟⲗⲓⲥⲡⲉ	1
ⲅⲁⲗⲁⲁⲇⲇⲓ	1
ⲅⲁⲗⲁⲃⲓⲁⲑ	1
ⲡⲟⲙⲡⲉⲩⲉ	1
ⲡⲟⲙⲫⲗⲟⲥ	1
ⲡⲟⲛⲉⲣⲟⲛ	1
ⲡⲁⲥⲱⲑⲓⲧⲏⲥ	1
ϩⲣⲟⲅⲁⲗⲗⲓⲙ	1
ϣⲟⲩⲉⲙⲟⲩⲗϩ	1
ⲇⲟⲕⲓⲙⲏ	1
ⲡⲟⲧⲁⲥⲥⲉ	1
ⲡⲟⲧⲁⲥⲥⲏ	1
ⲡⲟⲩⲉⲣⲣⲟ	1
ⲡⲟⲩⲟⲃⲟⲩ	1
ϩⲟⲟⲩϩⲟⲩ	1
ⲗⲩⲭⲛⲉⲓⲁ	1
ⲥⲁⲙⲟⲩⲏⲗⲗ	1
ϩⲟⲙⲁⲓⲱⲥ	1
ϩⲟⲙⲓⲗⲓⲁ	1
ⲉⲥⲏϩⲥⲱϩ	1
ϩⲟⲟⲩⲧⲙⲛ	1
ⲧⲣⲧⲣⲧⲉϣⲙⲟⲩ	1
ⲕⲓⲛⲇⲉⲛⲉⲩⲉ	1
ⲉϣⲗⲟⲩⲗⲁⲓ	1
ϩⲟⲥⲛⲗⲁⲥ	1
ⲃⲙⲁⲣⲟⲩⲛⲧ	1
ϩⲟⲩⲣⲱⲟⲩ	1
ϩⲟⲩⲣⲱⲱⲥ	1
ⲉⲃⲟⲗϩⲙ	1
ⲉⲃⲣⲏⲩⲉ	1
ⲉⲃⲣⲱⲛⲁ	1
ⲅⲁⲃⲁⲑⲱⲛ	1
ⲅⲁⲃⲏⲣⲱⲑ	1
ⲧⲇⲓⲁⲧⲩⲕⲏ	1
ⲉⲓⲉϥⲟⲧ	1
ⲁⲛϫⲱϫ	1
ⲁⲣϫⲉⲓ	1
ⲁⲧϣⲁⲩ	1
ⲙⲁⲇⲉⲃⲏⲛⲁ	1
ⲧⲇⲓⲅⲟⲙⲓⲁ	1
ⲉⲛⲉⲣⲅⲉⲓ	1
ⲅⲁⲍⲁⲓⲟⲥ	1
ⲉⲓϥⲓⲧ	1
ⲉⲣϣⲱⲛ	1
ⲉⲣϩⲁⲗ	1
ⲉⲣϩⲱⲃ	1
ⲉⲧϫⲏⲩ	1
ⲁⲁⲣⲟⲛ	1
ⲉⲓⲁⲃⲟⲕ	1
ⲁⲃⲟⲩⲓ	1
ⲉⲓⲁⲣⲁⲧ	1
ⲁⲃⲣⲁⲛ	1
ⲁⲅⲭⲓⲛ	1
ⲁⲇⲁⲙⲁ	1
ⲉⲓⲉⲃⲁⲗ	1
ⲉⲓⲉⲛⲉⲑ	1
ⲉⲓⲉⲡⲥⲁ	1
ⲉⲓⲗⲟϫϩ	1
ⲁⲛⲁϩⲉ	1
ⲁⲛⲉϩⲙ	1
ⲁⲑⲉⲧⲓ	1
ⲁⲓⲗⲱⲛ	1
ⲁⲕⲧⲓⲛ	1
ⲁⲗⲗⲱⲓ	1
ⲁⲙⲓⲭⲁ	1
ⲉⲓⲙⲏⲧⲉ	1
ⲁⲛⲓⲛⲉ	1
ⲁⲛⲥⲁϣ	1
ⲁⲧⲁϩⲉ	1
ⲁⲧⲱϭⲉ	1
ⲉⲓⲧⲁϣⲟ	1
ⲁⲡⲁⲧⲏ	1
ⲁⲡⲟⲣⲓ	1
ⲁⲣⲁⲏⲗ	1
ⲁⲣⲁⲧⲉ	1
ⲁⲣⲃⲉⲥ	1
ⲁⲣⲏⲏϫ	1
ⲁⲣⲅⲟⲃ	1
ⲁⲣⲏⲙⲁ	1
ⲁⲣⲏⲧⲥ	1
ⲁⲣⲓⲑⲉ	1
ⲁⲣⲓⲟⲥ	1
ⲁⲣⲙⲁⲑ	1
ⲁⲥⲁⲏⲗ	1
ⲁⲥⲉⲃⲓ	1
ⲁⲧⲑⲏⲧ	1
ⲁⲧⲕⲓⲙ	1
ⲉⲓⲥⲧⲱϥ	1
ⲉⲓⲥⲟⲧⲕ	1
ⲁⲧⲟⲩⲉ	1
ⲉⲓⲥⲧⲱⲃ	1
ⲉⲓⲧⲁⲙⲟ	1
ⲉⲓⲧⲁⲙⲱ	1
ⲉⲓⲱⲧϫⲉ	1
ⲁⲩⲗⲱⲛ	1
ⲁⲫⲉⲣⲉ	1
ⲁⲭⲉⲓⲙ	1
ⲁⲭⲟⲩⲥ	1
ⲃⲉⲗϫⲉ	1
ⲃⲁⲉⲙⲁ	1
ⲃⲁⲓⲛⲁ	1
ⲃⲁⲓⲟⲣ	1
ⲃⲁⲓⲱⲣ	1
ⲃⲁⲗⲉⲕ	1
ⲃⲁⲗⲗⲁ	1
ⲃⲁⲙⲱⲑ	1
ⲃⲁⲣⲁⲇ	1
ⲃⲁⲣⲁⲑ	1
ⲃⲁⲣⲉⲓ	1
ⲃⲁⲣⲟⲥ	1
ⲃⲁⲥⲏⲥ	1
ⲃⲁⲭⲓⲑ	1
ⲃⲃⲓⲏⲩ	1
ⲃⲉⲁⲛⲁ	1
ⲃⲉⲉⲣⲉ	1
ⲃⲉⲑⲉⲕ	1
ⲃⲉⲑⲏⲗ	1
ⲃⲉⲣⲱⲑ	1
ⲃⲉⲧⲟⲛ	1
ⲃⲗⲗϫⲉ	1
ⲃⲏⲣⲱⲑ	1
ⲃⲑⲣⲣⲉ	1
ⲃⲓⲕⲟⲥ	1
ⲃⲓⲣⲱⲛ	1
ⲃⲣⲏϭⲉ	1
ⲃⲟⲉⲑⲓ	1
ⲃⲟⲓⲛⲉ	1
ⲃⲟⲗⲟⲥ	1
ⲃⲟⲟⲟⲛ	1
ⲃⲟⲟⲧⲧ	1
ⲃⲟⲩⲍⲓ	1
ⲃⲟⲩⲗⲁ	1
ⲉⲡⲁϩⲟⲩ	1
ⲃⲱⲧⲟⲥ	1
ⲅⲁⲃⲉⲗ	1
ⲅⲁⲇⲁⲓ	1
ⲅⲁⲇⲇⲓ	1
ⲅⲁⲇⲏⲥ	1
ⲅⲁⲍⲱⲗ	1
ⲅⲁⲗⲓⲙ	1
ⲅⲁⲣⲏⲃ	1
ⲅⲁⲥⲏⲣ	1
ⲅⲅⲉⲗⲏ	1
ⲅⲉⲃⲉⲣ	1
ⲅⲉⲑⲉⲙ	1
ⲅⲉⲑⲑⲏ	1
ⲅⲉⲑⲱⲣ	1
ⲅⲉⲛⲛⲏ	1
ⲅⲉⲥⲓⲣ	1
ⲅⲉⲫⲏⲗ	1
ⲉⲗⲉⲁⲗⲏ	1
ⲥⲱⲧⲏⲣⲓⲟⲛ	1
ⲅⲁⲙⲁⲗⲓⲏⲗ	1
ⲅⲓⲙⲁⲗ	1
ⲉⲗⲓⲟⲩⲥ	1
ⲃⲁⲁⲗⲑⲁⲙⲁⲣ	1
ⲅⲟⲑⲟⲙ	1
ⲡⲟⲗⲓⲥϭⲱⲣϭ	1
ⲅⲧⲁⲙⲟ	1
ⲅⲱⲟⲩⲛ	1
ⲉⲗⲱⲉⲓⲙ	1
ⲇⲁⲇϫⲉ	1
ⲇⲁⲉⲓⲙ	1
ⲇⲁⲉⲓⲣ	1
ⲇⲁⲗⲁⲃ	1
ⲇⲁⲙⲁⲛ	1
ⲇⲁⲛⲓⲁ	1
ⲇⲁⲣⲁⲕ	1
ⲇⲁⲥⲁⲓ	1
ⲇⲁⲥⲁⲛ	1
ⲇⲁⲩⲓⲇ	1
ⲇⲉⲕⲁⲥ	1
ⲇⲉⲗⲉⲁ	1
ⲇⲉⲣⲓⲥ	1
ⲇⲉⲥⲏⲙ	1
ⲇⲓⲕⲁ6	1
ⲇⲓⲛⲱⲛ	1
ⲇⲓⲟⲩⲣ	1
ⲅⲁⲗⲇⲁⲗⲁ	1
ⲅⲁⲗⲉⲛⲟⲥ	1
ⲇⲟⲩⲇⲓ	1
ⲉⲙⲟⲉⲓⲕ	1
ⲅⲁⲗⲓⲁⲱⲑ	1
ⲇⲩⲣⲟⲥ	1
ⲓⲉϣⲁⲁ	1
ⲇⲱⲇⲁⲛ	1
ⲉⲉⲓⲣⲉ	1
ⲉⲙⲁϣⲟ	1
ⲉⲛⲍⲱⲛⲏ	1
ⲉⲓⲁⲥⲁ	1
ⲉⲓⲁⲧⲓ	1
ⲉⲓⲇⲟⲥ	1
ⲉⲓⲉⲃⲏ	1
ⲉⲓⲉⲃⲧ	1
ⲉⲓⲕⲁⲕ	1
ⲉⲓⲗⲁⲧ	1
ⲉⲓⲣⲁⲙ	1
ⲉⲓⲧⲟⲩ	1
ⲉⲓⲱⲏⲗ	1
ⲉⲓⲱⲓⲉ	1
ⲉⲗⲗⲁⲩ	1
ⲉⲗⲱⲉⲓ	1
ⲉⲙⲕⲁϩ	1
ⲉⲙⲏⲣⲉ	1
ⲉⲙⲕⲟⲩ	1
ⲉⲛⲉⲙⲉ	1
ⲉⲛⲟⲭⲟⲥ	1
ⲉⲣⲏⲩⲩ	1
ⲉⲣⲭⲣⲓ	1
ⲉⲥⲃⲓⲛ	1
ⲕⲁϣⲁⲓ	1
ⲕⲁϫⲏⲣ	1
ⲕⲁϭⲉⲓ	1
ⲉⲧⲉⲃϩ	1
ⲉⲧⲁⲥⲉ	1
ⲉⲧⲅⲉⲑ	1
ⲉⲧⲉⲥⲉ	1
ⲉⲧⲓⲛⲁ	1
ⲉⲧⲗⲏⲕ	1
ⲉⲧⲱⲛ4	1
ⲉⲧⲱⲧϩ	1
ⲉⲧⲱⲉⲓ	1
ⲉⲧⲱⲙⲉ	1
ⲉⲧⲱⲟⲩ	1
ⲉⲩⲕⲁϩ	1
ⲉⲛⲧⲟⲗⲉ	1
ⲉⲫⲣⲉⲙ	1
ⲕⲉϣⲉⲓ	1
ⲉⲛⲛⲟⲩⲧⲉ	1
ⲍⲁⲃⲉⲉ	1
ⲍⲁⲓⲟⲥ	1
ⲗⲟϫⲟⲩ	1
ⲙⲁϩⲧⲉ	1
ⲙⲉϫⲛϩ	1
ⲙⲉϩⲉⲓ	1
ⲙⲉϩⲥⲡ	1
ⲍⲱⲃⲱⲑ	1
ⲙⲓϭⲟⲣ	1
ⲏⲥⲑⲱⲛ	1
ⲛⲁϣⲉⲡ	1
ⲛⲁϫⲁⲕ	1
ⲛⲁϭⲥⲉ	1
ⲛⲓⲉⲭⲉⲗⲗⲁⲇ	1
ⲛⲉϩⲡⲓ	1
ⲛⲉϩⲡⲥ	1
ⲛⲉϭⲓⲉ	1
ⲛⲉϯⲛⲉ	1
ⲉⲡⲱⲙⲓⲥ	1
ⲛⲏϩⲡⲉ	1
ⲑⲉⲣϣⲁ	1
ⲑⲁⲉⲓⲙ	1
ⲑⲁⲓⲟⲥ	1
ⲑⲁⲗⲁⲙ	1
ⲑⲁⲗⲁⲥ	1
ⲑⲁⲙⲓⲛ	1
ⲑⲁⲙⲛⲓ	1
ⲑⲁⲛⲁⲁ	1
ⲑⲁⲧⲏⲩ	1
ⲑⲃⲃⲏⲩ	1
ⲉⲣⲁⲛⲁϣ	1
ⲑⲃⲓⲏⲩ	1
ⲛⲟϭⲛϭ	1
ⲉⲣⲃⲟⲟⲛ	1
ⲉⲣⲏⲩϫⲉ	1
ⲑⲉⲙⲥⲟ	1
ⲑⲉⲛⲛⲁ	1
ⲑⲉⲛⲟⲩ	1
ⲙⲛⲧⲁⲧⲥⲣϥⲉ	1
ⲑⲏⲙⲁⲣ	1
ⲑⲏⲙⲟⲥ	1
ⲑⲏⲣⲟⲛ	1
ⲑⲏⲥⲓⲁ	1
ⲑⲓⲗⲏⲗ	1
ⲉⲣⲕⲣⲟϥ	1
ⲑⲙⲟⲟϥ	1
ⲑⲙⲕⲟⲥ	1
ⲑⲙⲡⲉϥ	1
ⲑⲙⲙⲁⲛ	1
ⲑⲙⲙⲓⲛ	1
ⲑⲟⲃⲉⲗ	1
ⲑⲟⲉⲓⲧ	1
ⲑⲟⲙⲛⲓ	1
ⲑⲟⲟⲗⲉ	1
ⲑⲟⲩⲗⲁ	1
ⲉⲣⲟⲓⲡⲉ	1
ⲉⲣⲟⲟⲩ…	1
ⲑⲣⲃⲟⲗ	1
ⲑⲩⲙⲱⲥ	1
ⲑⲩⲣⲟⲛ	1
ⲑⲩⲥⲓⲥ	1
ⲉⲣⲧⲱⲣⲓ	1
ⲓⲁⲃⲓϭ	1
ⲓⲁⲕⲟⲃ	1
ⲓⲁⲙⲉⲑ	1
ⲓⲁⲙⲓⲛ	1
ⲓⲁⲛⲅⲧ	1
ⲓⲁⲥⲏⲃ	1
ⲓⲁⲥⲏⲫ	1
ⲓⲁⲫⲉⲧ	1
ⲓⲁⲭⲁⲗ	1
ⲓⲉⲃⲟⲗ	1
ⲓⲉⲍⲟⲩ	1
ⲓⲉⲙⲧⲁ	1
ⲓⲉⲣⲓⲙ	1
ⲉⲥⲑⲁⲛⲉ	1
ⲡⲟⲗⲉⲙⲓⲕⲟⲛ	1
ⲅⲁⲣⲅⲁⲣⲁ	1
ⲅⲁⲣⲉⲡⲟⲩ	1
ⲓⲟⲡⲡⲏ	1
ⲓⲥⲥⲁⲓ	1
ⲓⲥⲧⲟⲥ	1
ⲓⲫⲁⲁⲑ	1
ⲓⲱⲑⲱⲣ	1
ⲓⲱⲥⲏϥ	1
ⲓⲱⲥⲏϫ	1
ⲓⲱⲛⲁⲛ	1
ⲓⲱⲥⲏⲡ	1
ⲕⲁⲓϩⲉ	1
ⲟⲙϫⲟⲩ	1
ⲕⲁⲃⲁⲗ	1
ⲕⲁⲇⲟⲥ	1
ⲕⲁⲉⲓⲛ	1
ⲟⲛϣⲟⲩ	1
ⲕⲁⲕⲱⲥ	1
ⲕⲁⲗⲓⲙ	1
ⲕⲁⲙⲏⲧ	1
ⲕⲁⲣⲱϥ	1
ⲕⲁⲛⲁⲑ	1
ⲕⲁⲛⲉⲥ	1
ⲕⲁⲛⲟⲛ	1
ⲕⲁⲣⲁⲧ	1
ⲕⲁⲣⲫⲁ	1
ⲕⲁⲣⲱⲑ	1
ⲕⲁⲧⲉⲕ	1
ⲕⲁⲫⲁⲛ	1
ⲕⲉⲇⲱⲑ	1
ⲕⲉⲉⲣⲉ	1
ⲕⲉⲓⲱⲧ	1
ⲕⲉⲙⲏⲥ	1
ⲕⲉⲥⲁϣ	1
ⲕⲉⲛⲉⲕ	1
ⲕⲉⲡⲓⲛ	1
ⲕⲉⲣⲉⲁ	1
ⲕⲉⲣⲙⲥ	1
ⲕⲉⲣⲟⲛ	1
ⲕⲉⲣⲱⲑ	1
ⲕⲉⲧⲙⲉ	1
ⲕⲉⲧⲟⲩ	1
ⲕⲉⲫⲁⲥ	1
ⲕⲉⲭⲁⲣ	1
ⲉⲧⲉⲕⲛⲁ	1
ⲟⲥϭⲟⲩ	1
ⲉⲧⲉⲣⲧⲛ	1
ⲉⲧⲉⲫⲣⲏ	1
ⲕⲏⲉⲩⲉ	1
ⲟⲩϣⲏⲉ	1
ⲕⲏⲗⲱⲑ	1
ⲟⲩϩⲃⲟ	1
ⲟⲩϩⲧⲙ	1
ⲕⲏⲣⲩⲝ	1
ⲉⲧⲏⲏⲃⲧ	1
ⲕⲓⲗⲁⲙ	1
ⲕⲓⲙⲉⲥ	1
ⲕⲟⲣϣϥ	1
ⲕⲟⲙϣⲉ	1
ⲛⲁⲣⲭⲱⲛⲉⲓ	1
ⲕⲗⲁⲃⲧ	1
ⲕⲗⲩⲙⲁ	1
ⲕⲣⲉϩⲧ	1
ⲉⲧⲗⲟⲟⲙ	1
ⲕⲙⲧⲟⲩ	1
ⲉⲧⲁϩⲣⲁⲧ	1
ⲉⲧⲥⲁϩⲉ	1
ⲉⲧⲙⲧⲣⲉ	1
ⲉⲧⲛⲏⲟⲩ	1
ⲕⲟⲓⲧⲏ	1
ⲕⲟⲟⲙϥ	1
ⲕⲟⲕⲟⲥ	1
ⲕⲟⲛⲓⲁ	1
ⲕⲟⲟⲙⲉ	1
ⲕⲟⲩⲛⲥ	1
ⲡⲉϩϣⲉ	1
ⲕⲣⲓⲕⲉ	1
ⲕⲣⲱⲟⲩ	1
ⲕⲥⲃⲧⲉ	1
ⲡⲁϣⲁⲓ	1
ⲡⲁϣⲏⲗ	1
ⲡⲁϩⲣⲟ	1
ⲡⲁϩⲧⲉ	1
ⲉⲧⲥⲁⲃⲱ	1
ⲕⲧⲉⲣⲱ	1
ⲉⲧⲥⲛⲁⲁ	1
ⲕⲧⲟⲕⲧ	1
ⲕⲩⲧⲟⲥ	1
ⲡⲉϣⲛⲁ	1
ⲡⲉϥⲱⲧ	1
ⲡⲉϩⲕⲁ	1
ⲡⲉϩⲟⲟ	1
ⲡⲉϫⲁⲥ	1
ⲡⲉϫⲁⲩ	1
ⲡⲉϫⲛⲟ	1
ⲕⲱⲃⲟⲗ	1
ⲕⲱⲛⲓⲁ	1
ⲗⲁⲃⲟⲓ	1
ⲗⲁⲇⲁⲇ	1
ⲗⲁⲓⲟⲛ	1
ⲗⲁⲙⲉⲭ	1
ⲗⲁⲛⲁⲕ	1
ⲗⲁⲛⲟⲩ	1
ⲗⲁⲣⲟⲥ	1
ⲗⲁⲥⲉⲕ	1
ⲗⲁⲧⲃⲥ	1
ⲗⲁⲭⲏⲥ	1
ⲡⲟϣⲥⲕ	1
ⲣⲁ(ⲛ)	1
ⲡⲣϩⲱⲃ	1
ⲗⲉⲟⲛⲏ	1
ⲗⲉⲥⲭⲏ	1
ⲛⲁ………	1
ⲗⲓⲙⲙⲁ	1
ⲗⲓⲙⲛⲏ	1
ⲗⲓⲥⲁⲫ	1
ⲗⲓⲫⲁⲇ	1
ⲗⲟⲃⲟⲛ	1
ⲗⲟⲅⲟⲥ	1
ⲗⲟⲙⲛⲁ	1
ⲗⲟⲟⲗⲉ	1
ⲗⲟⲣⲟⲥ	1
ⲗⲡⲁⲁⲇ	1
ⲣⲉϥϩⲓ	1
ⲣⲉϥϭⲛ	1
ⲣⲁϣⲧⲛ	1
ⲗⲩⲇⲟⲥ	1
ⲗⲩⲑⲓⲁ	1
ⲗⲩⲙⲉⲓ	1
ⲗⲩⲙⲙⲁ	1
ⲣⲉϥⲱϣ	1
ⲗⲭⲓⲥⲁ	1
ⲣⲉϥⲕⲁ	1
ⲣⲉϥⲙⲡ	1
ⲙⲁⲁⲗⲁ	1
ⲙⲁⲁⲭⲁ	1
ⲙⲁⲃⲧⲁ	1
ⲙⲁⲅⲓⲥ	1
ⲙⲁⲉⲓⲙ	1
ⲙⲁⲍⲁⲣ	1
ⲙⲁⲑⲁⲣ	1
ⲙⲁⲑⲉⲓ	1
ⲙⲁⲓⲁⲥ	1
ⲙⲁⲓⲉⲡ	1
ⲙⲁⲓⲏⲩ	1
ⲙⲁⲓⲣⲉ	1
ⲙⲁⲓⲱⲣ	1
ⲙⲁⲕⲟⲧ	1
ⲙⲁⲗⲏⲕ	1
ⲙⲁⲛⲓⲁ	1
ⲙⲁⲛⲥⲱ	1
ⲙⲁⲣⲱⲥ	1
ⲙⲁⲥⲧⲕ	1
ⲙⲁⲭⲙⲁ	1
ⲙⲁⲯⲁⲣ	1
ⲙⲁⲱⲛⲉ	1
ⲙⲃⲣⲁⲙ	1
ⲙⲉⲓⲣⲉ	1
ⲙⲉⲗⲭⲁ	1
ⲙⲉⲣⲓⲛ	1
ⲙⲉⲣⲟⲃ	1
ⲙⲉⲣⲱⲃ	1
ⲙⲉⲥⲁⲃ	1
ⲙⲉⲥⲓⲧ	1
ⲙⲉⲧⲣⲉ	1
ⲙⲙⲉϣⲧ	1
ⲙⲏⲇⲱⲑ	1
ⲙⲏⲗⲟⲥ	1
ⲙⲛⲧϣⲉ	1
ⲙⲛⲧϣⲛ	1
ⲙⲛⲧϣⲟ	1
ⲙⲛⲧϫⲓ	1
ⲙⲓⲅⲙⲁ	1
ⲙⲓⲉⲓⲛ	1
ⲙⲓⲟⲟⲩ	1
ⲙⲓⲥⲁⲕ	1
ⲙⲟⲗϩⲧ	1
ⲙⲟⲩϫⲉ	1
ⲙⲟⲩϫⲧ	1
ⲙⲙⲁⲁⲩ	1
ⲙⲙⲙⲁϥ	1
ⲙⲙⲏⲃⲉ	1
ⲙⲙⲑⲛⲧ	1
ⲙⲙⲟⲕ·	1
ⲙⲙⲱⲧⲛ	1
ⲥⲁϣϥⲉ	1
ⲙⲛⲉⲣⲉ	1
ⲙⲛⲟⲩⲧ	1
ⲙⲟⲥⲟϫ	1
ⲙⲟⲩⲣϣ	1
ⲙⲟⲩⲭϩ	1
ⲙⲟⲟⲟⲩ	1
ⲙⲟⲧⲛⲉ	1
ⲙⲟⲩⲇⲉ	1
ⲙⲟⲩⲏⲗ	1
ⲙⲟⲩⲙⲡ	1
ⲙⲟⲩⲛⲕ	1
ⲙⲟⲩⲟⲧ	1
ⲙⲟⲭⲗⲁ	1
ⲙⲟⲱⲁⲃ	1
ⲙⲡⲉⲣⲉ	1
ⲙⲡⲏⲗⲏ	1
ⲙⲡⲏⲟⲩ	1
ⲙⲡⲣⲉϥ	1
ⲙⲡⲱⲗϩ	1
ⲙⲣⲣⲱⲛ	1
ⲥⲁϩⲉⲩ	1
ⲥⲁϩⲧⲕ	1
ⲙⲥⲟⲛⲉ	1
ⲙⲧⲟⲛ…	1
ⲙⲧⲟⲙⲁ	1
ⲙⲫⲏⲃⲉ	1
ⲙⲫⲓⲥⲉ	1
ⲙⲫⲟⲙⲧ	1
ⲙⲫⲟⲩⲉ	1
ⲥⲉϣⲟⲩ	1
ⲙⲱⲗⲁⲓ	1
ⲙⲱⲛⲓⲙ	1
ⲙⲱⲫⲁⲥ	1
ⲛⲁⲁϩⲉ	1
ⲛⲁⲃⲁⲧ	1
ⲛⲁⲅⲁⲃ	1
ⲛⲁⲅⲕⲉ	1
ⲛⲁⲇⲇⲁ	1
ⲛⲁⲉⲓⲙ	1
ⲛⲁⲉⲓⲛ	1
ⲛⲁⲉⲓⲣ	1
ⲛⲁⲉⲧⲓ	1
ⲛⲁⲛⲟϫ	1
ⲛⲁⲑⲉⲗ	1
ⲛⲁⲓⲙⲁ	1
ⲛⲁⲓⲟⲥ	1
ⲛⲁⲕⲉⲇ	1
ⲛⲁⲕⲓⲥ	1
ⲛⲁⲕⲥⲉ	1
ⲛⲁⲕⲧⲟ	1
ⲛⲁⲣⲉϩ	1
ⲛⲁⲣⲏϫ	1
ⲛⲁⲙⲓⲥ	1
ⲛⲁⲥⲓϭ	1
ⲛⲁⲛⲁⲭ	1
ⲛⲁⲧⲟϭ	1
ⲛⲁⲝⲱⲛ	1
ⲛⲁⲡⲣⲉ	1
ⲛⲁⲣⲉⲓ	1
ⲛⲁⲥⲉⲧ	1
ⲛⲁⲥⲓⲙ	1
ⲛⲁⲫⲉⲕ	1
ⲛⲁⲫⲑⲱ	1
ⲛⲁⲭⲁⲍ	1
ⲛⲁⲭⲁⲱ	1
ⲛⲁⲭⲉⲗ	1
ⲛⲁⲭⲓⲁ	1
ⲛⲁⲭⲓⲃ	1
ⲛⲁⲱⲡⲉ	1
ⲛⲃⲛⲛⲉ	1
ⲛⲉⲃⲓⲱ	1
ⲛⲉⲅⲁⲗ	1
ⲛⲉⲇⲁⲥ	1
ⲛⲉⲇⲱⲣ	1
ⲛⲉⲓⲭⲉ	1
ⲛⲉⲕⲃⲁ	1
ⲛⲉⲛⲁⲭ	1
ⲛⲉⲡⲓⲛ	1
ⲛⲉⲥⲁⲩ	1
ⲛⲉⲥⲑⲁ	1
ⲛⲉⲭⲁⲱ	1
ⲛⲏⲏⲃⲉ	1
ⲛⲏⲣⲉⲓ	1
ⲧⲉ{ⲛ}	1
ⲛⲓⲁⲏⲗ	1
ⲛⲓⲉⲙⲛ	1
ⲛⲓⲛⲟϭ	1
ⲛⲓⲙⲁⲥ	1
ⲛⲓⲱⲁⲥ	1
ⲛⲟⲩϫϭ	1
ⲛⲟⲩϣⲥ	1
ⲛⲟⲩϩⲃ	1
ⲕⲉϣⲛⲧⲉ	1
ⲛⲕⲟⲛⲥ	1
ⲛⲕⲟⲧⲉ	1
ⲛⲙⲙⲁⲓ	1
ⲛⲙⲙⲁⲩ	1
ⲛⲥⲁϣⲉ	1
ⲛⲥⲏϣⲉ	1
ⲛⲛⲁⲃⲁ	1
ⲕⲉϩⲕⲱϩ	1
ⲛⲧⲉϩⲛ	1
ⲛⲟⲉⲙⲁ	1
ⲛⲟⲑⲟⲙ	1
ⲧⲁϣⲉⲡ	1
ⲧⲁϥⲉⲧ	1
ⲧⲁϥⲟⲧ	1
ⲧⲁϩⲟⲓ	1
ⲧⲁϩⲥⲉ	1
ⲧⲁϩⲱⲗ	1
ⲧⲁϫⲟⲟ	1
ⲛⲥⲟⲃⲧ	1
ⲛⲧⲉⲗⲟ	1
ⲛⲧⲉⲣⲱ	1
ⲛⲧⲉⲧⲛ	1
ⲛⲧⲓⲗⲟ	1
ⲛⲧⲟⲧⲉ	1
ⲧⲉϣⲉϣ	1
ⲧⲉϥⲉⲱ	1
ⲧⲉϩⲃⲱ	1
ⲧⲉϩⲛⲁ	1
ⲧⲉϭⲗⲱ	1
ⲧⲉϭⲟⲩ	1
ⲛⲱⲏⲣⲉ	1
ⲛⲱⲙⲁⲛ	1
ⲡⲁⲣⲁⲧⲣⲟⲙⲓⲥ	1
ⲟⲍⲉⲓⲃ	1
ⲟⲍⲓⲁⲥ	1
ⲟⲛⲛⲁⲙ	1
ⲟⲩⲉϣϥ	1
ⲟⲩⲁϣⲧ	1
ⲟⲩⲉϭⲡ	1
ⲟⲩⲛϩⲕ	1
ⲟⲩⲟϣⲥ	1
ⲟⲩⲟϩⲉ	1
ⲟⲩⲱϫⲡ	1
ⲟⲣⲓⲛⲏ	1
ⲟⲣⲛⲓⲁ	1
ⲟⲩⲉⲓϣ	1
ⲟⲩⲉⲧϩ	1
ⲟⲩⲁⲁⲧ	1
ⲟⲩⲁⲧⲉ	1
ⲟⲩⲁⲧⲟ	1
ⲟⲩⲃⲁⲓ	1
ⲟⲩⲃⲏⲃ	1
ⲟⲩⲇⲉⲁ	1
ⲟⲩⲇⲓⲁ	1
ⲟⲩⲗⲁϥ	1
ⲟⲩⲏⲧⲉ	1
ⲟⲩⲟⲟϭ	1
ⲟⲩⲕⲉⲙ	1
ⲟⲩⲙⲁⲙ	1
ⲟⲩⲙⲁⲩ	1
ⲟⲩⲙⲉⲉ	1
ⲟⲩⲥⲁϣ	1
ⲟⲩⲛⲁⲧ	1
ⲟⲩⲛⲉⲕ	1
ⲟⲩⲥⲥϥ	1
ⲟⲩⲛⲧⲕ	1
ⲟⲩⲧⲱϩ	1
ⲟⲩⲡⲏⲓ	1
ⲟⲩⲣⲁⲥ	1
ⲟⲩⲣⲧⲱ	1
ⲟⲩⲧⲁⲣ	1
ⲟⲩⲧⲃⲁ	1
ⲟⲩⲱⲱϣ	1
ⲟⲩⲧⲱⲛ	1
ⲟⲩⲱⲕⲙ	1
ⲟⲩⲱⲙⲕ	1
ⲟⲩⲱⲛⲅ	1
ⲟⲩⲱⲱⲙ	1
ⲡⲁⲣϫⲓ	1
ⲡⲉⲉϣⲁ	1
ⲡⲉⲙϩⲡ	1
ⲡⲉⲧϩⲛ	1
ⲡⲁⲑⲟⲩ	1
ⲡⲁⲗⲁⲝ	1
ⲡⲁⲣⲉϩ	1
ⲡⲁⲣⲱϣ	1
ⲡⲁⲥⲁϣ	1
ⲡⲁⲛⲟⲩ	1
ⲡⲁⲡⲣⲟ	1
ⲡⲁⲥⲥⲉ	1
ⲡⲁⲧⲣⲉ	1
ⲡⲉⲃⲟⲗ	1
ⲡⲉⲇⲉⲥ	1
ⲡⲉⲍⲟⲥ	1
ⲡⲉⲛⲧ7	1
ⲡⲉⲓⲕⲉ	1
ⲡⲉⲓⲣⲁ	1
ⲡⲉⲕⲙⲉ	1
ⲡⲉⲗⲟⲥ	1
ⲡⲉⲣⲉϣ	1
ⲡⲉⲛⲧ…	1
ⲡⲉⲙⲧⲟ	1
ⲡⲉⲛⲧⲁ	1
ⲡⲉⲡⲟⲯ	1
ⲡⲉⲭⲁϥ	1
ⲡⲉⲣⲏⲧ	1
ⲡⲉⲣⲕⲁ	1
ⲡⲉⲩⲙⲁ	1
ⲡⲏⲣⲡⲉ	1
ⲡⲓⲇⲁⲉ	1
ⲡⲓⲑⲟⲥ	1
ⲡⲓⲓⲏⲗ	1
ⲡⲓⲟⲟⲣ	1
ⲡⲟⲗϭⲥ	1
ⲡⲟⲩϫⲕ	1
ⲡⲡⲱϫⲕ	1
ⲡⲗⲟⲓⲥ	1
ⲡⲙⲁⲉⲧ	1
ⲡⲙⲉⲉⲩ	1
ⲡⲣⲱϣⲉ	1
ⲡⲙⲙⲁⲕ	1
ⲡⲟⲟⲣⲉ	1
ⲡⲟⲟⲩⲁ	1
ⲡⲟⲩⲛⲉ	1
ⲡⲟⲱⲛⲉ	1
ⲡⲣⲉⲓⲉ	1
ⲡⲣⲟⲃϣ	1
ⲡⲣⲟⲣⲟ	1
ⲡⲥⲟⲩⲟ	1
ⲡⲱⲣϣⲧ	1
ⲡⲧⲱⲙⲁ	1
ⲡⲩⲏⲏⲃ	1
ⲡⲩⲗⲏⲁ	1
ⲡⲯⲟⲃⲧ	1
ⲡⲱⲛⲉϩ	1
ⲣⲁⲃⲁⲁ	1
ⲣⲁⲑⲏⲧ	1
ⲣⲁⲕⲧⲉ	1
ⲣⲁⲕⲧⲛ	1
ⲣⲁⲕⲧⲥ	1
ⲣⲁⲙⲁⲅ	1
ⲣⲁⲙⲱⲑ	1
ⲣⲁⲛⲡⲓ	1
ⲣⲁⲣⲁⲧ	1
ⲣⲁⲩⲣⲁ	1
ⲣⲃⲟⲟⲛ	1
ⲣⲃⲟⲧⲉ	1
ⲣⲏⲏϭⲉ	1
ⲣⲉⲃⲉⲥ	1
ⲣⲉⲅⲙⲁ	1
ⲣⲉⲏⲑⲁ	1
ⲣⲉⲙⲁⲥ	1
ⲣⲉⲙⲛⲁ	1
ⲣⲉⲛⲛⲁ	1
ⲣⲉⲫⲏⲧ	1
ⲣⲏⲛⲟⲥ	1
ⲣⲟⲕϩⲉ	1
ⲣⲟⲭϩⲥ	1
ⲣⲙⲗⲁϩ	1
ⲣⲙⲧⲁⲣ	1
ⲣⲛⲧⲏϭ	1
ⲣⲟⲕⲟⲙ	1
ⲣⲟⲛⲉⲧ	1
ⲣⲟⲭⲟⲩ	1
ⲣⲡⲏⲩⲉ	1
ⲣⲣⲱⲟⲩ	1
ⲣⲥⲛⲁⲩ	1
ⲣⲱⲣϩⲧ	1
ⲣⲧⲱⲣⲧ	1
ⲣⲭⲏⲣⲁ	1
ⲣⲱⲙⲡⲉ	1
ⲥⲁⲁϩⲉ	1
ⲥⲁⲃⲟⲛ	1
ⲥⲁⲇⲱⲙ	1
ⲥⲁⲕⲓⲙ	1
ⲥⲁⲗⲙⲁ	1
ⲥⲁⲙⲁⲉ	1
ⲥⲁⲙⲉⲥ	1
ⲥⲁⲙⲓⲛ	1
ⲥⲁⲙⲩⲥ	1
ⲥⲁⲛⲓⲥ	1
ⲥⲁⲣⲁⲉ	1
ⲥⲁⲣⲁⲑ	1
ⲥⲁⲣⲁⲭ	1
ⲥⲁⲣⲏⲥ	1
ⲥⲁⲣⲓⲭ	1
ⲥⲁⲫⲑⲁ	1
ⲥⲁⲫⲓⲛ	1
ⲥⲁⲱⲭⲱ	1
ⲥⲃⲧⲉⲛ	1
ⲥⲉⲃⲕⲉ	1
ⲥⲉⲅⲱⲣ	1
ⲥⲉⲇⲉⲕ	1
ⲥⲉⲓⲛⲁ	1
ⲥⲉⲓⲱⲛ	1
ⲥⲉⲗⲉⲡ	1
ⲥⲉⲗⲓⲥ	1
ⲥⲉⲗⲗⲁ	1
ⲥⲉⲗⲱⲙ	1
ⲥⲉⲥⲏⲕ	1
ⲥⲉⲱⲣϣ	1
ⲥⲉⲫⲉⲕ	1
ⲥⲉⲫⲓⲣ	1
ⲥⲉⲭⲓⲣ	1
ⲥⲉⲱⲗⲁ	1
ⲥⲏⲅⲱⲣ	1
ⲥⲑⲁⲙⲁ	1
ⲥⲓⲁⲣⲁ	1
ⲥⲓⲃⲓⲧ	1
ⲥⲓⲇⲱⲑ	1
ⲥⲓⲙⲱⲑ	1
ⲥⲓⲙⲱⲛ	1
ⲥⲓⲣⲱⲑ	1
ⲥⲓⲧⲓⲥ	1
ⲥⲕⲏⲡⲏ	1
ⲥⲙⲏⲗⲉ	1
ⲥⲙⲏⲧⲉ	1
ⲥⲙⲛⲧⲉ	1
ⲥⲙⲟⲛⲧ	1
ⲥⲛⲏⲩⲁ	1
ⲥⲟⲃⲁϩ	1
ⲥⲟⲗⲡⲥ	1
ⲥⲟⲙⲥⲧ	1
ⲥⲟⲙⲧⲥ	1
ⲥⲟⲛⲧⲧ	1
ⲥⲟⲩⲁϣ	1
ⲥⲟⲩⲁϩ	1
ⲥⲟⲩⲛϩ	1
ⲥⲟⲟⲩⲉ	1
ⲥⲟⲡⲧⲥ	1
ⲥⲟⲣⲉⲙ	1
ⲥⲟⲣⲙⲉ	1
ⲥⲟⲩⲁⲛ	1
ⲥⲟⲩⲉⲛ	1
ⲥⲟⲩⲣⲉ	1
ⲥⲟⲩⲥⲓ	1
ⲥⲟⲩⲱⲙ	1
ⲥⲟⲭⲟⲑ	1
ⲥⲟⲭⲱⲑ	1
ⲥⲣⲓⲏⲗ	1
ⲥⲥⲏⲙⲁ	1
ⲥⲧⲙⲏⲧ	1
ⲥⲧⲙⲟⲓ	1
ⲥⲧⲟⲟⲩ	1
ⲥⲭⲏⲙⲁ	1
ⲥⲱⲃⲏⲥ	1
ⲥⲱⲃⲱⲑ	1
ⲥⲱⲅⲁⲣ	1
ⲥⲱⲗⲟⲩ	1
ⲥⲱⲙⲁⲛ	1
ⲥⲱⲙⲓⲛ	1
ⲥⲱⲟⲟⲩ	1
ⲥⲱⲣⲱⲛ	1
ⲥⲱⲧⲉⲙ	1
ⲥⲱⲫⲟⲥ	1
ⲧⲁⲙϣⲟ	1
ⲧⲁⲟϫⲛ	1
ⲧⲉⲕϭⲟ	1
ⲧⲉⲗϩⲗ	1
ⲛⲁⲥⲁⲛⲟⲩϣ	1
ⲧⲁⲁⲙⲉ	1
ⲧⲁⲕⲧⲟ	1
ⲧⲁⲗⲁⲓ	1
ⲧⲁⲣⲁϩ	1
ⲧⲁⲡⲏⲩ	1
ⲧⲁⲣⲁⲑ	1
ⲧⲁⲣⲉⲣ	1
ⲧⲁⲣⲕⲉ	1
ⲧⲁⲣⲧⲏ	1
ⲧⲁⲩⲉⲛ	1
ⲧⲁⲫⲉⲧ	1
ⲧⲃⲥⲟⲩ	1
ⲧⲉⲉⲣⲉ	1
ⲧⲉⲓⲙⲉ	1
ⲧⲉⲕⲉⲗ	1
ⲧⲉⲗⲗⲁ	1
ⲧⲉⲙⲉⲓ	1
ⲧⲉⲙⲡⲁ	1
ⲧⲉⲣⲟⲩ	1
ⲧⲉⲣⲧⲣ	1
ⲧⲉⲥⲙⲛ	1
ⲧⲉⲧⲉⲕ	1
ⲧⲉⲭⲛⲏ	1
ⲧⲙⲉϩϯ	1
ⲧⲙⲁϩⲉ	1
ⲧⲏⲏⲡⲉ	1
ⲧⲏⲗⲏⲗ	1
ⲧⲏⲣⲉϥ	1
ⲧⲏⲣⲧⲛ	1
ⲧⲟⲃϩⲕ	1
ⲧⲟⲩϣⲏ	1
ⲥⲟⲣⲓⲛⲱⲛⲁⲉⲓⲙ	1
ⲧⲗⲧⲓⲗ	1
ⲧⲗⲩⲡⲓ	1
ⲧⲣⲉϥⲣ	1
ⲧⲙⲁⲓⲉ	1
ⲧⲙⲛⲧⲉ	1
ⲧⲛⲛⲉⲩ	1
ⲧⲛⲛⲏⲩ	1
ⲧⲛⲧⲉϭ	1
ⲧⲟⲕⲥⲉ	1
ⲧⲟⲗⲙⲁ	1
ⲧⲟⲗⲙⲏ	1
ⲧⲟⲙⲉⲥ	1
ⲧⲟⲙⲛⲧ	1
ⲧⲟⲙⲟⲥ	1
ⲧⲟⲩⲏϩ	1
ⲧⲟⲟⲃⲉ	1
ⲧⲟⲟⲕⲕ	1
ⲧⲟⲟⲗⲏ	1
ⲧⲟⲩⲏⲧ	1
ⲧⲟⲩⲓⲟ	1
ⲧⲟⲩⲛⲟ	1
ⲧⲟⲫⲟⲗ	1
ⲧⲡⲉⲙⲛ	1
ⲧⲣⲏⲫⲁ	1
ⲧⲥⲅⲕⲉ	1
ⲧⲥⲓⲏⲩ	1
ⲧⲥⲟⲃⲉ	1
ⲧⲱⲃⲓⲧ	1
ⲧⲱⲉⲓⲣ	1
ⲧⲱⲙⲉⲥ	1
ⲧⲱⲛⲟⲩ	1
ⲩⲁⲣⲉϩ	1
ⲩⲑⲙⲕⲟ	1
ⲩⲛⲟⲩⲧ	1
ⲩⲟⲙⲟⲩ	1
ⲩⲥⲉⲧⲙ	1
ⲫⲁⲅⲟⲥ	1
ⲫⲁⲅⲱⲣ	1
ⲫⲁⲕⲉⲉ	1
ⲫⲁⲗⲧⲓ	1
ⲫⲁⲣⲉⲙ	1
ⲫⲁⲣⲙⲁ	1
ⲫⲁⲥⲅⲁ	1
ⲫⲁⲥⲕⲁ	1
ⲫⲉⲅⲉⲑ	1
ⲫⲉⲧⲣⲁ	1
ⲫⲏⲧⲏⲥ	1
ⲫⲓⲕⲟⲗ	1
ⲫⲓⲗⲱⲛ	1
ⲫⲓⲛⲏⲃ	1
ⲫⲓⲛⲱⲛ	1
ⲕⲙϣⲛⲉⲕ	1
ⲫⲗⲁⲍⲱ	1
ⲫⲣⲁⲑⲁ	1
ⲡⲣⲁⲕⲧⲱⲣ	1
ⲭⲁⲁⲗⲁ	1
ⲭⲁⲃⲣⲁ	1
ⲭⲁⲗⲏⲃ	1
ⲭⲁⲗⲓⲝ	1
ⲭⲁⲗⲟⲩ	1
ⲭⲁⲙⲱⲥ	1
ⲭⲁⲣⲣⲓ	1
ⲭⲉⲗⲑⲓ	1
ⲭⲉⲗⲗⲁ	1
ⲭⲉⲣⲉⲑ	1
ⲭⲓⲙⲁⲛ	1
ⲭⲓⲛⲁⲁ	1
ⲭⲓⲣⲁⲙ	1
ⲭⲙⲁⲭⲁ	1
ⲭⲟⲃⲱⲣ	1
ⲭⲟⲣⲇⲁ	1
ⲭⲟⲣⲧⲏ	1
ⲭⲟⲥⲟⲃ	1
ⲯⲁⲗⲗⲓ	1
ⲯⲩⲭⲏ…	1
ⲯⲱⲙⲟⲥ	1
ⲱⲉⲕⲱⲧ	1
ⲱⲗⲕϣⲁ	1
ⲉⲧⲟϭⲛⲉⲕ	1
ϩⲩⲡⲟⲇⲩⲧⲏⲥ	1
ⲉⲧⲣϩⲣⲱϩ	1
ⲉⲧϣⲟⲩⲉⲓⲧ	1
ⲣⲉϥⲁⲣⲉϩ	1
ⲣⲉϥⲥⲣϥⲉ	1
ⲣⲉϥⲣⲡⲉⲧ	1
ⲣⲉϥⲥⲕⲁⲓ	1
ⲣⲉϥⲧⲁⲕⲟ	1
ⲣⲉϥⲧⲱⲃϩ	1
ϩⲣⲁⲙⲉⲥⲏ	1
ϩⲣⲁⲙⲛⲱⲛ	1
ϩⲣⲁⲫⲁⲏⲗ	1
ϣⲱⲛⲉⲁⲗⲗⲁ	1
ϥϣⲁⲙⲛⲧⲥⲁⲃⲉ	1
ⲡⲣⲟⲛⲉⲓⲁ	1
ⲡⲣⲟⲩⲱⲗⲥ	1
ϩⲩⲡⲟⲡⲧⲉⲩⲉ	1
ϩⲣⲏⲙⲙⲱⲛ	1
ⲕⲁⲣⲓⲁⲑⲁⲃⲟⲕ	1
ϩⲣⲏⲭⲁⲁⲃ	1
ⲡⲣⲫⲏⲧⲏⲥ	1
ϩⲣⲟⲩϫⲉⲃ	1
ⲗⲉϫⲗⲱϫ	1
ϣⲃⲣϣⲉⲗⲉⲉⲧ	1
ϩⲣⲟⲟⲩⲁϥ	1
ϩⲣⲟⲩⲃⲓⲛ	1
ϩⲛⲭⲁⲃⲟⲛⲏ	1
ⲕⲁⲣⲓⲁⲥⲱⲫⲁⲣ	1
ⲍⲁⲫⲱⲓⲛ	1
ⲗⲟϭⲗⲉϭ	1
ⲣⲉⲕⲧⲧⲏⲩⲧⲛ	1
ⲡⲉⲩⲫⲣⲁⲧⲏⲥ	1
ⲧⲁⲍⲱⲇⲱⲥ	1
ⲧⲁⲍⲱⲧⲟⲥ	1
ⲛⲁⲗⲗⲱⲫⲩⲗⲟⲥ	1
ⲧⲁⲓⲉⲫⲱⲃ	1
ⲡⲥⲓⲕⲩⲣⲁ	1
ⲙⲏⲛⲓⲥⲕⲟⲥ	1
ⲉⲃⲟⲗuntranscribed	1
ⲧⲁⲕⲟⲟⲩⲉ	1
ⲛⲁⲧⲛⲛⲟⲟⲩ	1
ⲧⲁⲗⲟⲩⲓⲁ	1
ⲧⲉϩⲣⲩⲥⲓⲥ	1
ⲧⲁⲙⲛⲧϣⲣ	1
ⲧⲁⲟⲩⲉϣⲃ	1
ⲧⲁⲟⲩⲏⲣⲉ	1
ⲧⲁⲡⲟⲩⲱϣ	1
ⲧⲁⲣⲁⲃⲓⲁ	1
ⲉⲙⲙⲁⲛⲟⲩⲏⲗ	1
ϩⲉⲃⲥⲟⲟⲩⲉ	1
ⲙⲉϩϣⲙⲧ	1
ⲧⲁⲥⲏⲇⲱⲑ	1
ⲥⲩⲛϩⲩⲥⲧⲁ	1
ⲧⲁⲧⲟⲩⲟⲕ	1
ⲡⲉϩⲑⲁⲗⲁⲥⲥⲁ	1
ⲡⲁⲍⲱⲛⲁⲓⲟⲥ	1
ⲧⲁⲫⲟⲣⲙⲏ	1
ϯⲁⲕⲣⲓⲛⲉ	1
ⲡⲉⲭⲁⲗⲁⲧⲣⲓⲟⲛ	1
ⲙⲉϩⲙⲁⲃ	1
ⲙⲉϩⲙⲏⲧ	1
ⲙⲉϩⲛⲉⲛ	1
ⲓⲉⲡⲉⲑⲉⲙⲉⲓ	1
ⲟⲩⲁϩⲥⲁϩⲛⲉ	1
ⲣⲙⲉⲡⲟⲟⲩⲉ	1
ⲁⲕⲣⲟⲃⲩⲥϯⲁ	1
ⲙⲓϣⲉⲙⲛ	1
ⲙⲛⲧⲣⲉⲉⲧⲛϩⲟⲧ	1
ϫⲉⲡⲉⲛⲓⲡⲉ	1
ⲧⲁϣⲉⲙⲛⲧⲥⲁⲃⲉ	1
ⲍⲱⲅⲣⲁⲫⲉⲓ	1
ⲉⲡⲓⲃⲉⲙⲁ	1
ⲏⲗⲏⲉⲓⲛ	1
ϩⲟⲗⲟⲕⲁⲩⲧⲱⲥⲓⲥ	1
ⲉⲝⲟⲙⲟⲗⲟⲅⲏⲥⲉⲓⲥ	1
ⲛⲉϩϣⲗϥ	1
ⲛⲉϭϩⲁⲓ	1
ⲫⲉⲣⲁⲓⲍⲁⲓⲟⲥ	1
ⲛⲁϣⲁⲁⲧ	1
ⲛⲁϩⲗⲟϭ	1
ⲛⲁϩⲣⲏⲛ	1
ⲛⲁϩⲱⲱⲣ	1
ⲧⲉⲭⲁⲗⲁⲥⲍⲁ	1
ϩⲓⲉⲣⲟⲥⲟⲗⲩⲙⲉⲓⲧⲏⲥ	1
ⲃⲁⲃⲉⲣⲱⲙⲉ	1
ϩⲙϩⲁⲗⲡⲉⲕ	1
ⲓⲉⲥⲥⲉⲙⲟⲩⲛ	1
ⲕⲉⲉⲙⲡⲗⲁϩ	1
ⲁⲅⲁⲣⲅⲁⲥⲛⲁⲥⲉⲣ	1
ⲛⲉϣⲁⲣⲉ	1
ⲛⲉϩⲓⲃⲱ	1
ⲛⲉϩⲟⲟⲧ	1
ⲛⲉϫⲏⲟⲩ	1
ⲛⲉϫⲧⲁϥ	1
ⲛⲉϫⲧⲁⲡ	1
ⲛⲉϫⲧⲉⲥ	1
ⲥⲁⲡⲡⲓⲣⲟⲥ	1
ϩⲣⲁⲫⲓⲇⲉⲓⲛ	1
ⲉⲧⲣⲩⲫⲉⲣⲟⲛ	1
ⲕⲣⲓⲧⲏⲣⲓⲟⲛ	1
ⲑⲉⲣϣⲁⲓ	1
ⲑⲁⲃⲁⲣⲁ	1
ⲑⲁⲓⲑⲱⲙ	1
ⲑⲁⲗⲁⲓⲁ	1
ⲑⲁⲗⲁⲥⲁ	1
ⲑⲁⲗⲉⲓⲙ	1
ⲑⲁⲗⲡⲉⲓ	1
ⲑⲁⲥⲓⲣⲓ	1
ⲧⲟⲡⲁⲇⲓⲟⲛ	1
ⲑⲉⲗⲗⲁⲥ	1
ⲑⲉⲛⲉⲙⲉ	1
ⲑⲉⲣⲁⲁⲛ	1
ⲉⲣⲉⲅⲙⲟⲥ	1
ⲅⲉⲇⲱⲛⲓⲁ	1
ⲉⲣⲉⲥⲟⲟⲩ	1
ⲑⲏⲣⲓⲱⲛ	1
ⲫⲟⲓⲛⲏⲕⲏ	1
ⲉⲣⲏⲩⲁⲩⲱ	1
ⲥⲁⲣⲅⲁⲣⲓⲙ	1
ⲅⲉⲑⲁⲓⲟⲥ	1
ⲑⲓⲗⲏⲙⲛ	1
ⲑⲓⲙⲉⲧⲉ	1
ⲅⲉⲓⲁⲣⲁⲧ	1
ⲙⲛⲧⲁⲧⲥⲉⲃⲃⲉ	1
ⲑⲙⲕⲟⲉⲓ	1
ⲑⲙⲕⲟⲕⲃ	1
ⲅⲉⲗⲃⲟⲩⲉ	1
ⲡⲩⲝⲓⲛⲟⲛ	1
ⲅⲉⲛⲓⲍⲉⲓ	1
ⲃⲁⲅⲁⲇⲓⲏⲗ	1
ⲑⲟⲗⲙⲉⲓ	1
ⲙⲁⲁϫⲉⲛⲧ	1
ⲫⲟⲩⲧⲓⲏⲗ	1
ⲑⲩⲥⲓⲁⲙ	1
ⲥⲁⲣⲟⲩⲥⲓⲙ	1
ⲑⲟⲗⲙⲉⲗⲏⲙ	1
ⲓⲉⲣϩⲧⲏ	1
ⲓⲁⲃⲉⲓⲛ	1
ⲓⲁⲕⲉⲓⲙ	1
ⲓⲁⲙⲉⲓⲛ	1
ⲓⲁⲥⲡⲓⲥ	1
ⲓⲁⲫⲉⲓⲉ	1
ⲓⲉⲃⲁⲁⲗ	1
ⲓⲉⲃⲁⲣⲑ	1
ⲓⲉⲍⲁⲣⲁ	1
ⲙⲛϣⲁϥⲧⲉ	1
ⲓⲉⲣⲉⲩⲥ	1
ⲓⲉⲥⲁⲁⲕ	1
ⲓⲉⲥⲃⲓⲛ	1
ⲓⲉⲥⲟⲩⲗ	1
ⲓⲉⲫⲁⲑⲉ	1
ⲓⲉⲫⲑⲁⲛ	1
ⲣⲉϥϯϩⲟⲧⲉ	1
ⲫⲉⲗⲗⲁⲛⲓⲙ	1
ⲛⲁⲭⲓⲗⲟⲩⲑ	1
ⲓⲏⲗⲟⲩⲛ	1
ⲓⲏⲫⲟⲛⲏ	1
ⲥⲓⲣⲱⲙⲁⲥⲧⲏⲥ	1
ⲧⲇⲓⲕⲁⲓⲟ	1
ⲗⲉⲩⲉⲓⲧⲏⲥ	1
ⲓⲕⲧⲟⲉⲓ	1
ⲅⲁⲣⲁⲍⲉⲓⲛ	1
ⲅⲁⲣⲃⲣⲓⲏⲗ	1
ⲕⲁϩⲙⲙⲱⲁⲃ	1
ⲧⲛⲉⲣⲙϩⲁⲗ	1
ⲛⲉⲫⲉⲣⲓⲥⲥⲁⲓⲟⲥ	1
ⲡⲓⲉⲃⲟⲩⲥⲥⲁⲓⲟⲥ	1
ⲓⲟⲣⲁϩⲥ	1
ⲛⲁⲭⲭⲟⲃⲱⲣ	1
ⲅⲁⲣⲓⲍⲉⲓⲛ	1
ⲁⲧⲁⲉⲓⲟϥⲧ	1
ⲓⲱⲁⲭⲁⲃ	1
ⲓⲱⲁⲭⲁⲥ	1
ⲧⲇⲓⲡⲗⲟⲉⲓⲥ	1
ⲡⲉⲣⲉⲇⲉⲝⲓⲟⲛ	1
ϥⲓϣⲙϣⲏϭⲉ	1
ⲥⲡⲗⲁⲅⲭⲛⲟⲛ	1
ⲟⲩϫⲱⲱⲣⲉⲙⲟⲩⲧⲉ	1
ⲕⲉⲗϫⲧⲁ	1
ⲙⲏⲧⲣⲟⲡⲟⲗⲓⲥ	1
ⲁⲧⲃⲁⲗuntranscribed	1
ⲉⲧⲉⲛϩⲏⲧ	1
ⲕⲁⲑⲁⲣⲓ	1
ⲕⲁⲑⲏⲙⲁ	1
ⲕⲁⲑⲙⲱⲛ	1
ⲕⲁⲓⲡⲉⲣ	1
ⲕⲁⲓⲥⲟⲡ	1
ⲕⲁⲛⲑⲁⲛ	1
ⲕⲁⲛⲟⲃⲉ	1
ⲕⲁⲡⲧⲏⲩ	1
ⲕⲁⲣⲉⲏⲗ	1
ⲕⲁⲣⲓⲍⲉ	1
ⲕⲁⲣⲙⲁⲓ	1
ⲕⲁⲣⲭⲁⲣ	1
ⲕⲁⲣⲱⲙⲉ	1
ⲕⲁⲥⲕⲉⲥ	1
ⲕⲁⲧⲁⲣⲟ	1
ⲕⲁⲧⲉⲡⲁ	1
ⲕⲁⲧⲉⲭⲉ	1
ⲕⲁⲧⲧⲁⲑ	1
ⲕⲁⲩⲥⲱⲛ	1
ⲉⲧⲁⲛⲟⲩϥ	1
ⲉⲧⲁⲧⲉⲧⲛ	1
ⲛⲧⲉⲧⲃⲁⲥⲁⲛ	1
ⲧⲉⲉⲓⲛⲟϭ	1
ⲕⲉⲁⲙⲟⲥ	1
ⲕⲉⲇⲙⲱⲑ	1
ⲕⲉⲇⲣⲱⲛ	1
ⲕⲉⲇⲥⲟⲛ	1
ⲕⲉⲉⲓⲉϩ	1
ⲕⲉⲉⲓⲣⲁ	1
ⲕⲉⲓⲱϩⲉ	1
ⲕⲉⲉⲙⲱⲣ	1
ⲕⲉⲟⲟⲩⲉ	1
ⲕⲉⲣⲥⲏⲁ	1
ⲕⲉⲥⲉⲓⲃ	1
ⲕⲉⲥⲓⲣⲓ	1
ⲕⲉⲧⲡⲏⲓ	1
ⲉⲧⲉⲧⲏⲟⲩ	1
ⲉⲛⲧⲟⲫⲁⲛⲓⲧⲏⲥ	1
ⲉⲧⲉⲱⲣⲏⲃ	1
ⲛⲁⲓⲗⲁⲙⲓⲧⲏⲥ	1
ϫⲟⲉⲓⲥⲱⲱⲃⲉ	1
ⲟⲩϣⲣϣⲣ	1
ⲕⲏⲙⲉϣⲁ	1
ⲟⲩϫⲟⲟⲩ	1
ⲧⲉⲑⲩⲣⲓⲁ	1
ⲧⲉⲓⲉⲧⲣⲉ	1
ⲕⲑⲓⲟⲟⲩ	1
ⲧⲉⲕⲟⲛⲧⲟ	1
ⲧⲉⲕⲯⲩϩⲏ	1
ⲕⲟⲗϩⲟⲩ	1
ⲕⲗⲏⲣⲟⲩ	1
ⲛⲉⲗⲁⲭⲓⲥⲧⲟⲛ	1
ⲕⲙⲟⲛⲅⲧ	1
ⲧⲉⲧⲛϣⲁⲛ	1
ⲕⲧⲉϩⲉⲛ	1
ⲕⲧⲟϥⲛϥ	1
ⲕⲟⲓⲗⲓⲁ	1
ⲕⲟⲗⲓⲁⲑ	1
ⲕⲟⲛⲛⲓⲁ	1
ⲕⲟⲩⲁϣⲧ	1
ⲕⲟⲩⲁⲱⲥ	1
ⲕⲟⲩⲕⲉⲙ	1
ⲕⲟⲩⲗⲱⲙ	1
ⲕⲟⲩⲫⲟⲥ	1
ⲧⲉⲣⲏⲱⲙⲁ	1
ⲧⲉⲣⲩⲑⲣⲁ	1
ⲕⲣⲁⲧⲏⲣ	1
ⲕⲣⲁⲩⲣⲁ	1
ⲕⲣⲓⲕⲟⲥ	1
ⲧⲉⲥⲑⲏⲕⲏ	1
ⲕⲣⲕⲱⲣⲕ	1
ⲕⲣⲟⲙⲣⲛ	1
ⲧⲉⲥⲱⲟⲩϩ	1
ⲧⲉⲧⲛⲁⲁⲧ	1
ⲧⲉⲧⲟⲩⲏϩ	1
ⲉⲧⲥⲁⲃⲏⲩ	1
ⲉⲧⲥⲁⲣⲏⲥ	1
ⲕⲧⲉⲫⲏⲧ	1
ⲙⲁⲅⲁⲗⲁⲁⲣⲓⲙ	1
ⲕⲩⲇⲣⲟⲥ	1
ⲕⲩⲕⲛⲟⲥ	1
ⲭⲁⲃⲁⲥⲉⲓⲛ	1
ⲡⲉⲣⲑⲃⲃⲓⲟ	1
ⲕⲱⲉⲃⲟⲗ	1
ⲫⲟⲓⲛⲓⲕⲟⲩⲛ	1
ⲡⲅⲉⲛⲛⲏⲙⲁ	1
ⲥⲟⲩⲑⲁⲗⲁⲁⲙ	1
ⲣⲉϥⲣⲉⲓⲣⲏⲛⲏ	1
ⲙⲟⲭⲣⲓⲥⲧⲟⲥ	1
ⲡⲣϣϣⲛⲉ	1
ⲃⲁⲙⲱⲑⲓⲁⲣⲓⲙ	1
ⲗⲁⲁⲇⲁⲛ	1
ⲗⲁⲕⲱⲛⲏ	1
ⲗⲁⲗⲱⲱϥ	1
ⲗⲁⲗⲱⲱⲕ	1
ⲗⲁⲙⲉⲓⲥ	1
ⲣⲉϥϫⲓⲛϫⲛⲁϩ	1
ⲗⲁⲩⲕⲟⲥ	1
ⲙⲁⲕⲁⲣⲓzⲉ	1
ⲗⲉⲃⲓⲛⲁ	1
ⲗⲉⲙⲉⲣⲁ	1
ⲙⲁⲕⲉⲇⲙⲱⲑ	1
ⲟⲩⲟⲉⲉⲕⲛⲟⲃⲉ	1
ⲉⲛⲧⲉⲧⲛⲁϣ	1
ⲉⲩⲉⲣⲏⲧⲉ	1
ⲟⲗⲗⲩⲣⲓⲟⲛ	1
ⲗⲏⲥⲧⲏⲥ	1
ⲡⲉⲣⲱⲇⲓⲟⲥ	1
ⲗⲑⲟⲩⲗⲁ	1
ⲗⲓⲃⲉⲙⲁ	1
ⲗⲓⲉⲍⲉⲣ	1
ⲗⲓⲙⲁⲁⲛ	1
ⲗⲓⲥⲟⲩⲥ	1
ⲗⲁⲃⲥϩⲓⲙⲉ	1
ⲗⲛⲁⲑⲁⲛ	1
ⲙⲉⲗⲭⲓⲥⲉⲇⲉⲕ	1
ⲫⲉⲛⲧⲱⲛⲉⲓ	1
ⲗⲟⲃⲉⲛⲁ	1
ⲣⲉϥϫⲓϫⲛⲁϩ	1
ⲣⲉϥϫⲓϫⲛⲓⲧ	1
ⲙⲛⲧⲛⲁϣⲧⲙⲉ	1
ⲗⲡⲓⲅⲓⲝ	1
ⲣⲉϥϣⲟⲡ	1
ⲣⲉϥϩⲱⲗ	1
ⲕⲁⲡⲡⲁⲇⲟⲕⲓⲁ	1
ⲣⲁϩⲁⲁⲙ	1
ⲣⲁϭⲣⲏⲛ	1
ⲣⲟ_ⲛⲧⲟ	1
ⲗⲩⲙⲙⲁ…	1
ⲗⲫⲁⲗⲁⲇ	1
ⲣⲉϥⲁⲗⲉ	1
ⲣⲉϥⲛⲉϫ	1
ⲣⲉϥⲕⲱⲧ	1
ⲣⲉϥⲙⲉⲥ	1
ⲣⲉϥⲡⲉⲥ	1
ⲣⲉϥⲥⲱⲕ	1
ⲙⲱⲣⲁⲑⲓⲧⲏⲥ	1
ϫⲓⲕⲗⲏⲣⲟⲛⲟⲙⲓⲁ	1
ⲧⲁϩⲉⲁⲇⲱⲛⲓⲃⲉⲍⲉⲕ	1
ⲙⲁⲁⲗⲉⲁ	1
ⲙⲁⲅⲇⲟⲛ	1
ⲙⲁⲅⲇⲱⲗ	1
ⲙⲁⲅⲉⲇⲱ	1
ⲙⲁⲗⲑⲓⲁ	1
ⲙⲁⲙⲫⲓⲛ	1
ⲙⲁⲛⲁⲁⲙ	1
ⲙⲁⲛⲟⲭⲱ	1
ⲙⲁⲧⲁϩⲉ	1
ⲙⲁⲛⲱⲣϫ	1
ⲙⲁⲣⲁⲭⲱ	1
ⲙⲁⲣⲓⲁⲙ	1
ⲙⲁⲣⲣⲱⲑ	1
ⲙⲁⲧⲁⲓⲉ	1
ⲙⲁⲧⲁⲙⲉ	1
ⲙⲁⲭⲟⲉⲥ	1
ⲙⲃⲗⲗϫⲉ	1
ⲙⲉϩϣⲱⲙⲛⲧ	1
ⲉϣⲟⲩⲉϭⲟⲩⲱϭ	1
ⲧⲟⲩⲇⲓⲟⲟⲣ	1
ⲙⲉⲗⲁⲧⲉ	1
ⲙⲉⲗⲭⲟⲗ	1
ⲙⲉⲣⲓⲧⲉ	1
ⲙⲉⲣⲓⲧⲧ	1
ⲙⲉⲣⲧⲓⲥ	1
ⲙⲉⲥⲑⲏⲧ	1
ⲙⲉⲧⲗⲟⲙ	1
ⲙⲉⲧⲟⲭⲏ	1
ⲧⲟⲩⲉⲓⲛⲛⲉ	1
ⲣⲥϩⲓⲙⲉ	1
ⲧⲉⲧⲛⲁⲛⲕⲟⲧⲕ	1
ⲥⲁⲫⲁⲛⲓⲁⲥ	1
ⲙⲏⲗⲏⲧⲁ	1
ⲙⲏⲟⲉⲓⲕ	1
ⲛⲧϣⲙϣⲉⲛⲟⲩⲧⲉ	1
ⲡⲉⲥⲱⲟⲩⲱⲧ	1
ⲙⲛⲧϣⲁϥ	1
ⲙⲛⲧϣⲛⲁ	1
ⲙⲟⲩ{ϩ}	1
ⲙⲟⲕϩⲉⲛ	1
ⲙⲡⲉϣϫⲉ	1
ⲙⲙⲉⲗⲭⲁ	1
ⲙⲙⲉⲥⲁⲫ	1
ⲙⲙⲉⲧⲣⲉ	1
ⲙⲙⲏⲧⲟⲥ	1
ⲙⲙⲟⲥϫⲉ	1
ⲙⲙⲛⲧⲣⲙ	1
ⲙⲙⲟⲥⲡⲉ	1
ⲥⲁϩϩⲱⲱ	1
ⲙⲛⲁⲫⲉⲕ	1
ⲕⲉⲡⲁⲣϩⲁⲗⲓⲁ	1
ⲙⲛⲉⲇⲱⲙ	1
ⲙⲛⲉⲗⲱⲙ	1
ⲙⲛⲓⲧⲁⲛ	1
ⲙⲛⲟⲟⲧⲉ	1
ⲙⲛⲧⲛⲁϣ	1
ⲙⲛⲧⲟⲩⲥ	1
ⲙⲛⲧⲣⲉⲙ	1
ⲙⲛⲧⲥⲁⲓ	1
ⲙⲛⲧⲯⲓⲥ	1
ⲧⲟⲩⲛⲉⲥⲟⲩ	1
ⲙⲟⲓⲉⲣⲟ	1
ⲙⲉⲕⲟⲩⲉϣϭⲗⲓⲗ	1
ⲙⲟⲗⲟⲭⲏ	1
ⲙⲟⲟⲗⲁⲙ	1
ⲙⲟⲟⲗⲉⲓ	1
ⲙⲟⲟⲩⲧⲉ	1
ⲙⲟⲩⲉⲓⲛ	1
ⲙⲡⲁⲧⲉⲙ	1
ⲙⲡⲉⲙⲛⲧ	1
ⲙⲡⲉⲥⲏⲧ	1
{ⲛ}ⲛⲧⲉⲧ	1
ⲥⲁϩⲱⲱⲧ	1
ⲡⲉⲧⲉⲣⲁⲁⲁ	1
ⲁⲣⲭⲓⲙⲁⲅⲉⲓⲣⲟⲥ	1
ⲡⲉⲛⲧⲏⲕⲟⲛⲧⲁⲣⲭⲟⲥ	1
ⲙⲛⲧⲟⲩⲡⲣϩⲙⲙⲉ	1
ⲛⲁⲛϣⲟⲧ	1
ⲛⲁⲱϫⲓⲛ	1
ⲛⲉⲥϣⲗϩ	1
ⲙⲛⲧⲭⲣⲓⲥⲧⲟⲥ	1
ⲛⲁⲁⲣⲏϫ	1
ⲛⲁⲃⲁⲁⲗ	1
ⲛⲁⲃⲓⲏⲗ	1
ⲛⲁⲃⲓⲏⲣ	1
ⲛⲁⲃⲟⲗⲥ	1
ⲛⲁⲅⲱⲓⲙ	1
ⲛⲁⲇⲁⲙⲁ	1
ⲛⲁⲉⲓⲁⲧ	1
ⲛⲁⲉⲣⲑⲉ	1
ⲛⲁⲗⲱϭϩ	1
ⲛⲁⲍⲏⲅⲁ	1
ⲛⲁⲓⲑⲁⲙ	1
ⲛⲁⲓⲑⲁⲛ	1
ⲛⲁⲓⲗⲱⲙ	1
ⲛⲁⲕⲟⲧⲉ	1
ⲛⲁⲗⲁⲥⲁ	1
ⲛⲁⲙⲉⲕϩ	1
ⲛⲁⲙⲁⲥⲧ	1
ⲛⲁⲙⲃⲣⲁ	1
ⲛⲁⲙⲓⲏⲗ	1
ⲛⲁⲥⲟϣⲧ	1
ⲛⲁⲛⲟⲕϫ	1
ⲛⲁⲛⲟⲩϥ	1
ⲛⲁⲛⲟⲩ…	1
ⲛⲁⲛⲩⲟϥ	1
ⲛⲁⲛⲟⲩⲓ	1
ⲛⲁⲧⲁϩⲥ	1
ⲛⲁⲧⲁϭⲥ	1
ⲛⲁⲛⲱⲑⲁ	1
ⲛⲁⲣⲟⲕϩ	1
ⲛⲁⲥⲉⲃⲓ	1
ⲛⲁⲥⲟⲧⲉ	1
ⲛⲁⲥⲣⲁⲧ	1
ⲛⲁⲧⲑⲁϥ	1
ⲛⲁⲧⲟⲙⲥ	1
ⲛⲁⲭⲓⲛⲁ	1
ⲛⲃⲗⲗⲉⲩ	1
ⲛⲅⲅⲓⲟⲛ	1
ⲥⲟϣⲃⲉϥ	1
ⲛⲉⲁⲣⲉϩ	1
ⲛⲉⲅⲓⲁⲁ	1
ⲛⲉⲓⲱϩⲓ	1
ⲛⲉⲕⲁϩⲉ	1
ⲛⲉⲍⲉⲓⲫ	1
ⲛⲉⲓⲁⲧⲁ	1
ⲛⲉⲓⲙⲁⲥ	1
ⲛⲉⲕⲗⲉϩ	1
ⲛⲉⲗⲉⲓⲙ	1
ⲛⲉⲙⲟⲟⲩ	1
ⲛⲉⲛⲛⲟⲙ	1
ⲛⲉⲟⲉⲓⲕ	1
ⲛⲉⲣⲉⲣⲉ	1
ⲛⲉⲣⲧⲟϥ	1
ⲛⲉⲣⲟⲟⲩ	1
ⲛⲉⲥⲃⲱϥ	1
ⲛⲉⲥⲅⲉⲑ	1
ⲛⲉⲥⲇⲣⲓ	1
ⲛⲉⲩⲛⲧⲁ	1
ⲛⲉⲩⲧⲁⲣ	1
ⲛⲉⲭⲣⲁⲛ	1
ⲛⲉⲭⲱⲑⲁ	1
ⲛⲑⲩⲣⲟⲛ	1
ⲛⲓⲁⲃⲓⲛ	1
ⲛⲓⲁⲍⲏⲣ	1
ⲛⲓⲁⲣⲓⲛ	1
ⲛⲓⲉⲃⲟⲩ	1
ⲛⲓⲉⲑⲉⲣ	1
ⲛⲓⲉⲫⲑⲁ	1
ⲛⲓⲗⲓⲙⲏ	1
ⲛⲓⲥⲕⲟⲥ	1
ⲛⲗⲉⲩⲉⲓ	1
ϩⲉⲑⲛⲟⲙⲙⲟ	1
ϩⲉⲑⲛⲟⲥⲉⲧ	1
ⲛⲛⲉⲇⲱⲙ	1
ⲕⲉϩⲕⲱϩⲥ	1
ⲕⲉϩⲕⲱⲛⲉ	1
ⲛⲛⲧⲱⲧⲉ	1
ⲥⲩⲅⲕⲣⲓⲙⲁ	1
ⲛⲟⲉⲙⲁⲛ	1
ⲛⲟⲍⲓⲏⲗ	1
ⲧⲏⲡⲉⲛⲧⲉ	1
ⲛⲟⲩⲱϩⲙ	1
ⲛⲟⲣⲱⲛⲏ	1
ⲛⲟⲩⲥⲁϣ	1
ⲛⲟⲩⲱⲧϩ	1
ⲥⲧⲁⲉⲓⲟⲩⲧⲁⲥⲉ	1
ⲛⲥⲁⲃⲉⲉ	1
ⲛⲥⲁⲃⲱⲛ	1
ⲛⲥⲁⲇⲟⲕ	1
ⲛⲥⲁⲣⲁⲁ	1
ⲧⲁϣⲉⲁⲁ	1
ⲧⲁϩⲧⲁϩ	1
ⲧⲁϫⲟⲟⲣ	1
ⲧⲁϭⲛⲉⲕ	1
ⲛⲧⲉⲛⲧⲙ	1
ⲛⲧⲉⲣⲣⲟ	1
ⲛⲧⲙⲁⲉⲓ	1
ⲛⲧⲛⲙⲟⲣ	1
ⲛⲧⲟⲕⲡⲉ	1
ⲕⲁⲣⲓⲑⲓⲁⲣⲓⲙ	1
ⲛⲧⲱⲧⲛⲁ	1
ⲧⲉϫⲟⲟⲣ	1
ⲭⲁⲓⲣⲟⲩⲃⲓⲛ	1
ⲡⲓⲟⲣⲁⲛⲏⲥ	1
ⲙⲁⲁⲇⲁⲩⲱ	1
ⲧⲛϭⲱⲧⲙ	1
ⲧⲟϭⲥⲟⲩ	1
ⲙⲁⲅⲱⲧⲁⲭ	1
ⲣⲁⲧϣⲏⲣⲉ	1
ⲉⲝⲟⲙⲟⲗⲟⲅⲏⲥⲓⲥ	1
ⲙⲁⲓⲛⲟⲃⲉ	1
ⲉⲡⲉⲓⲑⲩⲙⲓ	1
ⲙⲁⲕⲏⲇⲁⲛ	1
ⲙⲁⲕⲏⲗⲱⲑ	1
ⲣⲉϥϫⲓϣⲏⲙ	1
ⲙⲁⲗⲁⲅⲙⲁ	1
ⲑⲓⲉⲣⲟⲩⲥⲁⲗⲏⲙ	1
ⲕⲉⲗⲉⲛⲕⲉϩ	1
ⲙⲁⲛⲁⲉⲓⲛ	1
ⲙⲁⲛⲁⲥⲥⲉ	1
ⲙⲁⲧⲁϫⲣⲉ	1
ⲙⲁⲧⲁϫⲣⲟ	1
ⲙⲁⲛⲥⲟⲛⲉ	1
ⲙⲁⲛⲛⲕⲟⲧⲕ	1
ⲛⲉⲕⲁⲛⲁⲅⲅⲏ	1
ϩⲓⲉⲣⲁⲕⲱⲛ	1
ⲡⲉ…ⲛⲉϥ	1
ϩⲓⲉⲣⲟⲕⲟⲙ	1
ⲣⲉϥϫⲉⲛⲟϭ	1
ⲓⲥⲟⲡⲥⲟⲡ	1
ⲣⲉϥϫⲓⲕⲃⲁ	1
ⲙⲁⲛⲟⲩⲟⲩⲥ	1
ⲙⲁⲣⲅⲉⲗⲁ	1
ⲙⲁⲣⲓⲛⲟⲩ	1
ⲙⲁⲣⲙⲁⲣⲟ	1
ⲙⲁⲥⲁⲓⲁⲥ	1
ⲙⲁⲥⲉⲭⲉⲙ	1
ⲙⲁⲥⲏⲫⲁⲑ	1
ⲙⲁⲥⲏⲫⲱⲛ	1
ⲙⲁⲥⲥⲁⲣⲁ	1
ⲙⲁⲛⲥⲉⲏⲣⲡ	1
ⲙⲁⲧⲁⲛϩⲟ	1
ⲣⲙⲙⲓⲟⲟⲩⲉ	1
ⲙⲁⲧⲁⲉⲓⲉ	1
ⲙⲁⲧⲁⲙⲓⲉ	1
ⲉⲗⲓⲥⲁⲫⲁⲛ	1
ⲙⲁⲧⲥⲓⲟⲩ	1
ⲙⲁⲫⲉⲇⲁⲛ	1
ⲙⲁⲭⲁⲗⲙⲁ	1
ⲙⲁⲭⲁⲣⲓⲙ	1
ⲙⲁⲭⲁⲧⲉⲓ	1
ⲉⲗⲓⲫⲁⲗⲁⲑ	1
ⲙⲁⲭⲣⲓⲏⲗ	1
ⲙⲛⲧⲣⲉϥϣⲉⲡⲧⲱⲣⲉ	1
ϫⲛϫⲱⲛⲟⲩ	1
ϥⲛⲧⲁⲓⲟⲩ	1
ⲧⲣⲁⲙⲉϩⲉⲓⲁⲧ	1
ⲕⲁⲧⲁⲣⲁⲕⲧⲏⲥ	1
ⲟⲉⲥⲃⲉⲓ	1
ⲟⲍⲉⲓⲏⲗ	1
ⲱⲉⲓⲛⲟⲩϫ	1
ⲕⲁⲗⲱⲛⲓⲧⲏⲥ	1
ⲡⲟⲇⲟⲗⲗⲁⲙⲓⲧⲏⲥ	1
ⲟⲙⲙⲉⲓⲛ	1
ϣⲁⲣⲃⲟⲟⲛⲉ	1
ⲟⲩⲁϣⲟⲥ	1
ⲟⲩⲉϣⲱⲧ	1
ⲟⲩⲟϣϥⲥ	1
ⲟⲩⲟϣϥⲧ	1
ⲟⲩⲗϩⲱⲃ	1
ⲟⲩⲛϩⲧⲉ	1
ⲟⲩⲟϩⲙⲉ	1
ⲟⲩⲱϣⲃⲧ	1
ⲟⲟⲟⲩⲧⲛ	1
ⲉⲧⲉⲧⲛⲉⲣⲟⲭⲟⲩ	1
ⲡⲁⲣⲉⲙⲃⲟⲗⲏⲧⲏⲣⲥ	1
ϩⲉⲕⲧⲏⲩⲧⲛ	1
ⲃⲁⲓⲑⲁϩⲟⲩ	1
ⲡⲉⲭⲓⲱ(ⲛ)	1
ⲣⲙⲛⲕⲕⲏⲙⲉ	1
ⲟⲩⲁⲧⲃⲉ	1
ⲟⲩⲁⲧⲟⲥ	1
ⲙⲛⲧⲣⲉϥⲕⲧⲟ	1
ⲟⲩⲉⲙⲁϥ	1
ⲟⲩⲉⲓⲟⲗ	1
ⲟⲩⲉⲗⲉⲗ	1
ⲟⲩⲕⲱϩ†	1
ⲟⲩⲟⲧϩⲥ	1
ⲟⲩⲙⲉⲥ…	1
ⲟⲩⲛⲧⲕ…	1
ⲟⲩⲛⲧⲟⲩ	1
ⲟⲩⲟⲙⲟϥ	1
ⲟⲩⲟⲛⲉϩ	1
ⲟⲩⲟⲛⲁⲩ	1
ⲟⲩⲟⲩⲱϩ	1
ⲟⲩⲟⲣⲃⲉ	1
ⲟⲩⲟⲧⲛⲉ	1
ⲟⲩⲟⲩⲕⲉ	1
ⲟⲩⲟⲩⲛⲧ	1
ⲟⲩⲣⲏⲧⲉ	1
ⲟⲩⲣⲓⲟⲛ	1
ⲟⲩⲧⲁⲕⲟ	1
ⲟⲩⲱⲱϫⲉ	1
ⲛⲁⲥⲭⲁⲛⲁⲍⲁⲓⲟⲥ	1
ⲟⲩⲱⲅⲧⲛ	1
ⲟⲫⲓⲙⲓⲛ	1
ϩⲟⲛⲟⲕⲉⲛⲧⲁⲩ	1
ⲟⲭⲁⲧⲉⲓ	1
ⲃⲁⲓⲑⲁⲅⲗⲁ	1
ⲃⲁⲓⲑⲁⲛⲁⲙ	1
ⲃⲁⲓⲑⲁⲣⲁⲛ	1
ⲉⲧⲟⲟⲧⲏⲩⲧⲛ	1
ⲃⲁⲓⲑⲥⲟⲩⲣ	1
ⲡⲉⲭⲓⲙⲁⲣⲟ	1
ⲉⲣⲅⲟⲗⲁⲃⲓⲁ	1
ϩⲓⲉⲣⲓⲙⲟⲩⲑ	1
ⲛⲁⲃⲏⲥⲁⲗⲱⲙϣⲁ	1
ⲣⲧⲟⲗⲙⲏⲣⲟⲥ	1
ⲅⲁⲣⲓⲁⲓⲑⲁⲙ	1
ⲥⲩⲛϩⲉⲇⲣⲓⲟⲛ	1
ⲡⲉⲕϣⲟⲙ	1
ⲡⲉⲙϩⲓⲧ	1
ⲡⲉⲥϣⲓⲕ	1
ⲧⲕⲁⲗⲁⲁⲧ	1
ⲕⲗⲓⲣⲟⲛⲟⲙⲓ	1
ⲡⲁⲛⲁϩⲃ	1
ⲡⲁⲓⲇⲏⲥ	1
ⲡⲁⲗⲁⲓⲁ	1
ⲡⲁⲗⲁⲟⲥ	1
ⲡⲁⲗⲙⲡⲉ	1
ⲡⲁⲙⲁⲭϩ	1
ⲡⲁⲛⲧⲏⲣ	1
ⲡⲁⲛⲧⲱⲥ	1
ⲡⲁⲧⲱϩⲃ	1
ϩⲓⲉⲣⲟⲃⲁⲁⲗ	1
ϩⲓⲉⲣⲟⲃⲟⲁⲗ	1
ϩⲓⲉⲣⲟⲃⲟⲁⲙ	1
ⲡⲁⲣⲭⲏⲥ	1
ⲡⲁⲥⲭⲱⲣ	1
ⲡⲁⲩⲗⲱⲛ	1
ⲡⲁⲩⲟⲉⲓ	1
ⲃⲁⲓⲥⲓⲙⲱⲑ	1
ⲥⲩⲛϩⲉⲑⲣⲓⲟⲛ	1
ⲡⲉⲇⲓⲟⲥ	1
ⲡⲉⲉⲓⲁⲁ	1
ⲡⲉⲕⲥⲁϣ	1
ⲡⲉⲕⲟⲉⲓ	1
ⲡⲉⲕⲧⲁⲡ	1
ⲡⲉⲕⲱⲛⲧ	1
ⲡⲉⲡⲟⲡⲥ	1
ⲡⲉⲥⲏⲱⲛ	1
ⲡⲉⲥⲡⲟϥ	1
ⲡⲉⲥⲙⲁⲛ	1
ⲡⲉⲥⲛⲟⲩ	1
ⲡⲉⲥⲥⲁⲓ	1
ⲡⲉⲧⲉⲣⲉ	1
ⲡⲉⲧⲛⲧⲁ	1
ⲡⲉⲩⲉⲓⲙ	1
ⲡⲉⲫⲉⲣⲉ	1
ⲡⲉⲫⲟⲩⲁ	1
ⲅⲁⲗⲁⲁⲇⲓⲧⲏⲥ	1
ⲛⲉϩⲥⲥⲟⲩⲟ	1
ⲧⲟⲩϫⲟⲉⲓ	1
ⲛⲉϩⲧⲱⲱⲣⲉ	1
ⲡⲏⲗⲩⲟⲛ	1
ⲃⲏⲣⲱⲑⲉⲟⲥ	1
ⲡⲓⲉⲣⲣⲟ	1
ⲡⲓⲑⲩⲙⲓ	1
ⲡⲓⲥⲣⲏⲗ	1
ⲡⲓⲥⲧⲉⲩ	1
ⲡⲓⲥⲧⲏⲥ	1
ⲡⲟⲗϭⲟⲩ	1
ⲡⲟⲩϣⲧⲏ	1
ⲡⲗⲁⲛⲟⲥ	1
ⲧⲉⲧⲛⲉⲣⲟⲭⲟⲩ	1
ⲡⲗⲁⲟⲥⲛ	1
ⲣⲉϥⲑⲣⲡⲉⲧϩⲟⲟⲩ	1
ⲧⲁⲛⲉⲫⲑⲁⲗⲉⲓ	1
ⲙⲁⲟⲗⲗⲁⲓⲥ	1
ⲣⲉϥϫⲓⲙⲁⲉⲓⲛ	1
ⲡⲙⲟⲩⲗϩ	1
ⲕⲁⲧⲁⲥⲕⲟⲡⲟⲥ	1
ⲡⲟⲓⲕⲓⲁ	1
ⲡⲟⲟⲩϩⲙ	1
ⲡⲟⲗⲩⲙⲉ	1
ⲡⲟⲛⲏⲣⲟ	1
ⲡⲟⲟⲣⲉⲥ	1
ⲡⲟⲟⲣⲟⲩ	1
ⲣⲉϥϫⲓⲟⲩⲱⲛⲉ	1
ⲡⲡⲓⲣⲟⲛ	1
ⲥⲟⲩⲛⲧⲟⲟⲩⲉ	1
ⲡⲣⲓⲱⲟⲩ	1
ⲡⲥⲥⲟⲩⲛ	1
ⲣⲙⲁⲇⲇⲁⲣⲓⲙ	1
ⲡⲧⲏⲡⲟⲥ	1
ⲥⲁⲟⲩⲗⲱⲛⲓⲧⲏⲥ	1
ϯⲕⲗⲏⲣⲟⲥ	1
ⲡⲱⲩⲥⲏⲥ	1
ⲣⲁⲧϩⲁⲓ	1
ⲭⲓϣⲕⲁⲕ	1
ϩⲉⲙⲁⲧⲁϣⲉ	1
ⲣⲁⲁⲍⲁⲣ	1
ⲣⲁⲑⲟⲧⲉ	1
ⲣⲁⲓⲃⲉⲥ	1
ⲣⲁⲛⲏⲧⲛ	1
ⲣⲁⲧⲥⲉⲓ	1
ⲣⲃⲟⲟⲛⲉ	1
ⲡⲉⲥⲧⲥⲟϭⲉⲛ	1
ⲉⲙϫⲓⲥⲁⲁⲕ	1
ⲑⲉⲙⲁⲛⲓⲧⲏⲥ	1
ⲛⲉϫⲟⲩⲱⲛⲉ	1
ⲣⲉⲙⲁⲧⲉ	1
ⲣⲉⲙⲉⲓⲏ	1
ⲣⲉⲙⲙⲱⲛ	1
ⲣⲉⲧⲧⲛϩ	1
ⲃⲁⲓⲑⲥⲁⲙⲟⲩⲥ	1
ⲣⲑⲡⲉⲧⲉ	1
ⲍⲱⲅⲣⲁⲫⲉⲓⲁ	1
ⲣⲓⲱⲅⲉⲙ	1
ⲣⲕⲟⲩⲉⲓ	1
ⲣⲙⲟⲟϣⲉ	1
ⲣⲙⲣⲁⲩⲏ	1
ⲛⲩⲕⲧⲉⲣⲓⲥ	1
ⲣⲧⲏϥϩⲉ	1
ⲃⲁⲗⲁⲅⲁⲇⲁ	1
ⲣⲟⲕⲁⲩⲱ	1
ⲣⲟⲩⲟϭⲉ	1
ⲣⲟⲥⲁⲩⲱ	1
ⲣⲟⲩⲓⲁⲥ	1
ⲣⲟⲩⲟⲓⲛ	1
ⲣⲟⲱⲃⲟⲥ	1
ⲣⲟⲱⲃⲱⲑ	1
ⲧⲣⲉϥϯϩⲉ	1
ⲉⲗⲉⲩⲑⲉⲣⲟⲥ	1
ⲛⲁⲛⲉϫⲟⲩⲱⲛⲉ	1
……ⲁϩⲱⲣ	1
ⲣⲥⲉⲩϣⲉ	1
ⲯⲁϩⲱⲱⲛ	1
ⲛⲉϭⲁⲗⲉⲉⲩ	1
ⲣⲧⲁⲕⲁⲧ	1
ⲙⲉⲥⲟⲡⲟⲇⲁⲙⲓⲁ	1
ⲣⲱⲙⲁⲃⲉ	1
ⲣⲱⲙⲉⲁⲩ	1
ⲣⲱⲙⲉⲇⲉ	1
ⲣⲱⲙⲉⲥⲁ	1
ⲟⲩⲉⲣⲏⲧⲉϩⲉⲧⲧⲡⲛⲛⲏ	1
ⲥⲁⲙϩⲏⲧ	1
ⲥⲁⲛϩⲟⲩ	1
ⲥⲁⲇⲱⲕⲉϩⲣⲁⲓ	1
ⲥⲁⲃⲁϭⲑ	1
ⲥⲁⲃⲃⲟⲗ	1
ⲥⲁⲃⲗⲙⲡ	1
ⲥⲁⲇⲓⲁⲥ	1
ⲥⲁⲇⲧⲓⲛ	1
ⲥⲁⲗⲥⲉⲗ	1
ⲥⲁⲙⲁⲏⲗ	1
ⲥⲁⲙⲉⲓⲣ	1
ⲥⲁⲙⲛⲁⲛ	1
ⲥⲁⲙⲟⲩⲏ	1
ⲥⲁⲛⲃⲟⲗ	1
ⲥⲁⲛⲉⲓⲣ	1
ⲥⲁⲛⲓⲱⲣ	1
ⲥⲁⲣⲁⲇⲁ	1
ⲥⲁⲣⲁⲑⲁ	1
ⲛⲉϭⲛⲟⲩϭⲉ	1
ⲥⲁⲱⲛⲟⲩ	1
ⲥⲃⲓⲧⲏⲥ	1
ⲧⲣⲟϣⲣⲉϣ	1
ⲥⲃⲧⲉⲟⲩ	1
ⲥⲃⲧⲱⲧⲧ	1
ⲥⲉⲇⲣⲁⲕ	1
ⲥⲉⲗⲥⲉⲗ	1
ⲥⲉⲗⲥⲱⲗ	1
ⲥⲉⲙⲟⲩⲛ	1
ⲥⲉⲛⲥⲉⲛ	1
ⲙⲉⲉⲩⲉⲙⲡ	1
ⲟⲩⲕⲁⲣⲟⲩⲭⲓⲟⲛ	1
ⲁⲃⲉⲓⲣⲱⲛ	1
ⲥⲏⲙⲉⲓⲛ	1
ⲟⲩⲉⲣⲥⲁⲃⲟⲗ	1
ⲥⲓⲕⲩⲣⲁ	1
ⲥⲓⲣⲱⲑⲁ	1
ⲙⲉⲓⲥⲁⲇⲉ	1
ⲥⲓⲫⲉⲩⲥ	1
ⲥⲟⲕϩⲱⲑ	1
ⲙⲉⲕⲧⲁⲗⲟ	1
ⲥⲕⲩⲑⲏⲥ	1
ⲁⲃⲓⲉⲍⲉⲣ	1
ⲧⲙⲙⲟⲟⲩⲧ	1
ⲧⲙⲙⲟⲩⲧⲉ	1
ⲥⲗⲥⲱⲗⲧ	1
ⲙⲉⲗⲭⲓⲥⲁ	1
ⲥⲙⲓⲗⲁⲝ	1
ⲥⲙⲣⲱϩⲉ	1
ⲥⲙⲛⲓⲁⲧ	1
ⲥⲙⲟⲟⲩⲧ	1
ⲥⲛⲧⲛⲁⲓ	1
ⲥⲛⲧⲛⲕⲁ	1
ⲥⲟⲉⲓⲣⲉ	1
ⲥⲟⲟⲩϩⲛ	1
ⲥⲟⲟⲩⲁϩ	1
ⲥⲟⲡⲏⲕⲉ	1
ⲧⲙⲡⲟⲣⲓⲁ	1
ⲥⲟⲩⲛⲧⲁ	1
ⲥⲟⲩⲟⲣⲧ	1
ⲥⲟⲩⲣⲉⲩ	1
ⲥⲟⲩⲥⲟⲩ	1
ⲥⲟⲩⲧⲉⲛ	1
ⲥⲟⲭⲟⲍⲁ	1
ⲥⲟⲭⲭⲟⲑ	1
ⲥⲟⲭⲭⲱⲑ	1
ⲙⲉⲡⲉⲙⲛⲧ	1
ⲉⲓⲓⲟⲡⲇⲁⲛⲏⲥ	1
ⲧⲛⲛⲟⲟⲩⲧⲉ	1
ⲥⲣⲃⲛⲛⲉ	1
ⲙⲉⲣⲁⲣⲉⲓ	1
ⲁⲃⲟⲭⲁⲉⲓ	1
ⲥⲥⲓⲃⲁⲑ	1
ⲥⲥⲟⲩⲧⲛ	1
ⲥⲥⲟⲭⲱⲑ	1
ⲕⲧⲁⲙⲓⲟⲉⲓ	1
ⲥⲧⲁⲁⲧⲉ	1
ⲥⲧⲁⲣⲧⲏ	1
ⲥⲧⲁⲣⲱⲑ	1
ⲙⲉⲧⲁⲃⲁⲛ	1
(ⲛ)ϯⲛⲁ	1
ⲥⲧⲥⲏⲟⲩ	1
ⲥⲩⲛⲟⲭⲏ	1
ⲧⲥⲉϯⲱϩⲉ	1
ⲙⲉⲭⲙⲁⲭⲁ	1
ⲇⲁⲗⲁⲓⲡⲱⲣⲓⲁ	1
ⲥⲱⲑⲏⲃⲁ	1
ⲥⲱⲟⲩϩⲧ	1
ⲥⲱⲣⲁⲓⲑ	1
ⲥⲱⲧⲓⲟⲥ	1
ⲥⲱⲩⲃⲁⲗ	1
isaiah	1
ⲧⲁⲛϩⲟⲓ	1
ⲧⲥⲓϯⲱϩⲉ	1
ⲡⲁⲣϩⲏⲥⲓⲁ	1
ⲡⲁⲣϩⲟⲓⲛⲙ	1
ⲧⲉⲉϭⲟⲙ	1
ⲧⲉⲧϭⲏⲛ	1
ⲧⲁⲙⲁϩⲥ	1
ⲧⲁⲙⲉϣⲧ	1
ⲧⲁⲓⲏⲟⲩ	1
ⲧⲁⲕⲏⲟⲩ	1
ⲧⲁⲗⲁⲓⲙ	1
ⲧⲁⲗⲉⲛⲉ	1
ⲧⲁⲙⲓⲟϥ	1
ⲧⲁⲙⲓⲁⲥ	1
ⲧⲁⲙⲱⲕⲏ	1
ⲧⲁⲟⲣⲅⲏ	1
ⲧⲁⲡⲓⲏⲗ	1
ⲧⲁⲣⲕⲟⲛ	1
ⲧⲁⲥⲓⲇⲁ	1
ⲧⲁⲧⲁⲕⲟ	1
ⲧⲁⲩⲣⲟⲥ	1
ⲧⲁⲫⲛⲁⲥ	1
{ⲙ}ⲛⲧⲃⲛⲟⲟⲩⲉ	1
ⲧⲃⲃⲓⲏⲩ	1
ⲧⲃⲃⲱⲟⲩ	1
ⲣⲁⲅⲁⲑⲟⲥ	1
ⲧⲅⲁⲥⲁⲛ	1
ⲉⲡⲓⲃⲟⲗⲟⲥ	1
ⲧⲇⲁⲣⲱⲑ	1
ⲧⲇⲓⲁⲑⲩ	1
ⲧⲉⲃⲃⲁⲙ	1
ⲧⲉⲙⲁϩⲉ	1
ⲧⲉⲙⲱϫⲛ	1
ⲧⲉⲕⲟⲑⲉ	1
ⲧⲉⲕⲱⲟⲩ	1
ⲧⲉⲙⲱⲁⲃ	1
ⲧⲉⲙⲱⲥⲕ	1
ⲧⲉⲣⲣⲓⲥ	1
ⲧⲉⲥⲃⲑⲉ	1
ⲧⲉⲧⲛⲏϩ	1
ⲧⲉⲧⲛⲉⲗ	1
ⲧⲉⲧⲛⲉⲣ	1
ⲧⲉⲩⲉⲙⲏ	1
ⲭⲣⲏⲥⲓⲙⲟⲛ	1
ⲧⲓⲅⲣⲓⲥ	1
ⲧⲓⲙⲓⲛⲉ	1
ⲧⲓⲙⲟⲣⲓ	1
ⲧⲓⲙⲱⲣⲓ	1
ⲧⲟⲩϫⲁⲓ	1
ⲧⲕⲟⲗⲉⲁ	1
ϯⲛⲁⲟⲃϣⲧ	1
judges	1
ⲕⲉϩⲉⲧⲁⲥⲓⲥ	1
ⲣⲁⲙⲉⲥⲥⲏ	1
ⲁⲅⲕⲁⲇⲏⲥ	1
ⲧⲙⲁⲉⲓⲉ	1
ⲧⲙⲁⲓⲉⲡ	1
ⲧⲙⲏⲧⲓⲁ	1
ⲧⲙⲓⲥⲱⲣ	1
ⲧⲙⲛⲧⲣⲟ	1
ⲧⲛⲛⲟⲟⲩⲧ	1
ⲣⲁⲛⲟⲙⲉⲓ	1
ⲧⲛⲁⲣⲉϩ	1
ⲧⲟⲓⲕⲟⲩ	1
ⲧⲟⲗⲙⲟⲩ	1
ⲧⲟⲟⲃⲉϥ	1
ⲧⲟⲟⲃⲉⲥ	1
ⲧⲟⲟⲩⲧⲉ	1
ⲧⲛⲡⲟⲟⲩⲧ	1
ⲧⲟⲩⲁⲁⲃ	1
ⲧⲣⲁⲛⲟⲩ	1
ⲧⲣⲁⲡⲓⲁ	1
ⲧⲣⲃⲏⲓⲛ	1
ⲧⲣⲧⲱⲣⲛ	1
ⲧⲣⲧⲱⲣⲧ	1
ⲧⲥⲁⲉⲓⲟ	1
ⲧⲥⲁⲙⲓⲟ	1
ⲧⲥⲓⲟⲉⲓ	1
ⲧⲥⲓⲟⲟⲩ	1
ⲧⲥⲛⲟⲟⲥ	1
ⲧⲥⲟⲫⲓⲁ	1
ⲙⲁⲥⲥⲁⲓⲁⲥ	1
ⲣⲁⲧⲟⲩϩⲓ	1
ⲣⲁⲧⲛⲟⲃⲉ	1
ⲙⲁⲥⲥⲉⲕⲁⲥ	1
ⲉⲡⲓⲥⲕⲟⲡⲏ	1
ⲃⲉⲣⲍⲉⲗⲗⲉⲓ	1
ⲛⲁⲉⲡⲓⲑⲩⲙⲉⲓ	1
ⲧⲱⲕⲙⲉⲥ	1
ⲧⲱⲟⲩⲛⲉ	1
ⲡⲉⲣⲓⲑⲉⲙⲁⲧⲁ	1
ⲛⲥⲁⲇⲱⲕⲙⲛ	1
ϫⲁⲥⲧⲥⲙⲏ	1
ⲛⲥⲁⲍⲉⲃⲉⲉ	1
ⲓⲱⲁⲃⲁⲩⲱ	1
leaves	1
ⲗⲏⲛⲁⲥⲧⲏⲥ	1
ⲃⲁⲓⲑⲫⲁⲓⲥⲏⲥ	1
ⲡⲟⲗⲓⲥⲉⲧⲛⲏϩ	1
ⲕⲉⲣⲁⲣⲭⲱⲛ	1
ⲕⲉⲣⲁⲥⲧⲏⲥ	1
ⲕⲉⲣⲁⲩⲛⲟⲥ	1
ⲡⲉⲥⲭⲱⲣⲧⲟⲥ	1
ⲩⲥⲩϭⲟⲙ	1
ⲥⲉϩⲟⲩⲱⲟⲩ	1
ⲩⲟⲅⲁⲗⲏ	1
ϩⲛⲉⲇⲣⲁⲉⲓⲛ	1
ⲓⲱⲥⲁⲇⲉⲕ	1
ⲁⲇⲣⲁⲙⲉⲭ	1
ⲕⲁⲧⲁⲭⲣⲩⲥⲉⲁ	1
ⲓⲱⲭⲁⲃⲉⲗ	1
ⲓⲱⲭⲁⲃⲏⲗ	1
ϣⲙⲛⲧϫⲟⲩⲱⲧⲉ	1
ⲑⲩⲥⲓⲁⲥⲧⲏ	1
ⲕⲉⲣⲥⲟⲟⲩⲉ	1
ⲡⲁⲣⲁⲇⲓⲅⲙⲁⲧⲓⲍⲉ	1
ⲕⲉⲉⲓⲉϩϣⲏⲛ	1
ⲫⲁⲅⲉⲏⲗ	1
ⲫⲁⲕⲟⲩⲁ	1
ⲫⲁⲗⲓⲁⲥ	1
ⲫⲁⲣⲙⲉⲛ	1
ⲫⲁⲣⲣⲁⲛ	1
ⲫⲁⲥⲕⲓⲁ	1
ⲕⲉⲣⲱⲑⲉⲱⲥ	1
ⲫⲉⲓⲥⲱⲛ	1
ⲫⲉⲛⲉⲉⲥ	1
ⲥⲟⲩⲟϣⲙⲉϥ	1
ⲥⲉⲛⲛⲁⲭⲏⲣⲉⲓⲙ	1
ⲫⲑⲁⲗⲓⲙ	1
ⲫⲑⲟⲛⲉⲓ	1
ⲫⲓⲇⲉⲓⲛ	1
ⲛⲉoⲩⲟⲉⲓϣ	1
ⲙⲁⲛⲇⲣⲁⲅⲟⲣⲟⲥ	1
ⲁⲉⲓⲕⲱⲧⲉ	1
ⲩⲉⲓⲛⲁⲩⲁⲛ	1
ⲡⲓⲓⲁⲛⲧⲱⲕⲣⲁⲧⲱⲣ	1
ⲧⲟⲡⲙⲡⲉⲕ	1
ⲧⲁϣⲉⲟⲉⲓϣⲡⲉ	1
ⲡⲁⲅⲅⲁⲓⲟⲥ	1
ⲙⲁⲛⲇⲓⲛⲁⲓⲟⲥ	1
ⲑⲩⲥⲓⲁⲥⲧⲏⲣⲓⲟⲛⲛⲟⲩⲥ	1
ⲉⲧⲉⲉⲩⲫⲣⲁⲛⲏ	1
ⲧⲟⲩⲛⲟⲥⲧ	1
ⲉⲧⲉⲅⲟⲑⲟⲛⲓⲏⲗ	1
ⲣⲟⲃⲩⲥⲧⲓⲁ	1
ⲭⲁⲃⲱⲛⲏ	1
ⲭⲁⲓⲗⲱⲛ	1
ⲭⲁⲗⲁⲛⲏ	1
ⲭⲁⲣⲙⲉⲓ	1
ⲭⲁⲣⲣⲁⲛ	1
ⲭⲁⲣⲥⲓⲑ	1
ⲭⲁⲥⲇⲱⲛ	1
ⲙⲁⲗⲏⲕⲓⲧⲏⲥ	1
ⲓⲥⲙⲁⲉⲗⲓⲧⲏⲥ	1
ⲭⲉⲇⲙⲁⲑ	1
ⲭⲉⲗⲕⲁⲑ	1
ⲭⲉⲗⲕⲓⲁ	1
ⲡⲁⲣⲉⲙϣⲟⲗⲏ	1
ⲭⲉⲧⲧⲓⲙ	1
ⲙⲛⲧϣⲁϥⲧ	1
ⲙⲛⲧϫⲃⲓⲛ	1
ⲉⲉⲓⲉⲧⲁⲩⲟ	1
ⲉϩⲣⲁⲓⲉⲥⲏⲗⲱ	1
ⲭⲓⲛⲟⲟⲃ	1
ⲭⲗⲓⲛⲟⲛ	1
ⲕⲁⲙⲁⲛⲙⲉⲓⲛ	1
ⲥⲩⲛⲏⲇⲩⲥⲓⲥ	1
ⲡⲉⲫⲁⲓⲣⲉⲥⲁⲓⲟⲥ	1
ⲭⲣⲟⲛⲟⲥ	1
ⲁⲣⲁⲁⲥⲥⲱⲛ	1
ⲣⲣⲟⲙⲟⲟϣⲉ	1
ⲕⲁⲛⲛⲣⲣⲙⲛϩⲏⲧ	1
„ϣⲏⲧⲛ	1
ⲧⲇⲓⲕⲁⲓⲱⲥⲩⲛⲏ	1
ⲟⲓⲕⲓⲗⲧⲏⲥ	1
ⲧⲁϣⲉⲡⲓⲕⲣⲓⲁ	1
ⲕⲧⲛⲛⲟⲟⲩⲥⲉ	1
ⲙⲛⲧⲧⲁⲥⲃⲁⲗ	1
ⲧⲣⲁⲡⲏⲍⲁ	1
ⲧⲣⲁⲧⲱⲗⲥ	1
ⲧⲣⲃⲁⲉⲓⲛ	1
ⲉⲫⲑⲁⲗⲉⲓⲙ	1
ⲁⲍⲁⲣⲓⲁⲥ	1
ⲙⲙⲱⲁⲃⲓⲧⲏⲥ	1
ⲁⲃⲟⲩⲥⲁⲣⲉⲓⲥ	1
ⲧⲁⲗⲁⲓⲡⲱⲣⲓ	1
ⲯⲉⲗⲉⲟⲛ	1
ⲡⲁⲣⲁⲃⲁⲥⲓⲥ	1
ⲣⲉⲙⲛϩⲏⲧ	1
ⲡⲁⲣⲁⲇⲓⲅⲙⲁ	1
ⲣϫⲟⲩⲧⲯⲓⲥ	1
ⲣϫⲟⲩⲧⲱⲧⲉ	1
ⲣⲉⲕⲧⲡⲉⲕ	1
ϫⲓⲛϭⲟⲛϭ	1
ⲣⲉⲙⲙⲱⲛⲁ	1
ⲡⲟⲓⲕⲓⲗⲧⲏⲥ	1
ⲃⲁⲣⲁⲭⲓⲁⲥ	1
ⲃⲁⲣⲃⲁⲣⲟⲥ	1
ⲡⲁⲣⲁⲗⲁⲗⲉⲓ	1
ⲡⲁⲣⲁⲗⲁⲥⲥⲉ	1
ⲧⲁϣⲉϣⲁϫⲉ	1
ⲣⲙⲁⲕⲁⲣⲓⲟⲥ	1
ⲓⲉⲍⲉⲕⲓⲏⲗ	1
ⲙⲓⲥⲁⲇⲁⲓ	1
ⲥⲩⲛⲉⲓⲇⲏⲥⲓⲥ	1
ⲧⲉⲑⲁⲗⲗⲁⲥⲁ	1
ϫⲉⲕⲧⲟⲟⲧ	1
ⲧⲃⲟⲧⲁⲛⲉⲓ	1
ϩⲉ(ⲛ)ⲕⲧⲟ	1
ϫⲉⲛⲟⲩⲛⲉ	1
ⲃⲁⲣⲕⲏⲃⲱⲇ	1
ⲡⲉⲫⲩⲗⲓⲥⲧⲓⲁⲓⲟⲥ	1
ⲧⲥⲁⲃⲏⲩⲧ	1
ⲭⲁⲃⲣⲁⲑⲁ	1
ϫⲟⲉⲓⲥϣⲣϣⲣⲛⲉⲑⲣⲟⲛⲟⲥ	1
ⲥⲩⲛⲁⲅⲱⲕⲏ	1
ⲱⲉⲟⲩⲛⲧ	1
ⲥⲩⲛⲅⲉⲛⲓⲁ	1
ⲭⲁⲓⲗⲉⲱⲛ	1
ⲭⲁⲗⲁⲙⲁⲭ	1
ⲭⲁⲗⲃⲁⲛⲏ	1
ⲡⲉⲥⲧⲏⲑⲏⲛⲓⲟⲛ	1
ⲱⲗⲙⲁⲇⲁ	1
ⲥⲉⲩϩⲃⲟⲏⲑⲓⲁ	1
ⲭⲁⲛⲁⲛⲓⲥ	1
ⲱⲙⲁⲁⲑⲁ	1
ⲙⲛⲧϣⲏⲣⲉϣⲏⲙ	1
ⲧⲥⲟⲟⲩϩⲥ	1
ⲭⲱⲃⲁⲙⲁⲥⲟⲙⲉⲗ	1
ⲧϩⲃⲃⲓⲉⲧⲉⲕ	1
ⲡⲁⲓⲱⲛⲁⲑⲁⲛ	1
ⲃⲁⲥⲉⲗⲗⲁⲛ	1
ⲁⲏⲥⲁⲓⲁⲥ	1
ⲑⲛⲧⲥϩⲙⲟⲧ	1
ⲱⲫⲉⲗⲉⲓ	1
ϯⲥⲗⲁⲁⲧⲉ	1
ⲡⲉⲥⲧⲏⲑⲩⲛⲓⲟⲛ	1
ⲃⲁⲉⲗⲙⲁⲟⲩⲗⲁ	1
ⲙⲛⲉⲗⲑⲉⲩⲇⲁⲇ	1
ⲁⲛⲁⲅⲗⲓⲧⲟⲛ	1
ⲛϩⲏⲗⲓϩⲛ	1
ⲣⲁⲧⲥⲟⲟⲩⲛ	1
ⲙⲁⲥⲥⲓⲉⲫⲱⲉ	1
ⲛⲟⲗⲗⲟⲫⲩⲗⲟⲥ	1
ⲡⲓⲥⲣⲁⲏⲗⲉⲩⲙⲁ	1
ⲛϫⲉⲕϫⲓⲕ	1
ⲛⲁⲃⲓⲇⲇⲁⲣⲁ	1
ⲡⲉⲥⲙⲟⲩϯⲟⲩⲱ	1
ϣⲟⲩϣⲟⲩϣⲱⲡⲉ	1
ϣⲁⲙⲓⲥⲉⲁⲩⲛⲁϩⲃⲟⲩ	1
ϫⲁⲓⲉⲓⲱⲟⲩ	1
ⲛⲉϩϣⲗϩϥ	1
ⲛⲁⲃⲓⲙⲉⲗⲉⲕ	1
ⲉϩⲟⲩⲉⲙⲡⲓ	1
ⲉϩⲟⲩⲉⲣⲟⲛ	1
ⲉϩⲟⲩⲉⲣⲟⲥ	1
ⲟⲩⲉϩⲣⲁⲧⲧⲏⲩⲧⲛ	1
ⲡⲟⲫⲓⲟⲙⲁⲭⲏⲥ	1
ⲕⲉⲣϩⲧⲏⲩ	1
ⲥⲩⲙⲃⲟⲩⲗⲉⲩⲉ	1
ⲡⲓⲉⲑⲓⲛⲉⲟⲥ	1
ⲡⲓⲉⲑⲓⲣⲉⲟⲥ	1
ⲁⲓⲕⲁⲁⲧⲉ	1
ⲧⲉⲁⲗⲁⲥⲥⲁ	1
ⲧⲃⲥⲛⲟⲟⲩⲉ	1
ⲥⲟⲩⲙⲁⲣⲓⲙ	1
untranscribed	1
……ⲟϫⲕ	1
……ⲛⲉϥ	1
ⲣⲁⲫⲓⲇⲉⲓⲛ	1
ⲣⲉϥⲁϣⲕⲁⲕ	1
ⲡⲁⲡⲟⲙⲡⲁⲓⲟⲥ	1
ⲟⲩⲫⲩⲗⲉⲥⲧⲓⲁⲓⲟⲥ	1
ⲡⲉⲕⲉⲛⲕⲁⲛϯⲥⲟⲧⲉ	1
ⲉⲣⲁⲛⲛⲱⲙⲉⲓ	1
ⲙⲛⲁⲍⲏⲕⲁ	1
ⲙⲛⲁⲭⲓⲙⲁ	1
ⲥⲩⲡⲁⲅⲱⲅⲏ	1
ⲭⲁⲥⲉⲗⲱⲑⲁⲓⲁⲓ	1
ⲕⲁⲑⲁⲣⲟⲥ	1
ⲕⲁⲓⲛⲉⲟⲥ	1
ⲕⲁⲓⲫⲓⲣⲁ	1
ⲛⲁϣⲱⲟⲩ…	1
ⲧⲁⲗⲉⲡⲱⲣⲓⲁ	1
ⲉϩⲣⲁⲃⲃⲁⲑ	1
ⲁⲕⲕⲣⲙⲣⲙ	1
ⲛⲁϩⲉⲧϩⲧ	1
ⲛⲁϩⲟⲛⲟⲩ	1
ⲉⲅⲕⲣⲁⲧⲉⲩⲉ	1
ⲕⲁⲛⲟⲩⲱⲧ	1
ⲙⲛⲧⲣϩⲁⲗ	1
ⲥⲟⲫⲓⲥⲧⲏⲥ	1
ⲕⲁⲡⲏⲗⲟⲥ	1
ⲕⲁⲣⲟⲩⲧⲛ	1
ⲁⲕⲣⲁⲧⲟⲛ	1
ⲛⲁⲗⲱϫϩⲛⲉⲩ	1
ⲁⲕⲣⲓⲃⲓⲁ	1
ⲡⲁⲣⲭⲏⲥⲧⲣⲁⲧⲓⲅⲟⲥ	1
ⲙⲛⲧⲛⲁϣⲧ	1
ⲙⲛⲧⲣⲉϥϯ	1
ⲙⲛⲧⲥⲁϣϥ	1
ⲙⲛⲧⲣⲙⲁⲟ	1
ⲙⲛⲧⲥⲁⲃⲏ	1
ⲙⲛⲧⲥⲁⲓⲉ	1
ⲙⲛⲧⲥⲙⲟⲩ	1
ⲙⲛⲧⲥⲱⲧⲡ	1
ⲕⲁⲡϥⲉⲓⲱⲧ	1
ⲕⲁⲧⲧⲁⲁⲑ	1
ⲙⲁⲥⲫⲁⲥⲥⲁⲧ	1
{lost}	1
ⲙⲡⲓϫⲓⲭⲣⲏⲙⲁ	1
ⲕⲁⲯⲁⲕⲏⲥ	1
ϣⲁϩⲣⲟⲕϩ	1
ϣⲁϩⲣⲱⲕϩ	1
ⲗⲁⲙⲫⲓⲇⲱⲑ	1
ⲙⲙⲉⲧⲁⲃⲟⲗⲟⲥ	1
ⲗⲁⲙⲯⲟⲩⲣⲁ	1
ⲭⲁⲥⲓⲗⲓⲟⲩ	1
ⲭⲉⲇⲏⲃⲱⲛ	1
ⲥⲟⲟⲩϩⲣⲟⲟⲩⲉ	1
ⲛϯⲗⲟⲅⲓⲁ	1
ⲉⲅⲕⲣⲩⲫⲓⲟⲛ	1
…ⲉϫⲏⲩ	1
ⲉϩϩⲙⲉⲧⲏ	1
ⲛⲁⲃⲣⲁϩⲁⲙⲙ	1
ⲭⲁⲥⲥⲁⲗⲱⲑ	1
…ⲛⲧⲟⲩ	1
…ⲧⲁⲩⲟ	1
ⲭⲉⲗⲕⲁⲛⲁ	1
ⲭⲉⲛⲛⲁⲣⲁ	1
ϫⲓⲅⲁⲃⲁⲁ	1
ⲥⲩⲣⲓⲁⲕⲟⲛ	1
ⲭⲉⲣⲉⲑⲑⲓ	1
ⲧⲉⲅⲛⲟⲥⲓⲥ	1
ⲉⲧⲁⲡⲉⲧⲉⲓ	1
ϣⲉϫⲡⲗⲁⲁⲩ	1
ϫⲓⲙⲁⲉⲓⲛ	1
ⲁⲣⲉϣⲱⲡⲉ	1
ϫⲓⲛⲟⲩⲛⲉ	1
ⲉⲧⲉⲧⲛⲁⲡⲁⲥⲧ	1
ⲃⲇⲉⲙⲉⲗⲉⲭ	1
ⲁⲣⲏϫⲛⲟⲩ	1
ⲧⲟⲇⲟⲗⲗⲁⲙⲓⲧⲏⲥ	1
ⲧⲟⲇⲟⲗⲗⲁⲙⲓⲧⲓⲥ	1
ϫⲓⲥⲓⲉⲉⲩ	1
ⲉⲧⲉⲧⲛⲉⲥⲃⲕⲟ	1
ⲧⲡⲉⲣϩⲁⲗⲓⲁ	1
ⲧⲥⲧⲉⲫⲁⲛⲏ	1
ⲛϭⲓⲇⲣⲉⲱⲥ	1
ⲛⲁⲃⲇⲉⲙⲉⲗⲉⲭ	1
ⲛⲉⲕⲟⲓⲕⲓⲟⲥ	1
ⲣⲭⲣⲏⲥⲧⲟⲥ	1
ⲙⲛⲁⲣⲓⲕⲁⲙ	1
ⲙⲟⲣⲥⲩⲛⲏ	1
ⲙⲟⲩⲏⲗϫⲉ	1
ⲙⲟⲩⲟⲩⲧⲉ	1
ⲙⲟⲭⲗⲟⲩⲥ	1
ⲙⲩⲣⲙⲏⲕⲟⲗⲏⲱⲛ	1
ϫⲱⲧⲉⲉⲃⲟⲗ	1
ⲙⲡⲉⲣϩⲉⲡ	1
ⲙⲡⲁⲧⲉⲧⲛ	1
ⲙⲟⲛⲟⲕⲩⲣⲱⲥ	1
ⲥⲏⲇⲱⲑⲫⲁⲥⲅⲁ	1
ⲁⲛⲁⲑⲏⲙⲁ	1
ⲁⲛⲁⲧⲓⲑⲓ	1
ⲁⲛⲃⲁⲧⲏⲥ	1
ⲙⲛⲧϣⲛϩⲧⲏ	1
ⲙⲡⲉⲣⲕⲁⲁ	1
ⲁⲛⲉⲓⲭⲉⲁ	1
ⲉⲓⲙⲉⲣⲓⲧⲉ	1
ⲥϩⲟⲩⲱⲣⲧ	1
ⲙⲛⲧϣⲁⲃⲧⲉ	1
ⲙⲛⲧϣⲟⲩϣⲟ	1
ⲙⲛⲧϣⲙⲏⲛⲉ	1
ⲙⲡⲓⲉⲃⲟⲗ	1
ⲙⲡⲓⲧⲉⲃϩ	1
ⲙⲡⲓⲧⲟⲣⲡ	1
ⲙⲛⲧϩⲁⲗϩⲟ	1
ⲧⲉⲉⲓⲟⲩⲇⲁ	1
ⲙⲛⲧϩⲗⲟⲩⲱ	1
ⲙⲛⲧϩⲣⲟⲩⲟ	1
ⲛⲉⲗⲉⲗϣⲱⲟⲩⲉ	1
ⲧⲱⲟⲩⲛⲉⲓ	1
ⲡⲁⲣⲏⲙⲃⲟⲗⲏ	1
ⲡⲁⲗⲇⲁⲗⲓⲥ	1
ⲧⲱⲫⲩⲣⲟⲛ	1
ⲡⲁⲗⲓⲉⲧⲟⲥ	1
ⲁⲕⲁⲑⲁⲣⲟⲛ	1
ⲡⲁⲗⲗⲟⲫⲟⲥ	1
…………………………………………………	1
ⲙⲫⲩⲡⲟⲡⲟⲇⲓⲟⲛ	1
ⲕⲉⲅⲭⲣⲟⲥ	1
ⲑⲉⲅⲱⲛⲓⲧⲏⲥ	1
ⲛⲁⲍⲓⲣⲁⲓⲟⲥ	1
ⲛⲉⲇⲓⲇⲁⲛⲟⲥ	1
ⲣⲙⲙⲃⲉⲕⲉ	1
ϭⲉϫϭⲱϫⲧ	1
ⲣⲙⲛⲥⲕⲓⲙ	1
ⲛⲉϩⲙⲁⲕϩ	1
ⲛⲉϩⲟⲟⲟⲩ	1
ⲕⲉⲛⲇⲣⲟⲥ	1
ⲕⲉⲛⲉⲣⲉⲧ	1
ⲛⲉϫⲡⲟⲟⲩ	1
ⲛⲉϭⲁⲩⲟⲛ	1
ⲙⲣⲟⲩⲟϭⲉ	1
ⲙⲣⲟⲩⲥⲁϣ	1
ϣⲉϣⲥϯⲁⲛ	1
ⲕⲉⲣⲣⲱⲟⲩ	1
ⲕⲉⲣⲱⲑⲉⲓ	1
ⲕⲉⲥⲕⲱⲥϥ	1
ⲕⲉⲧⲟⲩϫⲟ	1
ⲡⲁⲙⲉⲣⲣⲓⲧ	1
ⲉⲓⲉⲍⲉⲕⲓⲏⲗ	1
ⲕⲉⲫⲁⲣⲁⲁ	1
ⲁⲃⲉⲛⲛⲏⲣⲁⲩⲱ	1
ⲙⲛⲓⲏⲥⲟⲩⲥⲛⲉⲛⲧ	1
ⲣⲉϥⲉⲣϩⲓⲕ	1
ⲃⲟⲩⲍⲁⲣⲇⲁⲛ	1
ⲁⲣⲓⲙⲁⲑⲁⲉⲓⲙ	1
ⲥϭⲟⲟⲗⲉⲥ	1
ⲥⲗⲁⲁⲧⲛⲉⲩ	1
ⲇⲓⲁⲃⲁⲑⲣⲁ	1
ⲙⲁⲃⲇⲁⲣⲓⲧⲓⲥ	1
ⲙⲉⲥⲧⲉⲛⲩϣⲃⲏⲣ	1
ⲟⲁⲗⲡⲓⲅⲝ	1
ⲛⲥⲁⲃⲉⲛⲛⲏⲣ	1
ⲛⲗⲉⲩⲓⲧⲏⲥ	1
ⲇⲓⲁⲕⲁⲓⲟⲥ	1
ⲑⲩⲥⲓⲁⲥⲧⲉⲣⲓⲟⲛ	1
ⲉⲧⲉⲣⲁⲙⲱⲑ	1
ⲣⲉϥⲣⲕⲣⲟϥ	1
ⲡⲉⲫⲣⲁⲑⲉⲟⲥ	1
ⲣⲉϥⲣⲟⲉⲓⲥ	1
ⲉⲧⲉⲧⲣⲁϩⲉ	1
ⲣⲉϥⲥⲟⲟϩⲉ	1
ⲣⲉϥⲧⲁⲗϭⲟ	1
ⲃⲟⲗⲏⲩⲧⲏⲥ	1
ⲣⲉϥⲧⲟⲉⲓⲧ	1
ⲣⲉϥⲧⲟⲛⲧⲛ	1
ⲓⲧⲁⲫⲏⲉⲑⲁ	1
ⲁⲡⲁⲓⲧⲉⲓ	1
ⲡⲁⲛⲥⲟⲫⲟⲥ	1
ⲁⲙⲟⲣⲁⲓⲟⲥ	1
ⲑⲗⲓⲯⲓⲥϩⲛ	1
ⲗⲁⲥⲉⲛⲇⲁⲕ	1
ϫⲟⲉⲓⲥⲙⲉⲥⲧⲉ	1
ϩⲣⲁⲛⲧⲓⲥⲉ	1
ⲁⲡⲓⲥⲧⲟⲛ	1
ⲁⲡⲓⲥⲧⲟⲥ	1
ⲧⲁϫⲣⲉⲣⲁⲛ	1
ⲧⲁϫⲣⲉⲫⲁⲡ	1
ⲧⲁϫⲣⲏⲟⲩⲧ	1
ⲙⲡⲉϩⲥⲓⲱⲧ	1
ϣⲟⲩⲉⲓⲧⲁⲛ	1
ϣⲟⲩⲉⲙⲟⲟⲩ	1
ⲁⲡⲟⲑⲏⲕⲉ	1
ⲁⲡⲟⲛⲟⲓⲁ	1
ϩⲣⲁⲫⲉⲥⲥⲁ	1
ϩⲣⲁⲫⲓⲇⲓⲛ	1
ϩⲣⲁⲯⲁⲕⲏⲥ	1
ⲛⲁⲣⲭⲓⲧⲉⲕⲇⲱⲛ	1
ϣⲟⲩⲙⲉⲣⲓⲧ	1
ⲙⲙⲉⲕⲣⲁⲫⲁⲉⲓⲛ	1
ϭⲃϫⲟⲉⲓⲧ	1
ⲕⲉⲗⲱⲛⲓⲧⲏⲥ	1
ⲉⲓⲉϩⲉⲗⲟⲟⲗⲉ	1
ⲛⲁⲉⲣϣⲟⲙⲛⲧ	1
ⲙⲛⲧⲥⲁⲧⲣⲁⲡⲏⲥ	1
ϩⲉϫϩϫⲡⲁⲙⲟⲣⲣⲁⲓⲟⲥ	1
ⲁⲙⲙⲁⲛⲓⲧⲏⲥ	1
ⲃⲁⲗⲁⲃⲉⲣⲓⲑ	1
ⲉⲫⲣⲁⲑⲁⲓⲟⲥ	1
ⲕⲱⲗⲁⲇⲁⲁⲙ	1
ⲁⲣⲉⲕⲟⲧⲉ	1
ⲙⲛⲧⲙⲁⲕⲁⲣⲓⲟⲥ	1
ⲃⲁⲗⲁⲉⲣⲙⲱⲛ	1
ⲙ……………	1
ⲁⲣⲓⲥⲧⲟⲛ	1
ⲃⲉϣⲧⲟⲟⲧ	1
ϩⲉⲣⲙⲏⲛⲉⲩⲉ	1
ⲥⲩⲛⲧⲉⲗⲁⲓⲁ	1
ⲣⲟⲛⲟⲙⲓⲁ	1
ⲟⲩϩⲱⲱⲙⲉ	1
ⲛⲍⲉⲓⲫⲁⲓⲟⲥ	1
ⲛⲧⲣⲟⲡⲟⲗⲓⲥ	1
ⲕⲏⲣⲏⲥⲥⲉ	1
ⲙⲩⲣⲥⲓⲛⲱ	1
ⲕⲏⲣⲩⲅⲙⲁ	1
ⲁⲣⲭⲱ(ⲛ)	1
ⲣⲟⲩⲟⲉⲓϣ	1
ⲗⲉⲓⲧⲟⲩⲣⲅⲟⲥ	1
ϩⲉⲣⲙⲡⲟⲟⲩⲉ	1
ⲓⲉⲣⲓⲙⲟⲩⲑ	1
ⲟⲩⲉϣϭⲙϭⲟⲙ	1
ⲁⲣⲭⲉⲥⲑⲉ	1
ⲓⲉⲣⲙⲉⲧⲣⲉ	1
ⲁⲣⲱⲙⲁⲧⲁ	1
ϫⲟⲟⲩⲕⲡⲉ	1
ϩⲓⲁⲕⲓⲛⲑⲟⲥ	1
ϫⲃⲃⲉⲥⲁϣⲁⲓ	1
ⲟⲩⲉϣϯⲣⲏⲛⲏ	1
ⲡⲉⲫⲉⲣⲁⲓⲥⲁⲓⲟⲥ	1
ϥϭⲙϭⲟⲙ	1
ⲇⲁⲃⲓⲣⲱⲑ	1
ⲇⲁⲃⲗⲁⲑⲁ	1
ϥϩⲉⲁⲩⲱ	1
ϥϩⲟⲟⲕⲉ	1
ϥϫⲓⲏⲡⲉ	1
ⲉⲓⲣⲏⲛⲓⲕⲏ	1
ⲁⲥⲑⲉⲛⲏⲥ	1
ⲃⲁⲥⲓⲗⲉⲓⲟⲛ	1
ⲇⲁⲗⲁⲓⲁⲥ	1
ⲛⲁⲙⲁⲗⲏⲕⲓⲧⲏⲥ	1
ⲇⲁⲛⲩⲉⲓⲇ	1
ⲇⲁⲣⲅⲏⲣⲁ	1
ⲙⲛⲧϩⲁⲡⲗⲟⲩⲥ	1
ϫⲡⲓⲉⲁϩⲉ	1
ϫⲡⲓⲉⲛⲉⲧ	1
ⲥϭⲗⲉⲙⲗⲱⲙ	1
ⲁⲥⲧⲁⲣⲱⲛ	1
ⲉⲧⲡⲉⲣⲓⲟⲭⲏ	1
ⲙⲡⲣⲉϥⲣϩⲁⲧ	1
ⲟⲩⲁϩⲓϩⲏⲧ	1
ⲙⲁⲅⲁⲇⲁⲅⲁⲇ	1
ⲕⲁⲣⲓⲁⲑⲃⲁⲗ	1
ⲕⲁⲣⲓⲁⲑⲉⲓⲙ	1
ⲁⲅⲁⲑⲁⲣⲧⲟⲛ	1
ⲓⲉⲥⲥⲉⲙⲟⲩ	1
ⲣⲣⲙⲛϭⲟⲉⲓⲗⲉ	1
ϫⲟⲉⲓⲥⲧⲣⲉ	1
ⲣⲉϥⲁⲙⲁϩⲧⲉ	1
ⲧⲣⲟⲅⲉⲗⲟⲥⲓⲥ	1
ⲡⲁⲗⲗⲁⲕⲏⲛⲧⲁ	1
ⲣⲣⲟⲛϫⲓⲛ	1
ⲩⲥⲟⲡⲟⲧⲁⲙⲓⲁ	1
ⲛⲓϣⲡⲏⲣⲉ	1
ϭⲓϫϣⲱⲡⲉ	1
ⲧⲉⲕⲟⲗϩⲟⲩ	1
ⲥⲉϩⲥⲱϩⲥ	1
ⲓⲁⲑⲁⲕⲁⲛⲱⲭ	1
ϫⲟⲕⲉϥ………	1
ⲧⲉⲕⲗⲏⲥⲓⲁ	1
ⲧⲣⲁϩⲟⲧⲃⲉ	1
ⲣⲉϥⲁⲣⲉⲥⲕⲉ	1
ⲁⲧⲙⲟⲟϣⲉ	1
ϩⲟⲃⲟⲗⲓⲥⲕⲟⲥ	1
ⲡⲁⲣⲁⲇⲉⲭⲉ	1
ⲡⲁⲣⲁⲥⲓⲟⲥ	1
ⲧⲉⲕⲛⲥⲱⲛⲏ	1
ⲁⲧⲟⲩⲛⲉⲥ	1
ⲡⲉⲭⲁⲓⲣⲟⲩⲃⲓⲛ	1
ⲁⲧⲣⲟⲩϩⲉ	1
ⲁⲧⲣⲟⲟⲩϣ	1
ⲧⲉⲕⲣⲁⲩⲣⲁ	1
ⲁⲧⲥⲟⲟⲩⲛ	1
ⲡⲣⲟⲑⲉⲥⲓⲥ	1
ⲡⲣⲟⲑⲩⲥⲓⲥ	1
ⲛⲉϫⲡⲣⲉϥϫⲛⲁⲁⲩ	1
ⲡⲣⲟⲙⲁⲭⲟⲛ	1
ⲛⲁⲫⲁⲓⲣⲉⲙⲁ	1
ⲣⲥⲁⲩⲏⲣⲡ	1
ⲛⲉⲩⲛⲁⲛⲁϩⲃ	1
ϩϣⲟⲙⲛⲧ	1
ϩϫⲟⲡϫⲡ	1
ⲃⲟⲩⲗⲉⲩⲧⲏⲥ	1
ⲛϩⲉⲃⲣⲉⲟⲥ	1
ⲙⲛⲁⲭⲓⲙⲁⲁⲛ	1
ⲛⲉⲃⲣⲓⲉⲓⲙ	1
ⲉⲓⲧⲛⲛⲟⲟⲩⲥⲉ	1
ⲙⲑⲛⲧⲥⲁⲃⲉ	1
ⲡⲣⲟϩⲁⲓⲣⲉⲥⲓⲥ	1
ⲡⲉⲅⲗⲁⲩⲕⲟⲥ	1
ⲑⲓⲏⲙ-jer	1
ⲃⲃⲁⲗⲇⲁⲥⲁ	1
ⲣⲟⲣⲫⲁⲛⲟⲥ	1
ⲡⲁⲥⲟⲇⲱⲙⲁ	1
ⲣⲉϥⲡⲟⲗⲩⲙⲉⲓⲉ	1
ⲧⲉⲙⲙⲟⲟⲩⲧ	1
ⲙⲱⲣⲁⲑⲉⲓ	1
ⲕⲗⲩⲡⲧⲱⲛ	1
ϫⲟⲉⲓⲥⲡⲣⲕⲛⲛⲟⲩⲛⲉ	1
ⲕⲁⲓⲡⲁⲣⲓⲥ	1
ⲟⲩⲁⲙⲉⲣⲱⲧⲉ	1
ⲛⲁϣⲏⲣⲉⲛⲉ	1
ⲙⲡⲉⲣⲙⲟⲟⲩⲧ	1
ⲡⲣⲟⲥⲉⲅⲉⲅⲉ	1
ⲡⲣⲟⲥⲉⲛⲉⲅⲉ	1
ⲡⲣⲟⲥⲉⲛⲏⲅⲉ	1
ⲧⲉⲛⲁⲙⲟⲣⲉ	1
ⲧⲉⲛⲁⲥⲱⲛⲅ	1
ⲉϣϣⲙϣⲏϭⲉ	1
ⲕⲁⲣⲙⲏⲗⲓⲟⲥ	1
ⲡⲣⲟⲥⲗⲁⲅⲙⲁ	1
ⲁⲭⲓⲉⲥⲉⲣ	1
a	1
|	1
ϭ	1
11	1
20	1
34	1
44	1
46	1
or	1
ⲋ	1
ⲍ	1
ⲟ	1
6ⲡ	1
ϥϫ	1
ϣⲃ	1
ϥⲛ	1
ϩⲃ	1
ϩⲙ	1
ϩⲣ	1
ϩⲥ	1
ϩⲩ	1
ϫⲙ	1
ϯⲕ	1
lac	1
two	1
…}	1
…ⲙ	1
…ⲛ	1
…ⲡ	1
ⲃϣ	1
ⲕϩ	1
ⲗϩ	1
ⲙϣ	1
ⲛϩ	1
ⲡϩ	1
ⲡϭ	1
ⲥϯ	1
ⲩϭ	1
ⲱϩ	1
ⲉ…	1
ⲡ…	1
ⲣ…	1
ⲁⲇ	1
ⲁⲣ	1
ⲃⲓ	1
ⲃⲟ	1
ⲅⲗ	1
ⲇⲁ	1
ⲇⲇ	1
ⲇⲏ	1
ⲇⲱ	1
ⲉⲁ	1
ⲉⲡ	1
ⲍⲁ	1
ⲏⲑ	1
ⲓⲃ	1
ⲓⲇ	1
ⲓⲋ	1
ⲓⲍ	1
ⲓⲣ	1
ⲕⲓ	1
ⲕⲟ	1
ⲗⲕ	1
ⲗⲫ	1
ⲙⲧ	1
ⲛⲱ	1
ⲟⲓ	1
ⲟⲡ	1
ⲟⲧ	1
ⲡⲧ	1
ⲣⲕ	1
ⲥⲣ	1
ⲩⲱ	1
ⲫⲏ	1
eⲣϣ	1
{ⲉ}	1
{ⲛ}	1
{ⲩ}	1
ϣϥⲱ	1
ϥϣⲣ	1
ϩϭⲛ	1
ϣⲁϥ	1
ϣⲉϥ	1
ϣⲏϥ	1
ϣⲟϥ	1
ϣⲣϥ	1
ϥⲁϥ	1
ϩⲱϩ	1
ϫⲉϥ	1
ϫⲓϭ	1
ϫⲟϥ	1
ϫⲱϫ	1
ϭⲉϫ	1
ϭⲏϫ	1
ϭⲗϫ	1
ϣⲁⲉ	1
ϣⲁⲓ	1
ϭⲛϭ	1
ϣⲁⲥ	1
ϣⲃⲱ	1
ϣⲉⲕ	1
ϣⲉⲣ	1
ϣⲉⲧ	1
ϣⲏⲕ	1
ϣⲏⲣ	1
ϣⲓⲉ	1
ϣⲙⲁ	1
ϣⲛⲧ	1
ϣⲟⲩ	1
ϣⲧⲃ	1
ϣⲱⲃ	1
ϣⲱⲛ	1
ϥⲉⲙ	1
ϥⲏⲕ	1
ϥⲏⲛ	1
ϥⲏⲩ	1
ϥⲗⲟ	1
ϥⲛⲉ	1
ϩⲉ…	1
ϥⲟⲧ	1
ϩⲛ…	1
ϥⲱⲣ	1
ϩⲁⲣ	1
ϩⲁⲩ	1
ϩⲉⲉ	1
ϩⲓⲛ	1
ϩⲓⲡ	1
ϩⲛⲏ	1
ϩⲣⲁ	1
ϩⲣⲏ	1
ϩⲣⲓ	1
ϩⲧⲁ	1
ϩⲩⲱ	1
ϫⲁⲧ	1
ϫⲉⲕ	1
ϫⲉⲧ	1
ϫⲏⲃ	1
ϫⲓⲕ	1
ϫⲗⲗ	1
ϫⲛⲏ	1
ϫⲛⲟ	1
ϫⲟⲩ	1
ϫⲣⲡ	1
ϭⲉⲛ	1
ϭⲓⲙ	1
ϭⲓⲭ	1
ϭⲙⲉ	1
ϭⲛⲉ	1
ϭⲟⲃ	1
ϯⲛⲏ	1
ϯⲥⲁ	1
ⲉⲩⲫⲣⲟⲥⲩⲛⲏ	1
ⲗⲟⲓⲙⲟⲥϫⲉ	1
ⲡⲣⲟⲥⲧⲏⲃⲉⲓ	1
ⲛⲁⲃⲟⲩϫⲟⲇⲟⲛⲟⲥⲟⲣ	1
……ⲙ	1
……ⲛ	1
……ⲥ	1
…ⲉⲁ	1
ⲁϣⲱ	1
ⲁϫⲱ	1
ⲉϣⲱ	1
ⲛϣⲟ	1
ⲛϩⲏ	1
ⲛϭⲉ	1
ⲟϫⲧ	1
ⲟϭⲧ	1
ⲡϣⲣ	1
ⲣϣⲉ	1
ⲣϣⲟ	1
ⲱϫⲧ	1
ⲱϭⲃ	1
ⲙ……	1
ⲣ……	1
ⲃⲏϭ	1
ⲃⲟϫ	1
ⲉⲓϣ	1
ⲁⲁⲇ	1
ⲁⲁⲍ	1
ⲁⲁⲑ	1
ⲁⲁⲧ	1
ⲁⲅⲱ	1
ⲁⲓⲟ	1
ⲁⲓⲣ	1
ⲁⲗⲏ	1
ⲁⲡⲁ	1
ⲁⲥⲉ	1
ⲃⲁⲑ	1
ⲃⲁⲛ	1
ⲃⲁⲥ	1
ⲃⲁⲩ	1
ⲃⲉⲕ	1
ⲃⲉⲛ	1
ⲃⲉⲧ	1
ⲃⲏⲑ	1
ⲃⲏⲛ	1
ⲃⲏⲣ	1
ⲃⲓⲁ	1
ⲃⲓⲧ	1
ⲃⲓⲱ	1
ⲃⲗⲗ	1
ⲃⲛⲏ	1
ⲃⲟⲥ	1
ⲃⲣⲁ	1
ⲃⲱⲛ	1
ⲃⲱⲭ	1
ⲅⲁⲅ	1
ⲅⲉⲃ	1
ⲅⲉⲣ	1
ⲅⲓⲁ	1
ⲅⲗⲁ	1
ⲉⲧ…	1
ⲇⲁⲃ	1
ⲇⲁⲥ	1
ⲇⲉⲛ	1
ⲇⲉⲥ	1
ⲉⲃⲟ	1
ⲓⲟϥ	1
ⲉⲇⲏ	1
ⲓⲣϩ	1
ⲉⲓⲇ	1
ⲉⲓⲕ	1
ⲉⲓⲣ	1
ⲉⲛⲁ	1
ⲉⲣⲟ	1
ⲕⲁϥ	1
ⲉⲧⲁ	1
ⲉⲩⲣ	1
ⲉⲭⲛ	1
ⲗⲉϥ	1
ⲗⲏϫ	1
ⲍⲁⲓ	1
ⲗⲟϭ	1
ⲍⲏⲁ	1
ⲍⲏⲫ	1
ⲙⲁϥ	1
ⲍⲱⲏ	1
ⲍⲱⲣ	1
ⲙⲓϣ	1
ⲙⲗϩ	1
ⲏⲃⲏ	1
ⲙⲟϥ	1
ⲛⲁ6	1
ⲓⲁ…	1
ⲏⲟⲧ	1
ⲛⲁϭ	1
ⲛⲁϯ	1
ⲛⲉϯ	1
ⲑⲁⲑ	1
ⲑⲓⲙ	1
ⲑⲛⲙ	1
ⲑⲛⲟ	1
ⲑⲟⲗ	1
ⲓⲇⲁ	1
ⲓⲉⲣ	1
ⲓⲉⲥ	1
ⲓⲙⲡ	1
ⲓⲛⲁ	1
ⲓⲛⲧ	1
ⲓⲟⲥ	1
ⲓⲟⲩ	1
ⲓⲥⲗ	1
ⲟⲩ6	1
ⲓⲱⲑ	1
ⲓⲱⲣ	1
ⲟⲙϫ	1
ⲕⲁⲣ	1
ⲕⲁⲩ	1
ⲕⲁⲫ	1
ⲕⲇⲱ	1
ⲕⲉⲉ	1
ⲕⲉⲛ	1
ⲟⲩϩ	1
ⲕⲏⲣ	1
ⲕⲏⲧ	1
ⲕⲗⲏ	1
ⲟⲱϩ	1
ⲕⲟⲕ	1
ⲕⲟⲩ	1
ⲡⲁϥ	1
ⲡⲁϩ	1
ⲕⲧⲏ	1
ⲡⲉϯ	1
ⲕⲱⲕ	1
ⲕⲱⲛ	1
ⲕⲱⲥ	1
ⲕⲱⲫ	1
ⲗⲁⲗ	1
ⲡⲟϭ	1
ⲗⲉⲃ	1
ⲗⲉⲗ	1
ⲗⲓⲗ	1
ⲗⲓⲙ	1
ⲗⲗⲉ	1
ⲛⲉ…	1
ⲗⲟⲛ	1
ⲗⲩⲡ	1
ⲗⲱⲛ	1
ⲣⲏϫ	1
ⲙⲁⲃ	1
ⲙⲁⲉ	1
ⲙⲁⲙ	1
ⲙⲉⲉ	1
ⲙⲉⲕ	1
ⲙⲏⲁ	1
ⲙⲏⲡ	1
ⲙⲏⲣ	1
ⲙⲑⲛ	1
ⲙⲑⲟ	1
ⲙⲓⲛ	1
ⲙⲓⲥ	1
ⲙⲙⲏ	1
ⲙⲙⲡ	1
ⲙⲟⲓ	1
ⲥⲉϩ	1
ⲙⲱⲣ	1
ⲥⲓϫ	1
ⲛⲁⲅ	1
ⲛⲁⲑ	1
ⲛⲁⲣ	1
ⲛⲏⲧ	1
ⲥⲱϥ	1
ⲥⲱϩ	1
ⲛⲙⲁ	1
ⲛⲛⲧ	1
ⲛⲟⲧ	1
ⲛⲣⲁ	1
ⲛⲧⲕ	1
ⲛⲧⲙ	1
ⲛⲱⲅ	1
ⲛⲱⲓ	1
ⲛⲱⲣ	1
ⲧⲏϩ	1
ⲧⲙϣ	1
ⲧⲣϥ	1
ⲡⲉ…	1
ⲩⲉϩ	1
ⲩⲱ}	1
ⲟⲍⲁ	1
ⲟⲏⲑ	1
ⲟⲓⲛ	1
ⲟⲗⲕ	1
ⲟⲙⲧ	1
ⲟⲧⲓ	1
ⲟⲩⲃ	1
ⲟⲩⲏ	1
ⲟⲩⲓ	1
ⲟⲩⲟ	1
ⲟⲩⲡ	1
ⲟⲩⲧ	1
ⲟⲩⲭ	1
ⲡⲁⲥ	1
ⲡⲉⲉ	1
ⲡⲉⲡ	1
ⲡⲓⲏ	1
ⲡⲓⲗ	1
ⲡⲛⲅ	1
ⲡⲟⲯ	1
ⲡⲱⲥ	1
ⲣⲉⲕ	1
ⲣⲉⲙ	1
ⲣⲉⲡ	1
ⲣⲉⲣ	1
ⲣⲉⲧ	1
ⲣⲏⲙ	1
ⲣⲙⲉ	1
ⲣⲟⲕ	1
ⲣⲟⲗ	1
ⲣⲧⲉ	1
ⲣⲱⲕ	1
ⲥⲁⲃ	1
ⲥⲁⲉ	1
ⲥⲁⲙ	1
ⲥⲁⲫ	1
ⲥⲁⲱ	1
ⲥⲉⲙ	1
ⲥⲉⲛ	1
ⲥⲉⲫ	1
ⲥⲏⲑ	1
ⲥⲕⲉ	1
ⲥⲟⲣ	1
ⲥⲥⲁ	1
ⲥⲧⲟ	1
ⲥⲫⲁ	1
ⲱⲙϫ	1
ⲧⲁⲕ	1
ⲧⲁⲧ	1
ⲧⲃⲥ	1
ⲧⲉⲉ	1
ⲧⲉⲩ	1
ⲧⲉⲱ	1
ⲧⲏⲑ	1
ⲧⲏⲛ	1
ⲧⲗⲧ	1
ⲧⲛⲉ	1
ⲧⲟⲟ	1
ⲧⲟⲧ	1
ⲧⲣⲓ	1
ⲧⲥⲃ	1
ⲧⲧⲟ	1
ⲧⲱⲝ	1
ⲩⲙⲧ	1
ⲫⲁⲣ	1
ⲭⲱ…	1
ⲫⲉⲑ	1
ⲫⲉⲗ	1
ⲭⲁⲥ	1
ⲭⲁⲫ	1
ⲭⲉⲑ	1
ⲭⲏⲕ	1
ⲭⲓⲃ	1
ⲭⲓⲥ	1
ⲱⲁⲩ	1
ⲱⲃⲉ	1
ⲱⲛⲧ	1
ⲱⲟⲗ	1
ⲱⲣⲉ	1
{ⲙ}ⲛ	1
oⲩⲇⲉ	1
{ⲁⲩⲱ	1
{ⲉⲣⲉ	1
{ⲙⲙⲟ	1
ⲡⲉⲑⲉⲙⲁⲛⲓⲧⲏⲥ	1
ϣⲛⲛⲟⲛⲛⲁⲙ	1
ⲟⲩⲉϣⲉⲓⲙⲉ	1
ⲟⲩⲉϣⲟⲩⲱϣ	1
ⲟⲩⲉϣⲟⲩⲱϩ	1
ⲟⲩⲉϣⲧⲱⲕⲥ	1
ⲟⲩⲉϩⲉⲟⲟⲩ	1
ϥϯϩⲉ	1
ϣϩⲓϫ	1
ϣϫⲓⲧ	1
ϩϣⲗϥ	1
ϩϥⲥⲱ	1
ϩϩⲁⲏ	1
ϩϩⲏⲧ	1
ϩϫⲱⲓ	1
ϩϭⲟⲗ	1
ϩϭⲟⲥ	1
ϫϭⲓϫ	1
ϯϣⲁϩ	1
ϯϩⲣⲕ	1
ϯϭⲗⲁ	1
ⲑⲁⲃⲁⲥⲟⲛ	1
ⲛⲁⲟϣⲙⲉϥ	1
ⲛⲁⲟϣⲙⲟⲩ	1
ϥ………	1
ⲧⲇⲓⲕⲁⲓⲟⲥⲩⲛⲏ;	1
ϯϩⲗⲏϭⲉ	1
ϯϩⲓⲛⲏⲃ	1
ϣⲃϣⲓ	1
ϣⲟϫⲉ	1
ϣⲱϥⲉ	1
ϥⲟϭⲃ	1
ϩⲁϭⲃ	1
ϩⲉϫⲡ	1
ϩⲏϭⲃ	1
ϩⲏϭⲉ	1
ϩⲛϣⲉ	1
ϩⲛϣⲓ	1
ϩⲟϥⲧ	1
ϩⲟϭⲃ	1
ϩⲱϩⲃ	1
ϩⲱϭⲃ	1
ϫⲁϩϫ	1
ϫⲓϩⲙ	1
ϫⲗϫⲗ	1
ϫⲟϭⲧ	1
ϫⲱϭⲉ	1
ϭⲟϫϩ	1
ϭⲟϫϫ	1
ϣⲉⲓϣ	1
ϣⲁⲓⲣ	1
ϣⲁⲕⲧ	1
ϣⲁⲛⲓ	1
ϣⲁⲛⲧ	1
ϣⲉⲃⲧ	1
ϣⲉⲕⲧ	1
ϣⲉⲣⲉ	1
ϣⲉⲧⲙ	1
ϣⲗⲉϩ	1
ϣⲗⲓϭ	1
ϣⲗⲟϥ	1
ϣⲏⲉⲓ	1
ϣⲏⲧⲥ	1
ϣⲑⲏⲧ	1
ϣⲓⲙⲉ	1
ϣⲟⲗϥ	1
ϣⲟⲛϣ	1
ϣⲕⲁⲥ	1
ϣⲟⲟϭ	1
ϭⲱϣⲡ	1
ϭⲱϫⲉ	1
ϣⲛⲃⲉ	1
ϣⲧⲁϥ	1
ϣⲧⲟϥ	1
ϣⲟⲃⲥ	1
ϣⲟⲡⲥ	1
ϣⲡⲱⲧ	1
ϣⲱⲕϥ	1
ϣⲱⲡϣ	1
ϣⲧⲉⲓ	1
ϣⲧⲏⲁ	1
ϣⲱⲗⲥ	1
ϣⲱⲟⲩ	1
ϣⲱⲱⲥ	1
ϥⲉⲕⲙ	1
ϥⲉⲧⲛ	1
ϥⲓⲧⲉ	1
ϥⲙⲟⲩ	1
ϥⲥⲟⲕ	1
ϥⲱⲧϩ	1
ϥⲱⲉⲓ	1
ϥⲱⲛⲧ	1
ϫⲟ……	1
ϩⲁⲣϩ	1
ϩⲁⲣϭ	1
ϩⲁⲧϥ	1
ϩⲃⲉϥ	1
ϩⲉⲣϣ	1
ϩⲁⲁⲑ	1
ϩⲁⲉⲓ	1
ϩⲁⲏⲗ	1
ϩⲁⲗⲕ	1
ϩⲁⲙⲁ	1
ϩⲁⲣⲙ	1
ϩⲁⲣⲟ	1
ϩⲁⲥⲉ	1
ϩⲃⲓⲛ	1
ϩⲃⲟⲓ	1
ϩⲏⲧ}	1
ϩⲉⲃⲧ	1
ϩⲓⲡϭ	1
ϩⲓⲧϥ	1
ϩⲉⲏⲣ	1
ϩⲉⲛⲏ	1
ϩⲉⲛⲟ	1
ϩⲉⲛⲧ	1
ϩⲉⲟⲥ	1
ϩⲉⲣⲙ	1
ϩⲉⲧⲟ	1
ϩⲗⲟϥ	1
ϩⲏⲙⲉ	1
ϩⲏⲧⲃ	1
ϩⲏⲧⲛ	1
ϩⲓⲃⲉ	1
ϩⲓⲉⲃ	1
ϩⲓⲏⲃ	1
ϩⲓⲗⲙ	1
ϩⲓⲣⲱ	1
ϩⲓⲱⲟ	1
ϩⲓⲱⲧ	1
ϩⲟⲗϭ	1
ϩⲛⲁ…	1
ϩⲗⲱⲙ	1
ϩⲙⲉⲕ	1
ϩⲙⲉⲥ	1
ϩⲙⲛⲉ	1
ϩⲙⲛⲧ	1
ϩⲙⲟⲥ	1
ϩⲙⲡⲉ	1
ϩⲙⲡⲏ	1
ϩⲛⲁⲕ	1
ϩⲛⲁⲥ	1
ϩⲛⲁⲩ	1
ϩⲛⲕⲉ	1
ϩⲛⲕⲏ	1
ϩⲛⲛⲁ	1
ϩⲛⲣⲱ	1
ϩⲟⲙ†	1
ϩⲟⲃⲉ	1
ϩⲟⲃⲧ	1
ϩⲟⲕⲉ	1
ϩⲟⲕⲣ	1
ϩⲟⲙⲥ	1
ϩⲟⲣⲃ	1
ϩⲟⲥⲙ	1
ϩⲟⲧⲁ	1
ϩⲟⲩⲁ	1
ϩⲟⲯⲛ	1
ϩⲣⲁⲙ	1
ϩⲣⲉⲓ	1
ϩⲣⲉⲥ	1
ϩⲣⲕⲟ	1
ϩⲣⲣⲉ	1
ϩⲥⲉⲡ	1
ϩⲱⲙϫ	1
ϩⲱⲣϣ	1
ϩⲱⲣϥ	1
ϩⲱⲣϭ	1
ϩⲧⲏⲛ	1
ϩⲧⲟⲛ	1
ϩⲧⲟⲣ	1
ϩⲫⲏⲧ	1
ϩⲱⲗⲕ	1
ϩⲱⲛⲅ	1
ϩⲱⲣⲁ	1
ϩⲱⲧⲁ	1
ϩⲱⲧⲉ	1
ϩⲱⲧⲣ	1
ϩⲱⲱⲛ	1
ϫⲁⲓⲏ	1
ϫⲁⲙⲏ	1
ϫⲁⲟⲩ	1
ϫⲉⲗⲕ	1
ϫⲉⲙⲉ	1
ϫⲉⲣⲛ	1
ϫⲉⲩⲁ	1
ϫⲏⲃⲥ	1
ϫⲓⲙⲉ	1
ϫⲓⲛⲉ	1
ϫⲓⲧⲟ	1
ϫⲓⲫⲟ	1
ϫⲓⲱⲅ	1
ϫⲗⲗⲉ	1
ϫⲟⲗⲥ	1
ϫⲟⲟⲝ	1
ϫⲟⲟⲥ	1
ϫⲟⲧⲥ	1
ϫⲱⲧϩ	1
ϫⲱⲕⲧ	1
ϫⲱⲟⲩ	1
ϫⲱⲱⲣ	1
ϭⲁⲗⲱ	1
ϭⲃⲥⲉ	1
ϭⲉⲗⲙ	1
ϭⲉⲙⲉ	1
ϭⲉⲛⲁ	1
ϭⲉⲡⲉ	1
ϭⲉⲣⲉ	1
ϭⲉⲧⲡ	1
ϭⲏⲟⲩ	1
ϭⲏⲡⲉ	1
ϭⲟⲧϩ	1
ϭⲣⲓϫ	1
ϭⲛⲁⲧ	1
ϭⲛⲉⲥ	1
ϭⲛⲑⲉ	1
ϭⲟⲙⲉ	1
ϭⲟⲡⲉ	1
ϭⲡⲟⲩ	1
ϭⲱⲣϫ	1
ϭⲧⲱⲗ	1
ϭⲱⲛ†	1
ϯⲃⲱⲕ	1
ϯⲕⲃⲟ	1
ϯⲟⲟⲩ	1
ϯⲣⲁⲛ	1
ϯⲥⲁⲕ	1
ϯⲧⲱⲕ	1
ⲛⲁⲧϩⲙⲕⲟ	1
ⲟⲛⲩϩⲁϭⲉ	1
ⲉⲁⲃⲉⲛⲛⲏⲣ	1
ⲧⲃⲁⲓⲑⲑⲓⲁⲛⲓⲥ	1
ⲑⲁⲓⲙⲙⲁⲛ	1
ⲣⲉϥⲉⲛⲕⲱⲱⲥ	1
ϣⲁⲛϩⲧⲏⲩ	1
ⲑⲁⲗⲡⲓⲱⲑ	1
ⲗⲟⲕⲓⲥⲙⲟⲥ	1
ⲝⲟⲙⲟⲗⲟⲅⲏⲥⲓⲥ	1
ⲛⲩⲕⲧⲓⲕⲟⲣⲁⲝ	1
ϩⲁⲓⲣⲉⲥⲓⲥ	1
ⲑⲁⲣⲁⲃⲁⲙ	1
ⲑⲁⲣⲕⲁⲉⲓ	1
ⲑⲁⲭⲉⲃⲉⲃ	1
ⲟⲓⲃⲱⲧⲟⲥ	1
ⲑⲃⲃⲓⲱⲟⲩ	1
ⲇⲁⲩⲉⲓⲇⲁⲩⲱ	1
ⲁⲛⲁⲥⲧⲁⲥⲓⲥ	1
fehlt	1
ⲁⲥⲭⲏⲙⲟⲛⲉⲓ	1
lines	1
ϩⲛⲁϭⲟⲗⲧⲉ	1
{text	1
ⲭⲣⲩⲥⲟⲩⲥ	1
{ⲩ}ⲟⲩⲟⲉⲓϣ	1
ⲉϩⲣⲁⲫⲓⲇⲓⲛ	1
ⲍⲟⲍⲟⲙⲙⲉⲓⲛ	1
ϯⲥⲩⲙⲃⲟⲗⲏ	1
ⲃⲟⲩⲥⲁⲭⲁⲣ	1
ⲙⲡⲉⲩⲛⲟⲙⲟⲥ	1
ⲙⲡⲣⲧⲣⲁϭⲟⲟⲗⲉⲧ	1
ⲃⲟⲗⲉⲧⲕⲟⲓⲃⲱⲧⲟⲥ	1
ⲛⲁϩⲣⲁⲕϣⲁ	1
ⲛⲟϣⲟⲉⲓϣ	1
{ϩ}ⲛⲟⲩ	1
ⲕⲟⲗⲁⲥⲓⲥ	1
ⲇⲏⲗⲁⲛⲁⲇ	1
ⲥⲙⲁⲣⲁⲅⲇⲟⲥ	1
ϩⲏⲧⲣⲁⲕⲧⲕ	1
ⲟⲩϭⲁϭⲓⲧⲱⲛ	1
ⲥⲉⲩϩⲗⲩⲡⲓ	1
ⲥⲉⲩϩⲛⲧⲏⲩ	1
ⲉⲓⲉⲣⲏⲙⲓⲁⲥ	1
ⲟⲩⲏϩⲙⲙⲁⲩ	1
ϩⲓⲙⲟⲧⲣⲟⲙⲟⲥ	1
ⲧⲇⲓⲕⲁⲓⲥⲟⲥⲩⲛⲏ	1
ⲥⲁⲗⲁⲃⲟⲩⲛⲓⲧⲏⲥ	1
ⲧⲃⲁⲃⲩⲗⲱⲛⲓⲁ	1
ⲉϣⲙⲟⲟϣⲉ	1
ⲣⲱⲑⲟⲣⲉⲕ	1
ϩⲁⲙⲕⲉⲗⲗⲉ	1
ϩⲁⲙⲕⲏⲗⲗⲉ	1
ⲣⲱⲙⲉⲧⲟϭ	1
ⲕⲁⲥⲕⲁⲛⲇⲁⲗⲟⲛ	1
ⲣⲱⲛⲓⲉⲓⲙ	1
ⲙⲏⲏϣⲉⲣϣⲡⲏⲣⲉ	1
ⲉⲧⲟⲩⲱⲧⲓⲃ	1
ⲃⲩⲣⲓⲗⲗⲟⲥ	1
ⲥⲟⲩⲣⲓⲥⲁⲇⲁⲓ	1
ⲧⲉⲣⲩⲑⲧⲣⲁ	1
…ϯⲛⲁ	1
ϩⲉⲑⲛⲟⲥϣⲁⲛⲧ	1
……ϫ…	1
ⲛⲉⲑⲁⲓⲃⲱⲣ	1
ⲛⲉⲑⲁⲗⲁⲥⲁ	1
ⲉϥⲉⲣⲁⲕⲧ	1
ⲥⲃⲧⲱⲧⲉⲣϩⲙϩⲁⲗ	1
…ⲁⲛⲁ	1
ⲕⲣⲁⲣⲭⲱⲛ	1
ⲇⲓⲁⲇⲟⲭⲏ	1
ⲁⲃⲏⲥⲁⲗⲱⲙⲛϭⲓ	1
ϫⲱⲱⲙⲉⲉⲧ	1
ⲑⲉⲓⲉϩⲉⲛ	1
ⲛⲓⲇⲓⲑⲟⲩⲛ	1
ⲙⲁⲛⲉⲃⲁⲁⲙⲡⲉ	1
ϩⲏⲅⲉⲙⲟⲛⲓⲁ	1
ⲧⲉⲥⲉⲫⲏⲗⲁ	1
ⲧⲁⲅⲁⲗⲗⲉⲓⲙ	1
ⲕⲣⲓⲧⲉⲓⲥ	1
ⲇⲓⲕⲁⲓⲟⲓ	1
ⲥⲃⲧⲉⲛⲉⲩϩⲣⲏⲩⲉ	1
ⲑⲉⲗⲁⲙⲓⲛ	1
ⲟⲙⲙⲓⲉⲓⲛ	1
ϩⲉϫϫⲧⲉⲕ	1
ⲧⲓⲕⲟⲓⲃⲱⲧⲟⲥ	1
ⲑⲉⲙⲕⲟⲟⲩ	1
ⲛⲧⲣⲉϥϫⲓϫⲛⲁϩ	1
ϣⲉⲡϩⲓⲥⲉ	1
ⲟⲙⲟⲩⲥⲉⲓ	1
ⲑⲉⲣⲁⲫⲓⲙ	1
ⲱⲓⲓⲏⲥⲟⲩⲥ	1
ⲕⲣⲩⲫⲓⲟⲛ	1
ϣⲣϣⲟⲣⲟⲩ	1
ⲧⲉⲥⲧⲟⲓⲃⲏ	1
ⲛⲣⲉϥϭⲉⲡⲏ	1
ⲁⲣⲭⲓⲥⲑⲁⲓ	1
ⲛⲉⲓⲁⲥⲕⲱⲥ	1
ⲣⲣⲉϥⲡⲉϩϣⲉ	1
ⲛⲓⲉⲃⲟⲥⲑⲉ	1
ⲛⲉⲓⲃⲏⲛⲛⲉ	1
ⲛⲁⲉⲣϭⲱⲃ	1
ⲅⲉⲣⲅⲉⲍⲁⲓⲟⲥ	1
ⲛⲉⲓⲉⲕⲙⲁⲛ	1
ⲛⲁⲃⲁⲓⲱⲑ	1
ⲛⲁⲃⲁⲧⲏⲥ	1
ⲛⲁⲃⲓⲇⲁⲗ	1
ⲛⲁⲇⲁⲙⲓⲛ	1
ⲛⲁⲇⲁⲛⲁⲭ	1
ϥⲉⲙⲁⲙⲁⲁⲧ	1
ⲛⲓⲉⲙⲓⲛⲓⲛ	1
ⲛⲁⲕⲧⲟⲟⲩ	1
ⲛⲁⲗⲟⲉⲥⲟ	1
ⲁ(ⲛ)	1
ⲛⲁⲗⲟⲝⲟⲩ	1
ⲁϣⲁⲗ	1
ⲁϣⲟⲩ	1
ⲁϩⲉⲣ	1
ⲁϫⲛⲧ	1
ⲛⲁⲙⲃⲣⲁⲙ	1
ⲉϣⲉⲓ	1
ⲉϣⲉⲣ	1
ⲉϣⲟⲗ	1
ⲉϣⲱⲧ	1
ⲉϫⲛⲧ	1
ⲙϣⲧⲉ	1
ⲙϩⲣⲁ	1
ⲛϥⲏⲩ	1
ⲛϭⲓⲧ	1
ⲟϩⲟⲙ	1
ⲡϣⲁⲛ	1
ⲡϣⲱⲧ	1
ⲡϩⲁⲓ	1
ⲡϩⲁⲧ	1
ⲡϩⲱⲃ	1
ⲡϫⲟⲉ	1
ⲣϣⲁⲩ	1
ⲣϣⲃⲉ	1
ⲣϣⲛⲁ	1
ⲣϥⲧⲟ	1
ⲣϩⲁⲓ	1
ⲣϩⲏⲧ	1
ⲣϩⲗⲟ	1
ⲣϩⲙⲉ	1
ⲣϩⲱⲧ	1
ⲣϫⲡⲟ	1
ⲣϭⲟⲙ	1
ⲥϣⲁⲛ	1
ⲥϫⲡⲟ	1
ⲧϩⲓⲟ	1
ⲧϩⲛⲉ	1
ⲩϣⲁⲙ	1
ⲱϣⲁⲛ	1
ⲱϫⲉⲛ	1
ⲃⲁⲁⲛⲁⲁⲩⲟⲛϣⲟⲩ	1
ⲡⲁϩⲡⲙⲁⲥ	1
ⲛⲁⲛⲁⲑⲱⲑ	1
ⲛⲁⲛⲓⲧⲁⲡ	1
ⲛⲁⲛⲥⲁⲱϥ	1
ⲛⲁⲧⲁϩⲟⲩ	1
ⲛⲓⲉⲥⲓⲙⲱⲑ	1
ⲧⲉⲧⲛⲃⲱϭⲉ	1
ⲛⲁⲟⲩⲙⲉϥ	1
ⲁⲁϫⲉ	1
ⲃⲁϭⲥ	1
ⲃⲉϩⲛ	1
ⲃⲟϭⲉ	1
ⲃⲟϭⲥ	1
ⲃⲟϭⲧ	1
ⲅⲱϣⲧ	1
ⲉⲧϩⲙ	1
ⲁⲁⲕⲉ	1
ⲁⲃⲉⲥ	1
ⲁⲃⲏⲗ	1
ⲁⲃⲱⲑ	1
ⲁⲅⲅⲉ	1
ⲁⲅⲉⲃ	1
ⲁⲅⲓⲁ	1
ⲁⲇⲁⲣ	1
ⲁⲓⲏⲩ	1
ⲁⲗⲁⲩ	1
ⲁⲗⲓⲗ	1
ⲁⲗⲟⲙ	1
ⲁⲣⲟϣ	1
ⲁⲙⲣⲉ	1
ⲁⲝⲱⲛ	1
ⲁⲡⲟⲩ	1
ⲁⲣⲁⲇ	1
ⲁⲣⲏⲃ	1
ⲁⲣⲙⲁ	1
ⲁⲣⲟⲛ	1
ⲁⲣⲭⲉ	1
ⲁⲥⲓⲃ	1
ⲁⲥⲟⲙ	1
ⲁⲧⲉⲓ	1
ⲁⲧⲙⲉ	1
ⲁⲫⲉⲕ	1
ⲁⲫⲟⲩ	1
ⲁⲫⲣⲏ	1
ⲁⲭⲉⲓ	1
ⲃⲉⲉϣ	1
ⲃⲁⲁⲗ	1
ⲃⲁⲑⲁ	1
ⲃⲃⲁⲓ	1
ⲃⲃⲣⲉ	1
ⲃⲉⲏⲗ	1
ⲃⲉⲓⲱ	1
ⲃⲏⲏⲧ	1
ⲃⲏⲣⲁ	1
ⲃⲓⲁⲧ	1
ⲃⲓⲟⲥ	1
ⲃⲓⲧⲥ	1
ⲃⲓⲧⲧ	1
ⲃⲟⲗ…	1
ⲃⲟⲓⲗ	1
ⲃⲟⲩⲣ	1
ⲃⲣⲃⲣ	1
ⲃⲱⲉⲓ	1
ⲃⲱⲗⲁ	1
ⲅⲅⲁⲓ	1
ⲅⲏⲗⲁ	1
ⲅⲟⲩⲣ	1
ⲅⲱⲅⲏ	1
ⲅⲱⲗⲁ	1
ⲇⲁⲃⲓ	1
ⲇⲁⲇⲁ	1
ⲇⲉⲗⲑ	1
ⲇⲉⲣⲟ	1
ⲇⲓⲙⲏ	1
ⲓⲉϫⲉ	1
ⲇⲱⲛⲓ	1
ⲉⲓⲉϩ	1
ⲉⲇⲱⲙ	1
ⲉⲉⲓⲱ	1
ⲉⲑⲃⲉ	1
ⲉⲑⲑⲓ	1
ⲉⲓⲃⲧ	1
ⲉⲓⲉⲡ	1
ⲉⲓⲕⲏ	1
ⲉⲓⲛⲁ	1
ⲉⲓⲱⲃ	1
ⲉⲕⲉⲣ	1
ⲉⲗⲁⲙ	1
ⲉⲗⲉⲗ	1
ⲉⲗⲓⲉ	1
ⲉⲗⲭⲁ	1
ⲉⲗⲱⲙ	1
ⲉⲙⲁⲑ	1
ⲉⲙⲟⲩ	1
ⲉⲙⲱⲣ	1
ⲉⲛⲁⲕ	1
ⲉⲛⲁⲭ	1
ⲉⲛⲕⲁ	1
ⲉⲧⲁϥ	1
ⲉⲧⲟϩ	1
ⲉⲟⲩⲱ	1
ⲉⲡⲉⲓ	1
ⲉⲣⲟⲛ	1
ⲉⲣⲡⲉ	1
ⲉⲣⲡⲱ	1
ⲉⲣⲣⲟ	1
ⲕⲁϩⲣ	1
ⲉⲧⲁⲓ	1
ⲉⲧⲁⲕ	1
ⲉⲧⲟⲛ	1
ⲉⲧⲥⲁ	1
ⲕⲛϩⲉ	1
ⲕⲱϩ†	1
ⲗⲁϩⲙ	1
ⲍⲁⲣⲉ	1
ⲙⲉϥⲉ	1
ⲍⲱⲛⲧ	1
ⲛⲁ14	1
ⲙⲟϩⲥ	1
ⲏⲙⲁⲑ	1
ⲛⲁϩⲉ	1
ⲛⲁϩⲓ	1
ⲛⲁϫⲉ	1
ⲛⲉϩⲙ	1
ⲛⲉϩⲛ	1
ⲛⲉϫⲁ	1
ⲛⲉϫⲧ	1
ⲛⲉϭⲥ	1
ⲑⲁⲣⲁ	1
ⲑⲃⲃⲓ	1
ⲛⲟϫⲉ	1
ⲛⲟϭⲥ	1
ⲑⲉⲟⲥ	1
ⲑⲏⲣⲉ	1
ⲑⲙⲙⲁ	1
ⲑⲙⲥⲉ	1
ⲑⲛⲛⲉ	1
ⲑⲩⲕⲏ	1
ⲓⲅⲙⲁ	1
ⲓⲇⲉⲓ	1
ⲓⲉⲓⲙ	1
ⲓⲉⲣⲣ	1
ⲓⲉⲱⲛ	1
ⲓⲗⲓⲙ	1
ⲓⲗⲱⲙ	1
ⲓⲗⲱⲛ	1
ⲓⲟⲃⲁ	1
ⲓⲟⲇⲁ	1
ⲓⲟⲟⲣ	1
ⲓⲟⲡⲏ	1
ⲓⲟⲩⲗ	1
ⲟⲩ()	1
ⲓⲥⲟⲣ	1
ⲓⲧⲉⲛ	1
ⲓⲧⲉⲡ	1
ⲓⲧⲏⲛ	1
ⲓⲧⲣⲉ	1
ⲓⲱⲁⲛ	1
ⲓⲱⲏⲗ	1
ⲓⲱⲧⲉ	1
ⲟⲙϫϥ	1
ⲕⲁⲁⲥ	1
ⲕⲁⲁⲩ	1
ⲕⲁⲑⲁ	1
ⲕⲁⲗⲉ	1
ⲕⲁⲗⲏ	1
ⲕⲁⲙⲁ	1
ⲕⲁⲛⲁ	1
ⲕⲁⲛⲉ	1
ⲕⲁⲧⲇ	1
ⲕⲃⲃⲉ	1
ⲕⲉⲉⲓ	1
ⲕⲉⲗⲁ	1
ⲕⲉⲙⲁ	1
ⲕⲉⲣⲉ	1
ⲕⲉⲧⲉ	1
ⲕⲕⲟϩ	1
ⲟⲩϩ’	1
ⲕⲏⲕⲁ	1
ⲟⲩϥⲉ	1
ⲟⲩϩⲁ	1
ⲟⲩϩⲉ	1
ⲟⲩϩⲥ	1
ⲟⲩϫⲉ	1
ⲕⲏⲡⲉ	1
ⲕⲛⲉϭ	1
ⲕⲓⲧⲉ	1
ⲕⲟⲗϫ	1
ⲕⲗⲓⲥ	1
ⲕⲙⲡⲉ	1
ⲡⲁϩϥ	1
ⲕⲛⲧⲏ	1
ⲕⲛⲧⲛ	1
ⲕⲛⲧⲥ	1
ⲕⲟⲩⲙ	1
ⲕⲟⲩⲟ	1
ⲕⲟⲩⲥ	1
ⲕⲣⲓⲥ	1
ⲕⲣⲛⲉ	1
ⲕⲣⲟⲥ	1
ⲕⲣⲱⲙ	1
ⲡⲁϣⲥ	1
ⲕⲧⲟⲩ	1
ⲕⲧⲣⲉ	1
ⲡⲉϩⲥ	1
ⲕⲯⲛⲏ	1
ⲡⲓϭⲁ	1
ⲗⲁⲃⲇ	1
ⲗⲁⲓⲛ	1
ⲗⲁⲗⲱ	1
ⲡⲟϩⲥ	1
ⲡⲟϩⲧ	1
ⲡⲟϭⲉ	1
ⲗⲓⲃⲉ	1
ⲗⲓⲕⲧ	1
ⲗⲗⲏⲥ	1
ⲗⲗⲗⲁ	1
ⲡⲱϫⲕ	1
ⲗⲗⲱⲛ	1
ⲗⲙⲉⲓ	1
ⲗⲟⲩⲇ	1
ⲣⲉϥϣ	1
ⲣⲁϭⲛ	1
ⲗⲱⲃⲧ	1
ⲗⲱⲧⲉ	1
ⲣⲏϭⲉ	1
ⲙⲁⲁϫ	1
ⲙⲁⲁⲧ	1
ⲙⲁⲉⲧ	1
ⲙⲁⲏⲗ	1
ⲙⲁⲛⲁ	1
ⲙⲁⲛⲏ	1
ⲙⲁⲣⲁ	1
ⲙⲁⲥⲙ	1
ⲙⲁⲥⲧ	1
ⲙⲁⲧⲣ	1
ⲙⲁⲱⲛ	1
ⲙⲁⲱⲭ	1
ⲙⲅⲁⲇ	1
ⲙⲏⲣϣ	1
ⲣⲟϩⲕ	1
ⲙⲉⲛⲉ	1
ⲙⲉⲥⲧ	1
ⲙⲉⲧⲛ	1
ⲙⲏⲉⲓ	1
ⲙⲓⲁⲥ	1
ⲙⲓⲏⲉ	1
ⲙⲡⲱϥ	1
ⲣⲱϩⲥ	1
ⲙⲛⲧ…	1
ⲙⲙⲁⲥ	1
ⲙⲙⲉⲣ	1
ⲙⲙⲛⲣ	1
ⲙⲙⲟⲝ	1
ⲙⲙⲟⲩ	1
ⲙⲥⲁϩ	1
ⲙⲙⲱⲓ	1
ⲙⲛⲁⲓ	1
ⲙⲛⲧⲕ	1
ⲙⲛⲧⲡ	1
ⲙⲛⲧⲣ	1
ⲙⲟⲣ†	1
ⲙⲡⲣ…	1
ⲙⲟⲕⲥ	1
ⲙⲟⲛⲅ	1
ⲙⲟⲛⲕ	1
ⲙⲟⲟⲣ	1
ⲙⲟⲣⲉ	1
ⲙⲟⲥⲉ	1
ⲙⲫⲟϥ	1
ⲙⲡⲣⲛ	1
ⲙⲡⲱⲓ	1
ⲥⲃϣⲉ	1
ⲙⲧⲣⲉ	1
ⲥⲉϣⲧ	1
ⲥⲉϩⲣ	1
ⲙⲯⲓⲧ	1
ⲙⲱⲏⲇ	1
ⲙⲱⲟⲩ	1
ⲛⲁⲉϣ	1
ⲛⲁⲱϫ	1
ⲛⲉⲱϣ	1
ⲛⲁⲁⲁ	1
ⲛⲁⲁⲣ	1
ⲛⲁⲇⲁ	1
ⲛⲁⲍⲁ	1
ⲛⲁⲏⲗ	1
ⲛⲁⲙⲟ	1
ⲛⲁⲟⲩ	1
ⲛⲁⲭⲑ	1
ⲛⲃⲃⲟ	1
ⲛⲅⲉⲛ	1
ⲥⲟϣⲉ	1
ⲥⲟϣⲙ	1
ⲛⲉⲃⲉ	1
ⲛⲉⲉⲃ	1
ⲛⲉⲉⲥ	1
ⲛⲉⲓⲧ	1
ⲛⲉⲙⲡ	1
ⲛⲉⲣⲱ	1
ⲛⲉⲥⲱ	1
ⲛⲉⲩⲉ	1
ⲥⲩϥⲉ	1
ⲛⲏⲧⲛ	1
ⲛⲛⲉϣ	1
ⲛⲓⲉⲡ	1
ⲛⲓⲉⲥ	1
ⲥⲱϣⲙ	1
ⲥⲱϩⲉ	1
ⲥⲱϩⲙ	1
ⲥⲱϩⲡ	1
ⲧⲁϣϣ	1
ⲧⲁϣϥ	1
ⲛⲛⲉⲩ	1
ⲛⲧⲉϥ	1
ⲛⲧⲟϣ	1
ⲛⲟⲇⲉ	1
ⲛⲟⲑⲉ	1
ⲛⲟⲩⲥ	1
ⲛⲣⲱⲥ	1
ⲧⲁϣⲛ	1
ⲛⲧⲁⲗ	1
ⲛⲧⲉⲓ	1
ⲛⲧⲉⲛ	1
ⲛⲧⲱⲕ	1
ⲧⲉϥⲯ	1
ⲧⲉϩⲥ	1
ⲛⲱⲡⲕ	1
ⲛⲱⲫⲉ	1
ⲧⲓϩⲉ	1
ⲧⲟϫⲟ	1
ⲧⲟϭⲛ	1
ⲧⲟϭⲧ	1
ⲡⲉ……	1
ⲝⲟⲩⲣ	1
ⲩⲉϩⲥ	1
ⲝⲱⲟⲛ	1
ⲟⲑⲟⲛ	1
ⲟⲗⲕⲥ	1
ⲟⲙⲥⲧ	1
ⲟⲩⲱϥ	1
ⲟⲟⲙⲉ	1
ⲟⲟⲡⲉ	1
ⲟⲟⲧⲥ	1
ⲟⲣⲃⲉ	1
ⲟⲣⲟⲭ	1
ⲟⲥⲇⲉ	1
ⲟⲩⲅⲁ	1
ⲟⲩⲉⲉ	1
ⲟⲩⲉⲡ	1
ⲟⲩⲏⲛ	1
ⲟⲩⲓⲁ	1
ⲟⲩⲗⲁ	1
ⲟⲩⲙⲁ	1
ⲟⲩⲛⲁ	1
ⲟⲩⲛⲅ	1
ⲟⲩⲛⲧ	1
ⲟⲩⲟⲧ	1
ⲟⲩⲡⲁ	1
ⲟⲩⲥⲓ	1
ⲟⲩⲧⲕ	1
ⲟⲩⲱⲑ	1
ⲟⲩⲱⲗ	1
ⲟⲩⲱⲡ	1
ⲟⲫⲉⲕ	1
ⲟⲫⲛⲏ	1
ⲡⲁⲕϩ	1
ⲡⲁⲧⲕ	1
ⲡⲁⲱⲑ	1
ⲡⲃⲁⲓ	1
ⲡⲉⲕ…	1
ⲡⲉⲉⲧ	1
ⲡⲉⲛⲉ	1
ⲡⲉⲣⲣ	1
ⲡⲉⲩⲥ	1
ⲡⲗⲁϩ	1
ⲡⲏⲛⲏ	1
ⲡⲏⲥⲉ	1
ⲡⲓⲑⲱ	1
ⲡⲓⲣⲉ	1
ⲡⲗⲉⲁ	1
ⲡⲛⲛⲏ	1
ⲡⲛⲧⲁ	1
ⲡⲟⲗⲥ	1
ⲡⲟⲣⲉ	1
ⲡⲟⲩⲛ	1
ⲡⲡⲓⲛ	1
ⲡⲥⲓⲥ	1
ⲡⲥⲱⲡ	1
ⲡⲱⲗϭ	1
ⲡⲧⲁⲗ	1
ⲡⲫⲟⲧ	1
ⲡⲫⲱⲣ	1
ⲡⲱⲙⲥ	1
ⲡⲱⲣⲃ	1
ⲡⲱⲱⲧ	1
ⲣⲁⲁⲃ	1
ⲣⲁⲁⲛ	1
ⲣⲁⲁⲥ	1
ⲣⲁⲁⲩ	1
ⲣⲁⲁⲫ	1
ⲣⲁⲇⲁ	1
ⲣⲁⲉⲓ	1
ⲣⲁⲑⲁ	1
ⲣⲁⲙⲁ	1
ⲣⲁⲛⲏ	1
ⲣⲁⲩⲉ	1
ⲣⲁⲭⲓ	1
ⲣⲃⲛⲧ	1
ⲣⲏⲏϫ	1
ⲣⲅⲟⲃ	1
ⲣⲉⲃⲧ	1
ⲣⲉⲑⲏ	1
ⲣⲏⲙⲉ	1
ⲣⲓⲏⲗ	1
ⲣⲓⲛⲥ	1
ⲣⲣⲉϥ	1
ⲣⲙⲏⲧ	1
ⲣⲙⲓⲏ	1
ⲣⲙⲣⲛ	1
ⲣⲥⲟϣ	1
ⲣⲟⲓⲥ	1
ⲣⲟⲕⲉ	1
ⲣⲟⲱⲃ	1
ⲣⲭⲱⲃ	1
ⲣⲯⲓⲥ	1
ⲣⲱⲁⲃ	1
ⲣⲱⲛⲁ	1
ⲣⲱⲛⲉ	1
ⲣⲱⲧⲉ	1
ⲥⲉⲉϥ	1
ⲥⲉⲩϩ	1
ⲥⲁⲁⲣ	1
ⲥⲁⲁⲧ	1
ⲥⲁⲃⲗ	1
ⲥⲁⲇⲏ	1
ⲥⲁⲙⲭ	1
ⲥⲁⲛⲉ	1
ⲥⲁⲛⲟ	1
ⲥⲁⲭⲱ	1
ⲥⲃⲁⲥ	1
ⲥⲃⲓⲟ	1
ⲥⲃⲕⲉ	1
ⲥⲉⲓⲣ	1
ⲥⲉⲛⲉ	1
ⲥⲉⲣⲙ	1
ⲥⲉⲥⲉ	1
ⲥⲉⲧⲏ	1
ⲥⲉⲭⲁ	1
ⲥⲏⲙⲁ	1
ⲥⲓⲏⲩ	1
ⲥⲟⲛ)	1
ⲥⲓⲫⲁ	1
ⲥⲟⲓϥ	1
ⲥⲟⲗϥ	1
ⲥⲟⲙϣ	1
ⲥⲙⲁⲥ	1
ⲥⲙⲙⲉ	1
ⲥⲙⲱⲑ	1
ⲥⲛⲁⲧ	1
ⲥⲛⲧⲛ	1
ⲥⲟⲕⲧ	1
ⲥⲟⲗⲉ	1
ⲥⲟⲙⲁ	1
ⲥⲟⲡⲧ	1
ⲥⲟⲧⲃ	1
ⲥⲟⲧⲉ	1
ⲥⲟⲩⲗ	1
ⲥⲥⲓⲁ	1
ⲥⲱⲁϩ	1
ⲥⲱⲙϫ	1
ⲥⲧⲉⲡ	1
ⲥⲧⲉⲩ	1
ⲥⲧⲏⲙ	1
ⲥⲧⲟⲉ	1
ⲥⲧⲟⲩ	1
ⲥⲧⲱⲝ	1
ⲥⲩⲁⲛ	1
ⲥⲩⲗⲁ	1
ⲥⲩⲣⲁ	1
ⲥⲱⲉⲓ	1
ⲥⲱⲓⲡ	1
ⲥⲱⲗⲁ	1
ⲥⲱⲗⲉ	1
ⲥⲱⲡⲧ	1
ⲥⲱⲣⲡ	1
ⲥⲱⲥⲓ	1
ⲥⲱⲭⲁ	1
ⲥⲱⲱⲡ	1
ⲧⲃⲉϥ	1
ⲧⲉⲙϯ	1
ⲧⲁⲁⲗ	1
ⲧⲁⲁⲥ	1
ⲧⲁⲛⲟ	1
ⲧⲁⲛⲧ	1
ⲧⲁⲛⲱ	1
ⲧⲁⲡⲉ	1
ⲧⲁⲡⲧ	1
ⲧⲁⲩⲱ	1
ⲧⲁⲱⲗ	1
ⲧⲃⲥⲡ	1
ⲧⲅⲉⲣ	1
ⲧⲉⲩⲃ	1
ⲧⲙⲉϩ	1
ⲧⲏⲏⲡ	1
ⲧⲏⲣⲟ	1
ⲧⲏⲧⲛ	1
ⲧⲛⲟϭ	1
ⲧⲓⲗⲉ	1
ⲧⲟⲛϩ	1
ⲧⲟⲡϥ	1
ⲧⲟⲣϥ	1
ⲧⲟⲩϫ	1
ⲧⲟⲱϣ	1
ⲧⲕⲧⲟ	1
ⲧⲡⲉϥ	1
ⲧⲗⲧⲗ	1
ⲧⲙⲉⲧ	1
ⲧⲙⲡⲉ	1
ⲧⲙⲡⲣ	1
ⲧⲛⲉⲩ	1
ⲧⲛⲧⲁ	1
ⲧⲟⲉⲓ	1
ⲧⲟⲑⲉ	1
ⲧⲟⲗⲕ	1
ⲧⲟⲙⲛ	1
ⲧⲟⲡⲥ	1
ⲧⲟⲧⲟ	1
ⲧⲟⲩⲁ	1
ⲧⲣⲣⲉ	1
ⲧⲥⲓⲉ	1
ⲧⲥⲓⲏ	1
ⲧⲧⲁⲩ	1
ⲧⲧⲉⲕ	1
ⲧⲧⲣⲉ	1
ⲧⲩⲭⲏ	1
ⲧⲱⲗⲕ	1
ⲧⲱⲛⲥ	1
ⲧⲱⲡⲉ	1
ⲧⲱⲧⲉ	1
ⲧⲱⲱⲛ	1
ⲩⲗⲏϫ	1
ⲩⲛⲏϩ	1
ⲩⲕⲁⲁ	1
ⲉⲗⲁⲭⲓⲥⲧⲟⲛ	1
ⲩⲩⲭⲏ	1
ⲩⲱⲗⲕ	1
ⲩⲱⲧⲛ	1
ⲫⲉⲗⲁ	1
ⲫⲑⲁⲉ	1
ⲫⲓⲛⲁ	1
ⲫⲱⲟⲩ	1
ⲭⲗⲕⲁ	1
ⲭⲟⲗⲁ	1
ⲛⲁⲥⲉⲃⲉⲓ	1
ⲭⲱⲟⲩ	1
ⲱⲉⲣⲉ	1
ⲱⲏⲙⲁ	1
ⲱⲛⲁⲑ	1
ⲱⲣⲉⲃ	1
ⲱⲫⲁⲥ	1
ⲱⲱⲗⲥ	1
ⲱⲱⲡⲉ	1
ⲱⲱⲧⲉ	1
ⲛⲁⲥⲏⲇⲱⲑ	1
ⲛⲁⲥⲟⲩϩⲓ	1
ⲛⲁⲥⲟⲩⲱϩ	1
ⲛⲁⲥⲟⲩⲱⲛ	1
ⲛⲁⲥⲥⲟⲩⲣ	1
ⲛⲁⲧⲁⲙⲓⲟ	1
ⲛⲁⲭⲉⲣⲉⲑ	1
ⲛⲁⲭⲓⲙⲁⲁ	1
ⲛⲁⲣⲭⲏⲥⲱⲙⲁⲧⲟⲫⲩⲗⲁⲝ	1
ⲛⲁⲍⲱⲙⲉⲛⲟⲥ	1
ⲅⲁⲗⲁⲇⲓⲧⲏⲥ	1
ⲧⲥⲁⲥⲩⲡⲟⲩⲥ	1
ⲕⲧⲉⲉⲓⲁⲧ	1
ⲥⲁϩⲟⲩ{ⲛ}	1
ⲟⲙⲟⲭⲁⲑⲉⲓ	1
ⲡⲉϫⲉⲓⲟⲑⲟⲣ	1
ⲉϩⲣⲟⲙⲡⲉ	1
ⲡⲉϫⲉⲓⲱⲥⲏϥ	1
ⲙⲉϩⲙⲛⲧⲥⲛⲟⲟⲩⲥ	1
ϯϩⲗⲟⲥⲧⲉⲛ	1
ⲧⲣⲁⲕⲉⲫⲁⲗⲟⲥ	1
ϣⲉϩⲃⲛⲉ	1
ⲧⲉⲧⲉⲛⲧⲛⲧⲱⲛ	1
ⲥⲁⲣⲁⲁⲃⲓⲧⲏⲥ	1
ⲥⲫⲉⲛⲧⲱⲛⲉ	1
ⲥⲫⲉⲛⲧⲱⲛⲓ	1
ⲟⲩⲁϩⲙⲉⲥ	1
ϣⲃⲏⲣⲕⲁⲁ	1
ⲣϩⲁⲣϣϩⲏⲧ	1
ⲙⲛⲧⲣⲉϥϣⲙϣⲉ	1
ⲡⲉⲣⲓⲥⲕⲉⲗⲓⲟⲛ	1
ⲕⲁⲣⲙⲉⲗⲟⲥ	1
ⲕⲁⲣⲙⲏⲣⲟⲥ	1
ϣⲧϣⲱⲧⲟⲩ	1
ⲡⲉⲭⲁⲇⲣⲓⲟⲛ	1
ⲓⲓⲱⲛⲁⲑⲁⲛ	1
ϣⲟϫⲡⲟⲩ	1
ϣⲣϣⲱⲣⲉ	1
ⲥⲁⲙⲟⲩⲏⲗⲛⲥⲁⲟⲩⲗ	1
ⲡⲟⲙⲡⲁⲓⲟⲥ	1
ⲓⲏⲗⲧⲉⲛⲟⲩ	1
ⲟⲩⲟϩⲙⲟⲩ	1
ⲫⲁⲗⲁⲥⲥⲟⲩⲣ	1
ⲡⲁⲣⲱⲇⲓⲧⲏⲥ	1
oⲟⲧⲟⲩ	1
ϣⲏⲛϩⲡⲉϥ	1
ϫⲟⲟⲩⲉⲃⲟⲗ	1
sⲉⲛⲁϣ	1
ⲧⲉⲛⲧⲉⲙⲃⲱⲕ	1
ⲛⲓⲉⲥⲥⲉⲙⲟⲩⲛ	1
ⲥⲙⲛⲇⲓⲁⲑⲏⲕⲏ	1
ⲃⲣϭⲟⲟⲩⲧ	1
{ⲉⲧⲣⲉ	1
ⲡⲟⲛⲉⲣⲉⲩⲉ	1
ⲙⲡⲁⲧⲉⲧⲉⲧ	1
ⲛⲅⲧⲱⲙⲉⲥ	1
ⲙⲛⲧⲁⲧϭⲟⲙ	1
ϥⲣϣⲟⲣⲡ	1
ϥⲣϩⲟⲩⲉ	1
ϫⲟⲩⲧϣⲟⲙⲧⲉ	1
ⲛⲉⲙⲁⲥⲃⲁⲕ	1
ⲙⲛⲧⲁⲃⲟⲗⲏ	1
ⲙⲛⲧⲁⲧⲃⲁⲗ	1
ⲙⲛⲧⲁⲧⲥⲉⲓ	1
ϫⲟⲩⲧϫⲟⲙⲧⲉ	1
ⲑⲑⲃⲃⲓⲏⲩ	1
ⲇⲉⲕⲅⲱⲗⲁⲛⲉ	1
ⲙⲛⲧⲉⲃⲓⲏⲛ	1
ϩⲁⲣⲉⲓⲟⲡⲉ	1
ⲉⲧⲛⲅⲣⲁⲙⲁⲧⲉⲩⲥ	1
ϩⲣⲟⲓⲥⲕⲟⲥ	1
ⲉⲧⲉⲧⲛϩⲏⲟⲩ	1
ⲕⲁⲧⲁⲣⲓⲍⲉ	1
ⲃⲁⲑⲁⲣⲱⲑ	1
ⲙⲛⲧⲣⲉϥϫⲓ	1
ⲃⲁⲓⲏⲣⲱⲑ	1
ⲃⲁⲓⲛⲁϩⲃ	1
ⲃⲁⲓⲑⲓⲏⲗ	1
ⲃⲁⲓⲑⲙⲁⲛ	1
ⲙⲛⲧⲣⲙϩⲏⲧ	1
ⲙⲛⲧⲁⲧⲟⲩⲟⲉⲓϣ	1
ⲑⲩⲥⲓⲁⲟⲩⲥⲙⲟⲩ	1
ⲃⲁⲓⲭⲣⲟⲑ	1
ⲙⲛⲧⲥⲁϣϥⲉ	1
ⲃⲁⲗⲁⲅⲁⲇ	1
ⲃⲁⲗⲓⲃⲁⲑ	1
ⲕⲁⲧⲉⲅⲟⲣⲓ	1
ⲙⲛⲧⲟⲣⲱⲟⲩ	1
ⲙⲛⲧⲣⲉⲁⲩⲱ	1
ⲇⲓⲡⲗⲱⲉⲓⲥ	1
ⲧⲇⲓⲕⲁⲓⲟⲥⲛⲏ	1
ⲙⲛⲧⲥⲩⲣⲟⲥ	1
ⲧⲉⲭⲟⲣⲉⲓⲁ	1
ⲧⲉⲭⲟⲣⲉⲓⲥ	1
ⲁⲛⲁⲃⲁⲥⲓⲥ	1
ⲡⲉϩⲙⲡⲏⲅⲏ	1
ⲟⲩⲙⲛⲧⲙⲁⲓⲥϩⲓⲙⲉ	1
ⲃⲁⲥⲁⲛⲉⲓ	1
ⲃⲁⲥⲉⲙⲁⲑ	1
ⲃⲁⲥⲏⲇⲱⲑ	1
ⲃⲁⲧⲁⲛⲟⲥ	1
ⲡⲉⲣϣⲟⲩⲕⲗⲟⲟⲗⲉ	1
ϩⲁ_ⲛⲧⲟ	1
ⲛⲉⲛⲁⲟⲃϣⲥ	1
ⲛⲁϩⲣⲁⲕⲁⲩⲱ	1
ⲟⲩⲙⲛⲧⲙⲁⲓϣⲙⲙⲟ	1
ⲛⲉⲃⲣⲏϭⲉ	1
ⲉϣϭⲉⲙϭⲟⲙ	1
ⲛⲉⲇⲉⲥⲥⲁ	1
ⲁⲙⲙⲟⲣⲁⲓⲟⲥ	1
ⲡⲟⲩⲉϩⲥⲁϩ	1
ⲑⲓⲉⲗⲓⲏⲙ	1
ϭⲉⲧⲡⲓⲁⲃⲏⲥ	1
ⲡⲉⲭⲁⲙⲉⲗⲉⲱⲛ	1
ⲧⲙⲁⲉⲓⲟⲉⲓ	1
ⲛⲉⲑⲩⲥⲕⲏ	1
ϩⲁϩⲧⲏⲥ	1
ϩⲁϫⲱⲟⲩ	1
ⲛⲉⲕⲃⲏⲩⲉ	1
ⲛⲉⲕⲉⲓⲣⲱ	1
ⲛⲉⲕⲉⲡⲓⲛ	1
ⲡⲉϫⲉⲉⲥⲭⲁ	1
ⲛⲉⲕⲥⲏϣⲉ	1
ⲡⲉϫⲉⲓⲱⲁⲥ	1
ⲛⲉⲕⲟⲟⲗⲉ	1
ⲛⲉⲕⲟⲟⲡⲉ	1
ⲧⲙⲁⲓⲉⲡⲉⲧ	1
ⲛⲉⲗⲓⲉⲓⲙ	1
ⲑⲓⲗⲏⲙⲙⲛ	1
ⲡⲩⲕⲁⲣⲅⲟⲛ	1
ⲡⲉϫⲁⲓⲡⲉ	1
ⲡⲉϫⲡⲓⲏⲧ	1
ⲛⲉϩⲉⲣϣⲓⲣⲉ	1
ⲛⲉⲥⲕⲏⲩⲉ	1
ⲣⲡⲣⲟⲫⲏⲧⲏⲥ	1
ϩⲓϩⲣⲁⲩ	1
ϩⲓϫⲱⲱϥ	1
ⲛⲉⲧⲛⲟⲧⲙ	1
ϩⲟϫϩⲉⲭ	1
ⲑⲓⲧⲟⲩⲱϣ	1
ⲛⲉⲩⲏⲣⲏⲩ	1
ⲛⲉⲩⲙⲟⲣ†	1
ⲛⲉⲩⲛⲙⲙⲁ	1
ⲛⲉⲩⲧⲏⲏⲃ	1
ⲟⲣⲫⲗⲛⲟⲥ	1
ⲕⲧⲉⲧⲏⲟⲩⲧⲛ	1
ⲛⲉⲫⲣⲱⲛⲁ	1
ⲛⲉⲭⲱⲣⲟⲥ	1
ϩⲟϫⲡⲟⲩ	1
ϩⲉⲣⲙⲱⲛⲓⲉⲓⲙ	1
ⲇⲓⲕⲁⲓⲱⲙⲁⲛ	1
ϣⲉⲧⲁⲓⲟⲩ	1
ⲙⲁⲣⲥⲉⲙⲱⲙⲁⲛ	1
ⲥⲁⲃⲁⲉⲓⲛ	1
ⲥⲕⲏⲛⲟⲡⲏⲅⲓⲁ	1
ϫⲟⲉⲓⲥϣⲣϣⲣⲛⲉⲭⲱⲣⲁ	1
ⲙⲡⲣⲁⲥⲉⲃⲉⲓ	1
ⲥⲟⲩϫⲟⲩⲧⲟⲩⲉ	1
ⲥⲁⲓⲣⲓⲟⲥ	1
ϫⲁϫⲁϫⲉ	1
ⲥⲁⲗⲁⲃⲓⲛ	1
ⲥⲁⲗⲉⲙⲗⲁ	1
ⲥⲁⲗⲡⲁⲁⲇ	1
ⲥⲁⲙⲁⲅⲱⲑ	1
ⲇⲟⲝⲟⲧⲏⲥ	1
ⲥⲁⲧⲁⲛⲁⲥ	1
ϫⲓϩⲣⲁⲓ	1
ϫⲓϭⲟⲛⲥ	1
ⲉⲣⲓⲫⲁⲣⲉⲑ	1
ⲇⲟⲩⲙⲉⲓⲁ	1
ⲡⲉⲭⲉⲇⲇⲉⲟⲥ	1
ⲛⲥⲁⲧⲣⲁⲡⲏⲥ	1
ⲣⲉϥⲧⲁϣⲉⲱⲣⲕ	1
ⲟⲩⲟϭⲟⲩⲏϭ	1
ϫⲱϥⲃⲏϩ	1
ⲡⲉⲣⲓⲥⲕⲉⲗⲏ	1
ⲑⲗⲓⲯⲉⲓⲥ	1
ⲥⲁⲃⲟⲩⲗⲱⲛⲓⲧⲏⲥ	1
ⲙⲡⲉⲣⲧⲁⲩⲉ	1
ⲥⲃⲧⲉⲧⲉϥ	1
ⲛⲁⲉⲣⲁⲣⲭⲱⲛ	1
ϭⲟϣϭⲉϣ	1
ϥⲉⲡⲓⲑⲩⲙⲉⲓ	1
ϭⲙϣⲓⲛⲉ	1
…ⲉⲗⲡⲓⲍⲉ	1
ϣⲁⲁⲛⲧⲉ	1
ϣⲁⲗⲗⲉⲓ	1
ϣⲁⲛⲛⲉⲩ	1
ϣⲁⲛⲧⲉⲕ	1
ϣⲁⲧⲱⲛⲉ	1
ⲛⲁⲉⲣⲉⲣⲭⲱⲛ	1
ϣⲱϩⲉⲣⲁⲧ	1
ϣⲏⲙϣⲏⲙ	1
ⲟⲩⲁⲁϩⲟⲩ	1
ϣⲉⲃⲃⲓⲱ	1
ϣⲉⲓⲱⲣϩ	1
ⲙⲛⲧⲣⲉϥⲣϩⲁⲉ	1
ⲑⲩⲥⲓⲁⲧⲏⲣⲓⲟⲛ	1
ⲟⲩⲁⲛⲁⲅⲉ	1
ϣⲓⲛⲟⲩⲃ	1
ⲇⲣⲁⲁⲍⲁⲣ	1
ϭⲱϣⲧϩⲓ	1
ⲁⲃⲏⲥⲁⲗⲗⲱⲙ	1
ⲙⲁⲥⲏⲫⲁⲧⲁⲩⲙⲉϩ	1
ϣⲙⲙⲟⲉⲓ	1
ⲟⲩⲉⲙⲗⲁϩ	1
ϣⲙⲧⲥⲱⲡ	1
ⲟⲩⲉⲥⲧⲱⲛ	1
ⲙⲉⲅⲉⲇⲓⲏⲗ	1
ⲫⲉⲛⲁⲉⲛⲇⲱⲣ	1
ϣⲟⲟⲡⲡⲉ	1
ϣⲟⲟⲩⲧⲉ	1
ϣⲟⲩⲣⲟϥ	1
ϣⲟⲩⲡⲉⲓ	1
ⲟⲩⲏⲣⲏⲧⲉ	1
ⲡⲉⲥⲧⲩⲑⲏⲛⲓⲟⲛ	1
ⲃⲉⲏⲣⲱⲑⲁ	1
ⲃⲉⲑⲗⲉⲉⲙ	1
ⲃⲉⲑⲟⲣⲱⲛ	1
ⲃⲉⲑⲥⲟⲩⲣ	1
ⲟⲩⲗⲁⲑⲉⲓ	1
ϣⲧⲟⲩⲏⲧ	1
ϣⲧⲱⲟⲩⲛ	1
ϣⲧⲱⲣⲧⲣ	1
ⲗⲉⲙⲁⲇⲁⲭⲁⲣ	1
ⲗⲩⲙⲃⲏⲇⲑⲣⲁ	1
ⲟⲩⲙⲗⲁⲁⲩ	1
ⲟⲩⲙⲟⲟⲩⲉ	1
ϫⲟⲩⲧⲯⲓⲧⲉ	1
ⲟⲩⲛⲛⲓϥⲉ	1
ⲃⲉⲛⲉⲍⲉⲣ	1
ⲟⲩⲟⲉⲓⲛⲉ	1
ⲟⲩⲟⲥⲧⲟⲩ	1
ⲟⲩⲟⲧⲃⲉϥ	1
ϣⲱⲡⲉⲇⲉ	1
ϣⲱⲡⲉⲉⲩ	1
ϣⲱⲱⲧϩⲙ	1
ⲟⲩⲉⲙϩⲁⲁⲩ	1
ⲇⲣⲟⲙⲉⲩⲉ	1
ⲛⲏⲥⲁⲩⲛⲉ	1
ⲟⲩⲧⲱⲕⲙⲛ	1
ⲉⲧⲱⲫⲁⲧⲉⲓ	1
ⲟⲩⲉϣⲑⲩⲥⲓⲁ	1
ⲃⲉⲫⲁⲗⲁⲑ	1
ⲟⲩⲱⲙⲑⲁⲃ	1
ⲟⲩⲱⲙⲙⲟⲥ	1
ⲟⲩⲱⲛⲁⲩⲱ	1
ϥⲉⲙⲙⲁⲩ	1
ϥⲉⲧⲛⲉϥ	1
ϥⲉⲧⲡⲉⲩ	1
ⲧⲱⲟⲩⲛⲉⲓⲁⲧ	1
ⲡⲟⲥⲧⲁⲧⲏⲥ	1
ϩⲁ…ⲧⲏⲥ	1
ⲛⲑⲉⲣⲅⲁⲙ	1
ⲗⲁⲥϣⲓⲣⲉ	1
ϥⲣⲟⲉⲓⲥ	1
ⲛⲅⲉⲛⲛⲏⲙⲁ	1
ⲕⲁⲛⲁⲛⲁⲓⲟⲥ	1
ⲙⲁϣⲧⲙⲁⲕϩ	1
ⲁⲓⲭⲙⲁⲗⲱϯⲍⲉ	1
ⲍⲁⲙⲃⲣⲉⲓ	1
ⲛⲉⲣⲣⲱⲱⲟⲩ	1
ⲩⲡⲟⲙⲓⲛⲉ	1
ⲡⲙϩϣⲟⲙⲛⲧ	1
ⲡⲁⲅⲣⲉⲙⲃⲟⲗⲏ	1
ϥⲱⲣⲭⲉⲓ	1
ⲉⲧⲉⲧⲛⲁⲧⲟϭ	1
ⲕⲟⲓⲛⲱⲛⲉⲓ	1
ⲡⲉⲑⲉⲅⲱⲛⲓⲧⲏⲥ	1
ⲥⲉⲃⲱⲉⲓⲛ	1
ⲥⲉⲇⲇⲟⲩⲕ	1
ⲛⲁⲉⲧⲟⲥⲉⲁⲩ	1
ⲛⲓⲉⲇⲟⲩⲣ	1
ⲛⲓⲉⲣⲓⲏⲗ	1
ⲛⲓⲉⲫⲟⲛⲏ	1
ⲇⲁⲃⲁⲓⲣⲱⲑ	1
ⲥⲉⲓⲗⲁⲇⲁ	1
ⲥⲉⲕⲉⲗⲁⲕ	1
ⲥⲉⲗⲉⲡⲓⲛ	1
ⲥⲉⲗⲗⲏⲥⲁ	1
ⲥⲉⲗⲙⲱⲛⲓ	1
ϭⲓⲛϣⲙϣⲉ	1
ⲥⲉⲗⲥⲱⲗⲧ	1
ϭⲓⲛϩⲱⲟⲩ	1
ⲥⲉⲛⲁⲭⲓⲙ	1
ⲛⲓⲙⲧⲥⲧⲟ	1
ⲛⲓⲡⲉⲧⲣⲁ	1
ⲥⲉⲣⲙⲗⲁϩ	1
ⲟⲩⲃⲁⲇⲇⲓⲛ	1
ⲕⲟⲕⲕⲓⲛⲟⲛ	1
ⲛⲉⲗⲓⲥⲁⲃⲉⲑ	1
ⲥⲉⲫⲫⲱⲣⲁ	1
ⲧⲙⲉϩⲙⲛⲧⲥⲛⲟⲟⲩⲥ	1
ϩⲁⲓⲥⲟⲩ	1
ϩⲁⲙⲉⲛⲧ	1
ϩⲁⲛⲟⲃⲉ	1
ϩⲁⲡⲗⲱⲥ	1
ϩⲁⲣⲁⲧⲏ	1
ϩⲁⲣⲙⲉⲓ	1
ϩⲁⲣⲱⲧⲛ	1
ϩⲃⲟⲣⲃⲣ	1
ϩⲃⲱⲱⲛⲉ	1
ϣⲓⲛⲉⲛⲥⲁ	1
ϩⲏⲩϩⲓⲏ	1
ϩⲑⲙϩⲁⲗ	1
ϩⲓⲉϣⲱⲧ	1
ϩⲉⲃⲏⲩⲉ	1
ϩⲉⲃⲣⲱⲛ	1
ϩⲉⲉⲣⲁⲧ	1
ϩⲉⲓⲉⲓⲃ	1
ϩⲉⲗⲁⲍⲉ	1
ϩⲉⲗⲓⲍⲉ	1
ϩⲉⲗⲕⲟⲥ	1
ϩⲉⲗⲕⲟⲩ	1
ϩⲉⲙⲡⲉⲩ	1
ϩⲉⲛⲉⲛⲉ	1
ϩⲉⲛⲧⲁⲗ	1
ϩⲉⲣⲟⲩⲱ	1
ⲣⲉⲓⲉⲣⲃⲟⲟⲛⲉ	1
ⲧⲉⲫⲟⲓⲛⲓⲥⲥⲁ	1
ⲛⲉⲭⲙⲁⲗⲱⲥⲓⲁ	1
ϩⲑⲧⲛⲟⲥ	1
ϩⲓⲉⲗⲉⲗ	1
ϩⲓⲉⲣⲉⲩ	1
ϩⲓⲟⲟⲙⲉ	1
ϩⲓⲧⲁⲙⲟ	1
ϩⲕⲁⲉⲓⲧ	1
ⲟⲩⲛⲁⲙⲟⲟⲩⲧ	1
ⲃⲁⲓⲑⲁⲓⲥⲁⲛ	1
ϩⲛⲉⲗⲱⲙ	1
ϩⲛⲛⲙⲙⲁ	1
ϩⲛⲧⲱⲧⲉ	1
ϩⲟⲟⲕⲉ}	1
ϩⲟⲣⲁⲙⲁ	1
ϩⲟⲥⲧⲏϥ	1
ϩⲟⲩⲉⲓⲧ	1
ϩⲟⲩⲙⲡⲏ	1
ϩⲟⲩⲱⲣⲥ	1
ϩⲣⲁⲃⲁⲑ	1
ϩⲣⲁⲙⲁⲛ	1
ϩⲣⲁⲙⲱⲑ	1
ϩⲣⲁⲧⲉⲛ	1
ϩⲣⲁⲫⲁⲛ	1
ϩⲣⲟⲃⲉⲕ	1
ⲙⲛⲧⲣⲉϥⲑⲣϩⲱⲃ	1
ⲃⲏⲑⲟⲣⲟⲛ	1
ⲃⲏⲑⲟⲣⲱⲛ	1
ⲃⲏⲑⲱⲣⲱⲛ	1
ϩⲧⲁⲙⲓⲟ	1
ϩⲧⲙⲧⲱⲛ	1
ϩⲧⲟⲙⲧⲙ	1
ⲡⲟⲗⲩⲙⲓⲥⲧⲏⲥ	1
ϩⲩⲃⲱⲱⲛ	1
ⲕⲉϣⲙⲛⲧϣⲉ	1
ⲃⲏⲗⲁⲥⲱⲣ	1
ϣⲕⲉⲗⲕⲓⲗ	1
ⲡⲓⲣⲙⲡⲉⲑⲓⲧⲟⲩⲱ	1
ⲧⲉϭⲟⲩⲥⲉϯⲱϩⲉ	1
ϩⲱⲟⲩⲛⲉ	1
ϫⲁⲣϩⲏⲧ	1
ⲙⲛⲧⲣⲉϥⲙⲟⲩⲧⲉ	1
ⲙⲛⲧϣⲁⲣⲁϩⲉ	1
ϫⲉⲗϩⲏⲥ	1
ⲙⲛⲧⲣⲉϥⲟⲩⲱⲧϩ	1
ϫⲁⲑⲏⲕⲏ	1
ϫⲁⲕⲙⲉϥ	1
ϫⲁⲣⲃⲁⲗ	1
ϫⲁⲧⲟⲩⲁ	1
ⲃⲁⲓⲑⲫⲟⲅⲟⲣ	1
ⲃⲁϩⲁϩⲉⲓⲙ	1
ϫⲓⲛϫⲏ“	1
ⲡⲕⲉⲧⲉⲕⲙⲧⲉⲕ	1
ⲛⲁⲛⲧⲟⲕⲣⲁⲧⲱⲣ	1
ⲉϩϥⲧⲟⲉ	1
ϫⲓⲁⲉⲓⲕ	1
ϫⲓⲃⲟⲧⲉ	1
ϫⲓⲇⲓⲛⲁ	1
ϫⲓⲕⲣⲟϥ	1
ϫⲓⲣⲱⲙⲉ	1
ϫⲓⲥⲙⲏⲛ	1
ϫⲓⲥⲟⲩⲟ	1
ϫⲓⲧⲛⲟⲩ	1
ϫⲟⲗϩⲉⲥ	1
ϫⲟⲟϥⲉϥ	1
ⲙⲁⲭⲁⲛⲁⲣⲁⲑ	1
ⲕⲁⲧⲁⲕⲙⲩⲥⲙⲟⲥ	1
ⲙⲉⲧⲁⲃⲟⲗⲟⲥ	1
ϣϥⲉⲧⲏ	1
ϣϩⲣⲁⲓ	1
ⲧⲁⲩⲉⲕⲁⲣⲡⲟⲥ	1
ϫⲟⲕⲙⲉϥ	1
ϫⲟⲗⲉⲕⲕ	1
ϫⲟⲟⲗⲉϥ	1
ϫⲟⲟⲩⲥⲉ	1
ϥϣⲙϣⲉ	1
ϫⲟⲩⲥⲟⲩ	1
ϥϣⲁⲕϩ	1
ϫⲟⲱⲱⲙⲉ	1
ϫⲡⲓⲉⲛⲉ	1
ϫⲡⲓⲟⲉⲓ	1
ϫⲡⲓⲱⲧⲛ	1
ⲧⲁⲇⲓⲕⲁⲓⲟⲥⲩⲛⲏ	1
ϯϩⲙⲟⲧ	1
ϯϩⲧⲟⲣ	1
ϯϫⲣⲟⲡ	1
ϯϭⲛⲁⲧ	1
ⲙⲡⲓⲣⲉⲓⲣⲏ	1
ⲛⲣⲉϥϯϩⲉ	1
ⲡⲟⲣⲛⲟⲕⲟⲡⲟⲥ	1
ⲡⲉⲫⲁⲓⲣⲁⲓⲥⲁⲓⲟⲥ	1
ϩⲉⲑⲛⲟⲥⲙⲡⲁ	1
ϭⲉⲗϭⲱⲗ	1
ⲧⲁⲉⲫⲣⲁⲓⲙ	1
ϭⲉⲗⲙⲁⲓ	1
ϭⲉⲡⲃⲣⲁ	1
ⲥⲉⲡⲫⲁⲣⲓⲙ	1
ⲕⲗⲩⲣⲟⲛⲟⲙⲓⲁ	1
ϭⲓⲛⲏⲣⲁ	1
ϭⲓⲥⲧⲃⲁ	1
ϭⲓⲧⲉⲓⲥ	1
ϭⲟⲗϭⲉⲗ	1
ϭⲟⲣϭⲣⲥ	1
ϭⲟⲥϭⲉⲥ	1
ϭⲗⲙⲗⲱⲙ	1
ⲁⲥⲇⲣⲁⲣⲱⲑ	1
ϭⲙⲱⲙⲟⲩ	1
ⲙⲏⲏϣⲉϣⲟⲡ	1
ⲁϣⲁϩⲁⲙ	1
ϭⲛⲟⲩϭⲧ	1
ⲡⲟⲗⲉⲙⲟⲥⲛⲥⲁⲛⲉⲧ	1
ϭⲟⲗⲉϫⲕ	1
ϭⲟⲗⲁⲩⲱ	1
ⲧⲙⲛⲧϣⲁϥⲧ	1
ⲥⲉⲣⲅⲁⲣⲉⲓ	1
ϭⲣⲟⲙⲡⲉ	1
ⲁϣⲙⲧϣⲟ	1
ⲁϣⲟⲉⲓϣ	1
ⲛⲉⲫⲩⲗⲏⲥⲧⲏⲓⲙ	1
ⲛⲉⲫⲩⲗⲏⲥⲧⲓⲏⲙ	1
ⲃⲓⲙⲉⲥⲉⲕ	1
ϭⲙⲡϣⲓⲛⲉ	1
ϩⲣⲱⲅⲉⲗⲗⲓⲙ	1
ⲱⲁⲭⲓⲙⲉⲗⲉⲭ	1
ⲟⲓⲕⲟⲛⲟⲙⲉⲓ	1
ⲥⲉⲣⲙⲛⲧⲣⲉ	1
ⲟⲩⲉⲉⲓⲛⲓⲛ	1
ⲟⲩⲉⲉⲓⲟⲩⲗ	1
ϯⲉⲛϣⲟⲧ	1
ϩⲙϩⲁⲗⲗⲟ	1
ϯⲃⲣⲏϭⲉ	1
ⲙⲛⲧⲉⲩⲅⲉⲛⲏⲥ	1
ϯⲇⲱⲣⲟⲛ	1
ϯⲉⲙⲏⲥⲉ	1
ϯⲉⲣⲱⲧⲉ	1
ⲟⲩⲉⲙⲕⲁϩⲛ	1
ⲛⲛⲁⲉⲧⲉⲓ	1
ϯⲑⲩⲥⲓⲁ	1
ⲧⲅⲟⲛⲁⲓⲑⲗⲁⲁⲙ	1
ⲛⲉⲭⲉⲙⲟⲟⲩ	1
ⲛⲉⲡⲑⲁⲗⲉⲓⲙ	1
ⲗⲁⲃⲁⲛⲁⲑ	1
ⲗⲁⲅⲁⲛⲟⲛ	1
ⲡⲓⲕⲉⲇⲇⲟⲩⲣ	1
ϯⲙⲁⲉⲓⲛ	1
ϯⲙⲉⲣⲓⲥ	1
ϯⲙⲛⲧⲛⲁ	1
ϭⲓⲃⲟⲩⲧⲟⲥ	1
ⲗⲁⲍⲱⲧⲟⲥ	1
ϯⲟⲩⲃⲏⲓ	1
ϯⲣⲙⲉⲓⲏ	1
ϯⲥⲟⲉⲓⲧ	1
ϯⲧⲁⲉⲓⲟ	1
ϯⲧⲁⲡⲣⲟ	1
ⲛⲉⲭⲟⲓⲗⲓⲁ	1
ⲅⲉⲣⲅⲉⲥⲓⲛ	1
ⲗⲁⲙⲡⲏⲛⲏ	1
ⲛⲉⲓⲁⲛⲁⲟⲩϣ	1
ⲛⲉⲓⲁⲛⲧⲟⲟⲩ	1
ⲙⲛⲧϩⲁⲣϣⲏⲧ	1
ⲙⲡⲣⲉϥϫⲓϫ	1
ⲛⲓⲉⲃⲉⲙⲉⲅⲁ	1
ⲡⲣⲟⲥⲕⲁⲣⲧⲏⲣⲉⲓ	1
ⲛⲧⲁϫⲓⲧⲕ	1
ⲁⲃⲏⲃⲁⲗⲱⲙ	1
ϯϣⲧⲟⲩⲏⲧ	1
ⲛⲧⲉϣⲉⲉⲩ	1
ⲛⲁⲓⲧⲓⲁⲓⲟⲥ	1
ⲧⲁⲗⲁⲓⲡⲟⲣⲟⲥ	1
ⲧⲁⲗⲁⲓⲡⲱⲣⲟⲥ	1
ⲧⲁⲗⲁⲓⲣⲱⲣⲓⲁ	1
ⲃⲗⲁⲡⲧⲉⲓ	1
ⲥⲓⲗⲱϩⲁⲙ	1
ⲙⲉϩⲥⲟⲡⲥⲛⲁⲩ	1
ⲙⲁⲁⲃⲁⲗⲁⲥⲥⲁ	1
ⲙⲡϩⲟⲗⲟⲕⲁⲩⲧⲱⲙⲉ	1
ⲥⲓⲕⲉⲣⲟⲛ	1
ⲕⲟⲩⲟϫⲡⲟⲩ	1
ⲃⲗⲟⲩϫⲁϥ	1
ⲡⲣⲉⲥⲃⲩⲧⲏⲣⲟⲥ	1
ϭⲓⲃⲟⲧⲟⲥ	1
ⲙⲉⲓⲛⲁⲇⲁⲃ	1
ⲛⲓⲥⲥⲁⲭⲁⲣ	1
ⲇⲱⲛⲓⲇⲁⲙ	1
ⲥⲟⲩⲟϣⲙⲉϥⲁⲥⲧⲁⲙⲓⲟ	1
ⲭⲓⲇⲟⲫⲉⲗⲛⲁϩⲣⲁϥ	1
ⲡⲉⲓϣⲁϫⲛⲉ	1
ⲥⲓⲫⲁⲓⲟⲥ	1
ⲙⲛⲧϫⲁⲣⲃⲁⲗ	1
ⲉⲓⲁⲛⲥϩⲓⲙⲉ	1
ⲅⲓⲛⲛⲁⲓⲟⲥ	1
ϭⲓⲛⲙⲟⲩⲧ	1
ϭⲓⲛⲧⲱⲛⲥ	1
ⲥⲧⲉⲫⲁⲛⲟⲩ	1
ⲃⲉⲉⲗⲁⲙⲱⲛ	1
ⲃⲉⲉⲗⲙⲉⲱⲛ	1
ⲙⲛⲧⲡⲁⲣⲑⲉⲛⲟⲥ	1
ϭⲓⲧⲁⲣⲓⲥ	1
ⲙⲛⲧϣⲃⲏⲣⲙⲟⲩϩ	1
ϯ…………	1
ⲟⲩⲙⲁϣⲑⲁⲙ	1
ϯ…ⲉϥ…	1
ⲛⲟⲍⲉⲓⲏⲗ	1
ⲗⲗⲉⲗⲟⲩⲓⲁ	1
ⲑⲩⲣⲓⲧⲏⲥ	1
ⲑⲩⲥⲓⲁⲍⲉ	1
ⲛⲟⲩⲏⲣϣⲉ	1
ⲛⲟⲩⲥⲓⲧⲃ	1
ⲙⲛⲧϭⲁⲟⲩⲟⲛ	1
ⲓⲁⲣⲓⲙⲟⲩⲑ	1
ⲥⲓⲟⲩⲥⲓⲟⲩ	1
ⲧⲉⲧⲣⲁⲅⲱⲛⲟⲛ	1
ⲉⲓⲣⲏⲛⲓⲕⲟⲥ	1
ⲕⲃⲁⲧⲁⲛⲟⲥ	1
ⲡⲗⲁⲧⲁⲛⲟⲥ	1
ⲧⲏⲣⲁⲛⲛⲟⲥ	1
ⲧⲁⲓⲁⲙⲟⲟⲩ	1
ⲃⲱⲛⲉⲗⲟⲟⲗⲉ	1
ϩⲓⲧⲁⲃⲩⲣⲓⲟⲛ	1
ⲉϫⲱϥϩⲛ	1
ⲉϣⲉⲡⲁϥ	1
ⲙⲟⲛⲟⲕⲉⲣⲱⲧⲟⲥ	1
ⲉϥⲉⲓϫⲱ	1
ⲉϩⲓⲉⲓⲃ	1
ϣⲉϣⲓⲧ	1
ϣⲗϩⲟⲩ	1
ϣⲟϣⲟⲩ	1
ϣⲟϫⲡⲧ	1
ϥⲉϣⲉⲓ	1
ϥⲉϭⲟⲩ	1
ϩⲓⲡⲟⲧⲣⲟⲙⲟⲥ	1
ϩⲁϫⲱⲓ	1
ϩⲉϭⲙⲛ	1
ϩⲏϩⲟⲩ	1
ϩⲛϣϫⲏ	1
ϩⲟϥⲧⲉ	1
ϫⲓϩⲣⲉ	1
ϫⲓϯⲡⲉ	1
ϫⲙϩⲁⲗ	1
ϫⲙϫⲟⲙ	1
ϫⲛϫⲏⲩ	1
ⲥⲗⲥⲱⲗⲉϥ	1
ϭⲁϫⲙⲉ	1
ϭⲙϭⲱⲙ	1
ϣⲁⲣⲉⲧ	1
ϣⲃⲉⲉⲣ	1
ϣⲃⲧⲕⲕ	1
ϭⲟϩⲥⲉ	1
ϣⲉⲗⲉⲧ	1
ϣⲉⲙⲏⲧ	1
ϣⲉⲛⲧⲱ	1
ϣⲙⲧϣⲉ	1
ϣⲙⲧϣⲟ	1
ⲟⲩⲛⲟϣⲡⲉⲛ	1
ϣⲓⲙⲙⲟ	1
ϣⲟⲃϩⲕ	1
ϣⲟⲗϣⲗ	1
ϣⲟⲡϣⲡ	1
ϣⲟⲙⲉⲧ	1
ϣⲟⲣⲡⲛ	1
ϣⲟⲣⲡⲧ	1
ϣⲟⲩⲥⲉ	1
ϣⲣⲱⲱⲣ	1
ϣⲱⲱⲃⲉ	1
ϥⲓⲁⲧⲉ	1
ϥⲓⲓⲁⲧ	1
ϥⲓⲧⲉϥ	1
ϥⲓⲧⲉⲥ	1
ϥⲙⲡⲉⲩ	1
ϥⲟⲩⲁϩ	1
ϥⲣⲣⲣⲟ	1
ϥⲧⲟⲃⲥ	1
ϣⲡⲓⲉⲉⲧⲉ	1
ⲡⲁⲣⲁⲃⲟⲑⲉⲟⲥ	1
ϩⲁⲧϩⲏ	1
ϩⲁⲁⲙⲉ	1
ϩⲁⲉⲓⲧ	1
ϩⲁⲉⲩⲉ	1
ϩⲁⲛⲉϥ	1
ϩⲁⲗⲁⲕ	1
ϩⲁⲗⲱⲙ	1
ϩⲁⲙⲟⲓ	1
ϩⲁⲙⲟⲥ	1
ϩⲁⲣⲁⲕ	1
ϩⲁⲣⲏⲥ	1
ϩⲁⲥⲏⲧ	1
ϩⲁⲧⲉⲙ	1
ϩⲁⲧⲉⲩ	1
ϩⲃⲟⲟⲥ	1
ϩⲃⲱⲱⲛ	1
ϩⲉⲃⲉⲥ	1
ϩⲉⲉⲧⲉ	1
ϩⲓⲧϩⲏ	1
ϩⲉⲓⲟⲥ	1
ϩⲏⲏⲃⲉ	1
ϩⲏⲓⲃⲉ	1
ϩⲏⲡⲡⲉ	1
ϩⲛⲟϩⲉ	1
ϩⲛⲟϩⲥ	1
ϩⲓⲃⲱⲓ	1
ϩⲓⲣⲱⲥ	1
ϩⲓⲧⲟⲩ	1
ϩⲓⲧⲧⲉ	1
ϩⲓⲱⲙⲉ	1
ϩⲓⲱⲱⲥ	1
ϩⲣⲓϫⲙ	1
ϩⲙⲉⲧⲏ	1
ϩⲛⲏⲉⲓ	1
ϩⲛⲥⲁϣ	1
ϩⲛⲟⲗⲥ	1
ϩⲛⲟⲟⲩ	1
ϩⲛⲟⲩⲃ	1
ϩⲛⲧⲓⲕ	1
ϩⲟⲃⲉⲥ	1
ϩⲟⲃⲥⲉ	1
ϩⲟⲃⲥⲧ	1
ϩⲟⲟⲩϣ	1
ϩⲟⲣⲕϥ	1
ϩⲟⲙⲡⲉ	1
ϩⲟⲟⲕⲛ	1
ϩⲟⲟⲙⲉ	1
ϩⲟⲣⲃⲥ	1
ϩⲟⲣⲙⲁ	1
ϩⲟⲥⲟⲩ	1
ϩⲟⲧⲃⲉ	1
ϩⲣⲁⲁⲕ	1
ϩⲣⲁⲙⲁ	1
ϩⲣⲏⲥⲉ	1
ϩⲣⲓⲃⲁ	1
ϩⲣⲙⲱⲛ	1
ϩⲣⲟⲩⲃ	1
ϩⲣⲱⲁⲃ	1
ϩⲣⲱⲟⲥ	1
ϩⲣⲱⲱⲃ	1
ϩⲧⲁⲕⲟ	1
ϩⲧⲏⲉⲓ	1
ϩⲧⲏⲓⲉ	1
ϩⲧⲏⲣⲉ	1
ϩⲧⲟⲟⲩ	1
ϩⲩⲗⲁⲥ	1
ϩⲱⲣⲉⲃ	1
ϩⲱⲥⲉⲃ	1
ϩⲱⲧⲉⲣ	1
ϫⲁⲁϫⲉ	1
ϫⲁⲁⲛⲓ	1
ϫⲉⲉⲩⲉ	1
ϫⲉⲣⲱϥ	1
ⲡⲥⲓⲕⲉⲣⲟⲛ	1
ϫⲓⲃⲟϭ	1
ϫⲓⲑⲁⲃ	1
ϫⲓⲧⲟⲥ	1
ϫⲟⲉⲓⲉ	1
ϫⲟⲉⲱⲕ	1
ϫⲟⲓⲉⲥ	1
ϫⲟⲛⲉⲧ	1
ϫⲟⲟⲗⲥ	1
ϫⲟⲟⲣⲧ	1
ϫⲟⲟⲩⲛ	1
ϫⲟⲟⲩⲥ	1
ϫⲟⲟⲩⲧ	1
ϫⲡⲏⲟⲩ	1
ϫⲱⲗϩⲥ	1
ϫⲱⲱϭⲉ	1
ϫⲱⲣⲁϩ	1
ϫⲱⲟⲩⲧ	1
ϫⲱⲣⲉⲙ	1
ϭⲉⲡϭⲡ	1
ϭⲁⲗⲏⲩ	1
ϭⲓⲛϭⲉ	1
ϭⲉⲗⲉⲡ	1
ϭⲉⲗⲉⲧ	1
ϭⲓⲛⲱⲣ	1
ϭⲓⲟⲟⲣ	1
ϭⲟⲟϫⲉ	1
ϭⲙⲏⲩⲉ	1
ϭⲙⲡⲉϥ	1
ϭⲟⲛⲉϥ	1
ϭⲟⲙⲡⲥ	1
ϭⲟⲧⲡⲥ	1
ϭⲟⲩⲏⲗ	1
ϭⲣⲟⲟϭ	1
ϭⲣⲱⲱϩ	1
ϭⲩⲥⲏⲥ	1
ϭⲱⲓⲗⲉ	1
ϭⲱⲱⲃⲉ	1
ϯⲗⲩⲡⲏ	1
ϯⲙⲓⲛⲉ	1
ϯⲥⲓϣⲉ	1
ϯⲟⲉⲓⲕ	1
ϯⲡⲧⲱϣ	1
ϯⲥⲱⲧⲉ	1
ϯⲧⲁⲓⲟ	1
ϯⲭⲣⲓⲁ	1
ⲁⲧϣⲧⲟⲣⲧⲣ	1
ⲡⲁⲧϣⲉⲗⲉⲉⲧ	1
ⲑⲩⲥⲁⲥⲧⲏⲣⲓⲟⲛ	1
ⲡⲉⲣϣⲛⲉⲛ	1
ⲡⲉⲣϣⲡⲉⲕ	1
ⲡⲉⲣϩⲱⲧⲃ	1
ⲛⲣⲉⲙⲁⲧⲉ	1
ⲡⲉⲭⲟⲣⲁⲓⲟⲥ	1
ⲡⲁⲣⲁⲅⲅⲉⲓⲗⲉ	1
ⲗⲉⲗⲉⲕⲉⲑ	1
ⲧⲛⲁϣⲧⲙⲙⲉ	1
ⲗⲉⲙⲏⲏϣⲉ	1
ⲥⲙⲛⲧⲟⲟⲧ	1
ⲥⲩⲛⲁⲭⲁⲣⲉⲓⲙ	1
ⲧⲙⲛⲧⲁⲑⲏⲧ	1
ⲉⲧⲁⲩϫⲓⲏⲡⲉ	1
ⲧⲙⲛⲧⲣⲙⲙⲟ	1
ⲧϭⲁⲓⲉⲟⲩ	1
ⲇⲩⲛⲁⲧⲟⲥⲉⲩ	1
ϥⲉϭⲡⲁϩⲣ	1
ⲕⲟⲥⲩⲙⲃⲟⲥ	1
ⲡⲉⲙϩⲁⲁⲩⲉ	1
ⲕⲁⲣⲓⲁⲣⲃⲟⲕⲥⲉⲫⲉⲣ	1
ⲍⲉⲇⲉⲕⲓⲁⲥ	1
ⲧⲁⲙⲓⲉⲟⲉⲓⲕ	1
ⲛⲥⲁⲗⲡⲓⲝ	1
ⲥⲛⲇⲉⲗⲓⲁ	1
ⲡⲁⲇⲟⲕⲓⲁ	1
ⲡⲁⲇⲟⲕⲟⲥ	1
ⲡⲁⲉⲧⲏⲙⲁ	1
ⲛⲉⲧⲛϣⲁϫⲛⲉ	1
ⲣϩⲗⲟⲥⲧⲉⲛ	1
ⲟⲩⲛⲁⲍⲉⲓⲣⲁⲓⲟⲥ	1
ϩⲁⲁⲧ(ⲉ)	1
ⲃⲟⲉⲓⲑⲉⲓ	1
ⲛⲁⲃⲓⲉⲍⲉⲣ	1
ⲡⲁⲙⲁϩⲧⲉ	1
ⲡⲁⲓⲇⲁⲓⲥ	1
ⲧⲁϣⲉⲕⲧⲟ	1
ⲡⲁⲓⲱⲧⲏⲥ	1
ⲙⲉⲛⲓⲥⲕⲟⲥ	1
ⲡⲁⲣⲁⲇⲉⲓⲥⲟⲥ	1
ⲧⲁϩⲧⲱⲣⲉ	1
ⲡⲁⲛⲓⲙⲡⲉ	1
ⲡⲁⲣⲁⲗⲓⲁ	1
ⲡⲁⲣⲁⲣⲟⲕ	1
ⲡⲁⲣⲁⲥⲥⲉ	1
ⲡⲁⲣⲭⲱⲛⲛ	1
ⲙⲉⲛⲧⲛⲟⲩϫ	1
ⲙⲉⲛⲧⲟⲓⲅⲉ	1
ⲃⲟⲥⲟⲣⲣⲁ	1
ⲡⲁⲫⲣⲁⲛⲉ	1
ϭⲛⲗⲟⲓϭⲉ	1
ϩⲁⲙⲁⲗⲏⲕ	1
ⲕⲉϭⲓⲛⲧⲱⲟⲩⲛ	1
ϫⲟⲉⲓⲥⲥⲙⲁⲙⲟⲩⲟⲩ	1
ⲟⲩⲕⲗⲁⲧⲟⲥ	1
ⲛⲁⲅⲅⲁⲓⲟⲥ	1
ⲛⲁⲅⲅⲗⲉⲟⲥ	1
ⲛⲁⲅⲅⲣⲓⲟⲛ	1
ⲛⲧⲃⲛⲟⲟⲩ	1
ⲟⲩⲕⲟⲥⲙⲟⲥ	1
ϩⲓⲁⲕⲓⲛⲑⲓⲛⲟⲛ	1
ⲡⲉⲡⲣⲟⲫⲏϯⲏⲥ	1
ⲛⲉⲫⲓⲗⲁⲅⲙⲁ	1
ⲛⲉⲫⲓⲗⲟⲟⲩⲉ	1
ϥ……untranscribed	1
ⲡⲁⲛⲟⲑⲓⲧⲏⲥ	1
ⲃⲁⲓⲑⲁⲕⲁⲣⲣⲉⲓⲙ	1
ϩⲃⲏⲟⲟⲩⲉ	1
ϭⲓⲑⲁⲣⲓⲍⲉ	1
ⲇⲓⲕⲁⲓⲟⲥⲩⲛϩ	1
ⲕⲟⲩⲣⲏⲟⲩⲥ	1
ⲕⲟⲩⲣⲟⲩⲣⲁ	1
ⲛⲁⲭⲓⲁⲭⲁⲣⲟⲥ	1
ϩⲛⲁⲓⲕⲑⲁⲉⲛⲁ	1
ⲥⲉⲧⲙⲣⲓⲛⲟⲩ	1
ϩⲃⲥⲛⲁϩⲃ	1
ⲛⲩⲙⲫⲁⲅⲱⲅⲟⲥ	1
ⲣⲉⲕⲧⲡⲉⲧⲛ	1
ⲛⲉⲡⲓⲥⲧⲁⲧⲏⲥ	1
ⲡⲗⲉⲩⲓⲧⲏⲥ	1
ⲥⲟⲟⲩϩⲥⲉ	1
ⲫⲟϥⲗⲟⲕⲥ	1
ⲥⲟⲕⲭⲱⲑⲁ	1
ⲗⲏⲙⲏⲏϣⲉ	1
ⲛⲩⲙⲫⲓⲟⲥ	1
ⲥⲟⲩⲛϩⲱⲣ	1
ⲥⲟⲟⲩⲧⲉⲛ	1
ⲇⲓⲁⲕⲓⲟⲥⲩⲛⲏ	1
ϩⲟⲩⲉⲣⲟⲟⲩ	1
ⲙⲁⲣⲟⲛⲟⲙⲓⲁ	1
ⲟⲩⲥⲁϩⲙⲉⲥ	1
ⲟⲩⲙⲧⲥⲱϣⲉ	1
{ⲛⲙⲧⲟⲛ	1
ⲙⲛⲧⲡⲟⲓⲕⲓⲗⲧⲏⲥ	1
ⲉⲧⲉⲣⲉⲍⲉⲕⲓⲁⲥ	1
ⲛⲁⲉⲣⲕⲟⲩⲱ	1
ⲛⲧⲟⲩⲟⲉⲓⲏ	1
ϩⲟϫϩⲉϫⲛⲁⲓ	1
ⲕⲩⲣⲓⲥⲥⲟⲥ	1
ⲁⲃⲁⲱⲛⲓⲧⲏⲥ	1
ⲧⲛⲛⲟⲟⲩⲥⲟⲩ	1
ⲑⲏⲣⲓⲟ(ⲛ)	1
ⲧⲙⲛⲧϫⲱⲱⲣⲉ	1
ⲥⲣⲁⲛⲏⲧⲛ	1
ⲗⲓⲃⲁⲛⲟⲛ	1
ⲟⲩⲉϣⲁⲛⲟⲙⲓⲁ	1
ⲗⲓⲃⲩⲕⲟⲥ	1
ⲙⲉⲣⲅⲁⲥⲓⲥ	1
ϫⲟⲉⲓⲥⲉⲧⲙⲕⲁⲁ	1
ⲛⲁⲙⲓⲥⲁⲇⲁⲓ	1
ⲕⲟⲩⲁϩⲥⲁϩⲛⲉ	1
ⲥⲁⲃⲃⲁⲧⲱⲛ	1
ⲡⲉⲑⲩⲣⲟⲛ	1
ⲡⲉⲓⲍⲟⲩⲣ	1
ⲡⲉⲓⲑⲩⲙⲓ	1
ⲡⲉⲓⲟⲉⲓⲧ	1
ⲡⲉⲕⲁⲗⲉⲓ	1
ⲡⲉⲕⲗⲏⲥⲓⲁⲥⲧⲏⲥ	1
ⲕϭⲟϫⲟⲩ	1
ⲙⲁⲁⲥⲥⲁⲓⲁⲥ	1
ⲗⲓⲕⲁⲓⲟⲥ	1
ⲡⲉⲗⲁⲃⲱⲥ	1
ⲡⲉⲗⲉⲕⲁⲛ	1
ⲧⲉϩⲓⲱⲙⲉ	1
ⲗⲓⲙⲉⲗⲉⲭ	1
ⲡⲉⲛⲉⲓⲱⲧ	1
ϩⲉⲃⲱⲱⲛⲉ	1
ⲡⲉⲛⲥⲛⲟϥ	1
ϩⲉⲅⲉⲙⲱⲛ	1
ⲧⲉϭⲃⲗϫⲉ	1
ⲥⲣⲟⲃⲣⲉϥ	1
ⲧⲉϭⲧⲱⲗⲙ	1
ⲥⲣⲟⲙⲣⲉⲙ	1
ⲡⲉⲟⲩⲉⲓϣ	1
ϭⲙⲡⲟⲩⲟⲉⲓϣ	1
ⲉⲃⲟⲩⲥⲑⲉ	1
ⲡⲉⲣⲓⲱⲭⲏ	1
ⲡⲉⲣⲧⲁⲩⲉ	1
ⲡⲉⲥⲓⲉⲱⲧ	1
ⲡⲉⲥⲙⲟⲧ…	1
ⲡⲉⲧⲟⲩⲃⲏ	1
ⲉϣⲁⲙⲁϩⲧⲉ	1
ϩⲉⲑⲛⲟⲥ·	1
ⲇⲁⲃⲇⲁⲃⲁⲣⲅⲓⲥ	1
ⲙⲛⲧⲉⲡⲓⲥⲕⲟⲡⲟⲥ	1
ⲉⲉⲓⲉⲟⲩⲱⲛⲉϩ	1
ϩⲉⲛⲟⲩϥⲉ	1
ϥⲓϩⲣⲏϣⲉ	1
ϩⲉⲛⲟⲩⲛⲉ	1
ⲡⲉⲣϩⲟⲟⲕⲥ	1
ϩⲉⲣⲁⲙⲙⲉ	1
ϩⲉⲣⲙⲱⲑⲓ	1
ⲡⲉⲣϫⲟⲟⲩⲥ	1
ⲩⲉϫⲟⲟⲗⲉϥ	1
ⲥⲥⲏⲣⲓⲟⲥ	1
ⲫⲁⲗⲗⲟⲩⲥ	1
ⲏⲧⲛⲉϩⲟⲩⲉ	1
ⲫⲁⲗⲧⲓⲏⲗ	1
ⲉⲅⲕⲁⲗⲉⲓ	1
ⲅⲁⲃⲉⲥⲉⲏⲗ	1
ⲫⲁⲣⲁⲑⲱⲙ	1
ⲑⲁⲗⲁⲥⲥⲥⲁ	1
ⲙⲉⲥⲥⲁⲓⲟⲥ	1
ⲃⲉⲣⲥⲁⲃⲉⲉϫⲓⲛ	1
ϥⲁⲓⲟⲩⲧⲁϩ	1
ⲃⲉⲛⲓⲁⲙⲓⲙ	1
ⲗⲕⲱⲑⲁⲓⲙ	1
ⲧⲟⲩⲛⲟⲟⲩⲥⲉⲛ	1
ⲛⲉⲥⲧⲣⲉⲟⲩⲑⲟⲥ	1
ⲣⲉϥⲥⲙⲛⲛⲟⲙⲟⲥ	1
ⲙⲁⲁⲩⲙⲉⲣⲓⲧ	1
ⲙⲉⲧⲛⲁⲛⲟⲩϥ	1
ⲁⲛϩⲁⲗⲓⲥⲕⲉ	1
ⲥⲧⲏⲗⲗⲟⲥ	1
ⲇⲉⲑⲗⲁⲑⲁⲓⲙ	1
ⲉϥⲉϩⲣⲁⲛⲧⲓⲍⲉ	1
ⲙⲏⲧϣⲙⲏⲛⲉ	1
ⲡⲁⲣⲣⲏⲍⲓⲁⲍⲉ	1
ⲧⲉⲥⲙⲛⲧϫⲁⲥⲓⲃⲁⲗ	1
ⲥⲧⲟⲑⲁⲉⲓ	1
ⲧⲟⲩϫⲏⲟⲩⲧ	1
ϩⲩⲥⲥⲱⲡⲟⲛ	1
ϩⲩⲥⲥⲱⲡⲱⲛ	1
ⲥⲧⲟⲩⲛⲟⲥ	1
ⲛⲁⲛⲁϩⲙⲉϥ	1
ⲥⲧⲣⲁⲧⲓⲁ	1
ⲙⲉⲧⲣⲏⲧⲏⲥ	1
ⲛⲁⲛⲉϭⲛⲉϭ	1
ⲙⲛⲧⲣⲉϥϣⲙϣⲉⲛⲟⲩⲧⲉ	1
ⲧⲁⲣⲧⲁⲣⲟⲥ	1
ϭⲓⲛⲇⲩⲛⲟⲥ	1
ϣⲧⲏⲣⲧⲱⲣⲧ	1
ⲛⲁⲑⲁⲛⲁⲏⲗ	1
ⲟⲩⲗⲅⲓⲥⲙⲟⲥ	1
ⲙⲉϩϫⲟⲩⲧ	1
ⲁⲛϣⲧⲏⲩ	1
ⲙⲛⲧϫⲓⲛϭⲟⲛⲥ	1
ⲧⲁⲥⲁⲣⲁⲑⲁ	1
ⲁⲧϩⲙⲟⲧ	1
ⲁⲧϯⲟⲩⲱ	1
ϭⲓⲛⲧⲱⲟⲩⲛ	1
ⲥⲩⲙⲏⲏϣⲉ	1
ϩⲏⲅⲏⲙⲱⲛ	1
ⲛϫⲓⲟⲩⲉ	1
ⲛϯⲏⲩⲧⲛ	1
ⲑⲁⲛⲁⲉⲙⲉⲑ	1
ϫⲡⲉⲓⲉⲫⲑⲁⲉ	1
ⲗⲉϫⲛⲁⲡⲏⲩⲉ	1
ⲡⲉⲡⲣⲟⲥⲩⲗⲏⲧⲟⲥ	1
ⲃⲉⲗⲥⲉⲡⲫⲱⲛ	1
ⲥⲙⲏⲣⲓⲧⲏⲥ	1
ⲛⲉⲗⲉⲕⲧⲣⲓⲛⲟⲛ	1
ⲉⲧⲉⲧⲛⲉⲧⲉϭⲧⲏⲩⲧⲛ	1
ⲃⲱⲛϩⲣⲙⲁⲛ	1
ⲣⲉϥⲉⲣⲉⲓⲟⲡⲉ	1
ⲡⲉⲅⲗⲩⲙⲙⲁ	1
ⲧⲁⲥⲱⲛⲉⲧⲉ	1
ⲛϩⲏⲅⲉⲙⲟⲛⲓⲕⲟⲛ	1
ⲕⲉⲑⲉⲟⲥⲁⲩⲱ	1
ϩⲏⲧⲥⲁϩⲱ	1
ⲡⲑⲁⲗⲉⲓⲙ	1
ⲕⲁⲙⲏⲗⲟⲡⲁⲣⲇⲁⲗⲓⲥ	1
ⲛⲁⲓⲛⲧⲉⲧⲛ	1
ⲓⲁⲕⲱⲃⲧⲉ	1
ⲙⲁϫⲛⲟⲩⲓ	1
ⲙⲁⲛϫⲱⲙⲛⲧ	1
ⲧⲁϣⲉϩⲓⲟⲩⲉ	1
ⲓⲁⲥⲥⲟⲩⲃ	1
ⲟⲩⲥⲓⲕⲉⲣⲁ	1
ⲇⲁⲥⲩⲡⲟⲩⲥ	1
ⲥⲟⲩϫⲟⲩⲧⲁϥⲧⲉ	1
ⲡⲉⲇⲣⲁⲕⲟⲛ	1
ⲡⲉⲇⲣⲏⲙⲟⲥ	1
ⲉⲛⲧⲛⲉⲙⲏⲧⲛ	1
ⲡⲓⲉⲣⲕⲁⲃ	1
ⲥⲟⲩϫⲟⲩⲧⲥⲁϣϥ	1
ⲉⲍⲉⲕⲓⲏⲗ	1
ⲣⲙⲁⲓϫⲁϫⲉ	1
ⲧⲁⲩⲉⲟⲉⲓⲕ	1
ⲃⲉⲉⲗⲫⲉⲅⲟⲣ	1
ⲫⲉⲓⲛⲉⲉⲥ	1
ⲟⲩⲗⲉⲩⲓⲧⲏⲥ	1
ⲫⲉⲗⲗⲁⲕⲏ	1
ⲁϩⲣⲟⲩⲃⲏ	1
ⲃⲱⲕⲉⲡⲟⲩ	1
ⲛⲁⲕⲣⲁⲃⲓⲛ	1
ⲃⲱⲛⲕⲛⲧⲉ	1
ϩⲓⲉⲥⲛⲟϥ	1
ⲃⲉⲣⲇⲉⲗⲗⲓ	1
ϩⲩⲡⲏⲣⲉⲥⲓⲁ	1
ⲡⲓⲥⲣⲁⲉⲗ	1
ⲧⲁⲩⲥⲓⲧⲏⲥ	1
ϫⲁϫⲉⲕⲱⲣϣ	1
ϫⲁϫⲉⲣⲁϣⲉ	1
ϫⲁϫⲉⲣⲓⲙⲉ	1
ϩⲓⲗⲁⲧⲃⲥ	1
ⲡⲉⲉⲓⲕⲉⲩⲁ	1
ⲇⲓϣⲕⲁⲕ	1
ϩⲓⲡⲡⲏⲩⲥ	1
ϩⲓⲧⲟⲟⲧⲙ	1
ϩⲓⲧⲟⲩⲱⲧ	1
ϩⲓⲧⲱⲟⲩϥ	1
ⲃⲉⲣⲥⲏⲃⲉⲉ	1
ⲛⲁⲙⲟⲣⲁⲓⲟⲥ	1
ⲁⲥⲡⲁⲗⲁⲑⲟⲥ	1
ⲡⲉⲓⲣⲁⲛⲟⲙⲓⲁ	1
ⲡϣⲁϫⲛⲉ	1
ⲛⲉϩⲓⲟⲙⲉⲉⲥⲉ	1
ⲛⲁⲗⲗⲟⲫⲩⲗ	1
ⲡϣⲁⲁϫⲉ	1
ⲧⲉⲣⲉⲙⲓⲛⲑⲟⲥ	1
ⲡϩⲁⲧⲏⲣ	1
ⲡϩⲟⲣⲟⲥ	1
ⲡϫⲟⲉⲓⲥ	1
ⲣⲁⲃⲓⲙⲉⲗⲉⲭ	1
ⲙⲉⲩⲉϫⲟⲟⲗⲥ	1
ⲗⲉⲓⲥⲁⲫⲁⲛ	1
ⲗⲉⲗϣⲱⲟⲩⲉⲓ	1
ⲛⲁⲙⲙⲁⲛⲓⲧⲏⲥ	1
ⲙⲛⲧⲛⲁϣⲧϩⲏⲧ	1
ⲁϣⲁϫⲉ	1
ⲁϩⲃⲉϥ	1
ⲁϩⲙⲉⲥ	1
ⲁϩⲟⲩⲟ	1
ⲁϫⲟⲟⲩ	1
ⲁϭⲃⲉⲥ	1
ⲛⲉⲫⲣⲁⲑⲁⲓⲟⲥ	1
ⲡⲗⲁⲧⲉⲓⲁ	1
ⲉϭⲟϣⲉ	1
ⲉϣⲟⲙⲕ	1
ⲉϥⲉⲛⲧ	1
ⲥⲱⲃⲓⲙⲁⲑ	1
ⲉϫⲏⲟⲩ	1
ⲣⲙϩⲣⲁⲫⲁⲉⲓⲛ	1
ⲣϣⲁ(ⲛ)	1
ⲙⲛⲧⲁⲧϣⲁϥⲧ	1
ϩⲁⲙⲁⲛⲓⲧⲏⲥ	1
ⲙⲛⲧⲁⲧϩⲟⲧⲉ	1
several	1
ⲉⲣϣⲟⲣⲡ	1
ⲉⲣϩⲏⲃⲉ	1
ⲕϫⲟⲟⲣ	1
ⲕϭⲟⲣϭ	1
ⲕϯⲛⲁⲩ	1
ⲡⲭⲓⲗⲟⲅⲣⲁⲫⲟⲛ	1
ⲣϣϩⲓϭ	1
ⲣϫϩⲓⲙ	1
ⲛϣⲱⲡⲉ	1
ⲛϩⲏⲏⲧ	1
ⲛϩⲟⲩⲧ	1
ⲛϭⲣⲱϭ	1
ⲣϣⲁⲓⲣⲉ	1
ⲣϣⲟⲩϣⲟ	1
ⲁⲣⲭⲓⲧⲉⲕⲧⲱⲛ	1
ⲟϣⲙⲉϥ	1
ⲟϣⲧⲟⲩ	1
ⲡϣⲓⲛⲉ	1
ⲡϩⲉⲣⲉ	1
ⲡϩⲏⲃⲉ	1
ⲡϩⲟⲧⲥ	1
ⲡϩⲱⲣⲁ	1
ⲣϩⲟⲉⲓⲙ	1
ⲣϩⲟⲟⲗⲉ	1
ⲣϩⲙϩⲁ	1
ⲣϩⲣⲉⲣⲉ	1
ⲣϩⲟⲟⲩ	1
ⲣϩⲟⲩⲉ	1
ⲣϫⲣⲟⲡ	1
ⲣϭⲣⲟϩ	1
ⲣϫⲟⲟⲗⲥ	1
ⲥϩⲁⲓⲥ	1
ⲥϫⲟⲛⲧ	1
ⲥϭⲟⲣϭ	1
ⲥϭⲩⲁⲛ	1
ⲥϯⲭⲟⲥ	1
ⲡⲣⲉϥϥⲟϭ	1
ϩⲃⲏⲩⲉⲁϣⲁⲓ	1
ⲥⲱⲧⲏⲣⲓⲁ	1
ⲥⲱⲧⲙⲛⲥⲁ	1
ⲕⲥⲙⲛⲥⲛⲧⲉ	1
ⲇⲓⲁⲛⲁⲕⲣⲓⲛⲉ	1
ϩⲗⲟⲥⲧⲉⲛ	1
ⲛⲓⲉⲣⲟⲃⲟⲁⲗ	1
ⲣⲉϥϩⲱϥⲧ	1
ⲣⲉϥϫⲛϫⲛ	1
ⲣⲉϥϭⲗϣⲟ	1
ⲣⲉϥϣⲱⲱⲧ	1
ⲣⲉϥϩⲓⲗⲁ	1
ⲣⲉϥϩⲱⲧⲃ	1
ⲣⲉϥϭⲱⲣϭ	1
ⲣⲉϥϯⲧⲱⲛ	1
ⲁⲇⲓϩⲁⲙ	1
ⲑⲁⲣⲙⲉⲛⲓⲁ	1
ⲛⲁⲙⲙⲟⲣⲣⲁⲓⲟⲥ	1
ⲁⲃⲓⲇⲁⲛ	1
ⲁⲃⲓⲑⲁⲙ	1
ⲁⲃⲓⲥⲥⲁ	1
ⲁⲃⲣⲁⲁⲙ	1
ⲉⲓⲁⲣⲉⲓⲙ	1
ⲓⲉⲃⲗⲁⲁⲙ	1
ⲓⲉⲃⲟⲥⲑⲉ	1
ⲙⲁⲣⲅⲁⲛⲁⲥⲁⲣ	1
ⲁⲅⲕⲣⲓⲥ	1
ⲁⲇⲁⲣⲱⲑ	1
ⲁⲇⲓⲕⲟⲛ	1
ⲁⲉⲧⲇⲱⲙ	1
ⲁⲉⲧⲇⲱⲣ	1
ⲁⲍⲱⲧⲟⲥ	1
ⲁⲛⲁϩⲱⲣ	1
ⲙⲉϩⲧϭⲓϫ	1
ⲓⲉⲑⲁⲙⲁⲣ	1
ⲛⲉⲓⲣⲏⲛⲓⲕⲉ	1
ⲁⲓⲇⲏⲙⲁ	1
ⲁⲓⲗⲉⲓⲙ	1
ⲁⲓⲟⲩⲱϩ	1
ⲁⲓⲥⲙⲛⲧ	1
ⲙⲉϥⲙⲟⲕϩ	1
ⲁⲗⲏⲑⲱⲥ	1
ⲁⲙⲃⲣⲁⲙ	1
ⲁⲙⲉⲗⲉⲓ	1
ⲁⲙⲉⲗⲓⲁ	1
ⲓⲉⲙⲉⲛⲉⲓ	1
ⲁⲛⲁⲅⲕⲉ	1
ⲁⲛⲁⲑⲱⲑ	1
ⲁⲛⲁⲑⲱⲙ	1
ⲁⲛⲁⲟⲩϣ	1
ⲙⲉϩⲙⲁⲁⲃ	1
ⲁⲛⲅⲓⲟⲛ	1
ⲙⲉϩⲙⲛⲧⲁ	1
ⲉⲓⲙⲉⲣⲓⲧ	1
ⲙⲉϩⲣⲙⲡⲉ	1
ⲁⲛⲑⲙⲓⲁ	1
ⲙⲉϩⲧⲟⲟⲧ	1
ϣⲁⲛⲟⲩϩⲗⲟⲩⲱ	1
ⲁⲛⲧⲁⲓⲟ	1
ⲁⲛⲧⲉⲑⲉ	1
ⲁⲛⲧⲏⲗⲙ	1
ϩⲙⲉⲧⲁⲥⲉ	1
ⲡⲛⲁⲛⲁⲙⲛⲱⲛ	1
ⲁⲣⲁⲫⲱⲑ	1
ⲁⲣⲓⲥⲕⲉ	1
ⲁⲣⲓⲥⲧⲁ	1
ⲃⲁⲓⲑⲁⲓⲅⲉⲛⲉⲑ	1
ⲁⲥⲏⲣⲱⲑ	1
ⲓⲉⲥⲁⲭⲁⲣ	1
ⲁⲥⲥⲏⲫⲁ	1
ⲁⲥⲧⲓⲟⲥ	1
ⲁⲧⲉⲓⲙⲉ	1
ⲁⲧⲣⲉϥⲣ	1
ⲁⲧⲧⲁⲕⲟ	1
ⲉⲓⲥⲭⲓⲟⲛ	1
ⲁⲩⲙⲉⲣⲉ	1
ⲉⲓⲧⲥⲁⲃⲟ	1
ⲭⲓⲙⲁⲣⲣⲟⲛ	1
ⲓⲉⲫⲣⲁⲓⲙ	1
ⲁⲭⲓⲣⲁⲓ	1
ⲥⲩⲙⲡⲟⲇⲓⲟⲛ	1
ⲥⲱⲟⲩⲉⲧⲣⲉ	1
ⲥⲩⲙⲡⲟⲥⲓⲟⲛ	1
ϩⲙⲡⲉⲓⲙⲁ	1
ⲧⲁⲗϭⲉⲏⲛ	1
ⲃⲁⲁⲛⲛⲁ	1
ⲃⲁⲏⲑⲏⲗ	1
ⲃⲁⲓⲑⲁⲅ	1
ⲃⲁⲓⲑⲁⲙ	1
ⲃⲁⲓⲑⲟⲕ	1
ⲃⲁⲓⲑⲱⲛ	1
ⲃⲁⲕⲱⲛⲉ	1
ⲃⲁⲗⲁⲁⲛ	1
ⲃⲁⲗⲗⲁⲙ	1
ⲃⲁⲗⲙⲁⲑ	1
ⲃⲁⲛⲉⲁⲥ	1
ⲃⲁⲣⲁⲕⲓ	1
ⲃⲁⲣⲏⲥⲁ	1
ⲁⲫⲉⲣⲁⲓⲙⲁ	1
ⲃⲇⲉⲗⲗⲏ	1
ⲃⲉⲑⲥⲁⲙ	1
ⲃⲉⲗⲓⲥⲁ	1
ⲃⲉⲗⲗⲁⲕ	1
ⲃⲉⲗⲗⲉⲩ	1
ⲕⲓⲛⲁⲙⲱⲙⲟⲛ	1
ⲃⲉⲧⲥⲁⲙ	1
ⲃⲏⲑⲉⲉⲧ	1
ⲃⲏⲑⲥⲁⲛ	1
ⲛⲣⲙⲛⲕⲏⲙⲉ	1
ⲃⲓⲉⲍⲉⲣ	1
ⲃⲕⲉⲛⲉⲕ	1
ⲟⲩⲁϩⲕϩⲁⲧⲉ	1
ⲣⲁϥⲧⲟⲟⲩ	1
ⲣⲁϥⲧⲱⲟⲩ	1
ⲃⲗⲁⲡⲧⲉ	1
ⲧⲟⲓⲕⲟⲩⲛⲏ	1
ⲁⲓⲙⲁⲗⲱⲥⲓⲁ	1
ⲧϩⲗⲟⲟⲩ	1
ⲧϭⲁⲓⲏⲩ	1
ⲃⲟⲏⲧⲟⲥ	1
ϩⲛⲉⲥⲟⲟⲩ	1
ⲃⲟⲩⲗⲱⲛ	1
ⲛⲉⲕⲟⲗⲗⲩⲣⲓⲟⲛ	1
ⲙⲁⲁⲥⲁⲓⲁⲥ	1
ϭⲓⲛⲁⲙⲱⲙⲟⲛ	1
ⲡⲁⲓⲇⲉⲥⲣϩⲁⲉⲓⲃⲉⲥ	1
ⲙⲙⲟⲛⲟⲕⲉⲣⲟⲥ	1
ⲥⲕⲁⲣⲁⲕⲓⲣ	1
ⲙⲁⲁⲭⲁⲁⲭⲓ	1
ⲅⲣⲁⲙⲁⲧⲉⲩⲥ	1
ⲡⲉⲑⲓⲧⲟⲩⲱ	1
